timestamp,timestamp_sample,ref_timestamp,ref_lat,ref_lon,x,y,z,delta_xy[0],delta_xy[1],delta_z,vx,vy,vz,z_deriv,delta_vxy[0],delta_vxy[1],delta_vz,ax,ay,az,heading,delta_heading,ref_alt,dist_bottom,eph,epv,evh,evv,vxy_max,vz_max,hagl_min,hagl_max,xy_valid,z_valid,v_xy_valid,v_z_valid,xy_reset_counter,z_reset_counter,vxy_reset_counter,vz_reset_counter,heading_reset_counter,heading_good_for_control,xy_global,z_global,dist_bottom_valid,dist_bottom_sensor_bitfield
21726768000,21726768000,1024000,41.606704,-86.3556021,-0.66700107,-1.1546524,0.13196944,0.0005785315,2.966292e-05,0.0,-0.0047453665,-0.0045506507,-0.0016279876,-0.001997518,-0.00041276135,-0.002250896,0.0029786904,-0.048478976,0.042204447,0.047996577,-1.0708497,0.06480621,229.40324,0.10024227,0.049091645,0.055374775,0.012848752,0.009192893,inf,inf,inf,inf,1,1,1,1,2,0,2,1,47,0,1,1,1,0
21727272000,21727272000,1024000,41.606704,-86.3556021,-0.6659694,-1.1549037,0.13197683,0.0005785315,2.966292e-05,0.0,-0.003250546,-0.0014909925,-0.0021229174,-0.0020213265,-0.00041276135,-0.002250896,0.0029786904,-0.017075215,0.044985875,-0.07224089,-1.0707268,0.06480621,229.40324,0.10027219,0.04906286,0.0553398,0.01893911,0.013704621,inf,inf,inf,inf,1,1,1,1,2,0,2,1,47,0,1,1,1,0
21727776000,21727776000,1024000,41.606704,-86.3556021,-0.66564494,-1.1549358,0.13246566,0.0005785315,2.966292e-05,0.0,-0.003006259,-0.0028034025,-0.00044447015,-5.530192e-05,-0.00041276135,-0.002250896,0.0029786904,-0.024252262,-0.033299305,0.016095052,-1.0706116,0.06480621,229.40324,0.10003814,0.04905024,0.055291135,0.009917709,0.007064397,inf,inf,inf,inf,1,1,1,1,2,0,2,1,47,0,1,1,1,0
21728272000,21728272000,1024000,41.606704,-86.3556021,-0.66523737,-1.1540663,0.13267413,0.0005785315,2.966292e-05,0.0,-0.0021090487,-0.0017490047,-0.00041572875,-0.00017710857,-0.00041276135,-0.002250896,0.0029786904,-0.06097466,-0.061987955,0.014536951,-1.07062,0.06480621,229.40324,0.1,0.04900639,0.055249233,0.016396405,0.011805774,inf,inf,inf,inf,1,1,1,1,2,0,2,1,47,0,1,1,1,0
21728768000,21728768000,1024000,41.606704,-86.3556021,-0.66581094,-1.1546981,0.13279088,0.0005785315,2.966292e-05,0.0,-0.0057406356,-0.00426091,-0.00050288904,-0.0003039713,-0.00041276135,-0.002250896,0.0029786904,-0.014929349,-0.08950483,0.017956765,-1.070633,0.06480621,229.40324,0.100012705,0.0489816,0.055202037,0.0014142136,0.001,inf,inf,inf,inf,1,1,1,1,2,0,2,1,47,0,1,1,1,0
21729272000,21729272000,1024000,41.606704,-86.3556021,-0.66555613,-1.1546082,0.13392074,0.0005785315,2.966292e-05,0.0,-0.00060855364,-0.0031411527,0.0024065685,0.0023339489,-0.00041276135,-0.002250896,0.0029786904,0.015465176,-0.042898547,0.032180857,-1.0708547,0.06480621,229.40324,0.1,0.04895897,0.05516331,0.0134941805,0.009664714,inf,inf,inf,inf,1,1,1,1,2,0,2,1,47,0,1,1,1,0
21729776000,21729776000,1024000,41.606704,-86.3556021,-0.66537017,-1.1547818,0.13323666,0.0005785315,2.966292e-05,0.0,-0.0006770159,-0.005468486,-0.0016593258,-0.0021801433,-0.00041276135,-0.002250896,0.0029786904,0.048251722,-0.037815943,0.032919396,-1.070992,0.06480621,229.40324,0.1,0.04896416,0.05513779,0.01942936,0.014068207,inf,inf,inf,inf,1,1,1,1,2,0,2,1,47,0,1,1,1,0
21730272000,21730272000,1024000,41.606704,-86.3556021,-0.66454065,-1.1550038,0.13193037,0.0005785315,2.966292e-05,0.0,0.0022569087,-0.002640384,-0.0009202129,-0.0005646927,-0.00041276135,-0.002250896,0.0029786904,0.007618532,-0.008355849,0.012584899,-1.0710211,0.06480621,229.40324,0.10087733,0.048917573,0.055080615,0.009918237,0.007064394,inf,inf,inf,inf,1,1,1,1,2,0,2,1,47,0,1,1,1,0
21730776000,21730776000,1024000,41.606704,-86.3556021,-0.6640418,-1.152893,0.13238817,0.0005785315,2.966292e-05,0.0,0.0031959394,0.00035287233,0.0009019945,0.0012551465,-0.00041276135,-0.002250896,0.0029786904,-0.01561599,-0.12638168,0.08777149,-1.070619,0.06480621,229.40324,0.10015553,0.04890653,0.055047624,0.016935525,0.012203076,inf,inf,inf,inf,1,1,1,1,2,0,2,1,47,0,1,1,1,0
21731272000,21731272000,1024000,41.606704,-86.3556021,-0.6638314,-1.1537834,0.1334335,0.0005785315,2.966292e-05,0.0,0.0055719777,-0.0019194233,0.0018574168,0.0021035864,-0.00041276135,-0.002250896,0.0029786904,0.07313099,-0.075763546,-0.19695708,-1.0706191,0.06480621,229.40324,0.1,0.048850264,0.05499987,0.004213543,0.0029834528,inf,inf,inf,inf,1,1,1,1,2,0,2,1,47,0,1,1,1,0
21731776000,21731776000,1024000,41.606704,-86.3556021,-0.6645456,-1.1541129,0.13314028,0.0005785315,2.966292e-05,0.0,0.00079580053,0.0005545415,-0.0026176986,-0.0028539798,-0.00041276135,-0.002250896,0.0029786904,0.07355677,-0.052618403,-0.0053346786,-1.0709393,0.06480621,229.40324,0.1,0.04885858,0.05495564,0.014113564,0.01011983,inf,inf,inf,inf,1,1,1,1,2,0,2,1,47,0,1,1,1,0
21732272000,21732272000,1024000,41.606704,-86.3556021,-0.66547555,-1.1520782,0.13374378,0.0005785315,2.966292e-05,0.0,0.00064120174,0.0054551275,0.0076148077,0.0074689887,-0.00041276135,-0.002250896,0.0029786904,-0.13917287,0.014804441,0.1835664,-1.0712991,0.06480621,229.40324,0.1,0.048833847,0.054930225,0.019416653,0.014064716,inf,inf,inf,inf,1,1,1,1,2,0,2,1,47,0,1,1,1,0
21732776000,21732776000,1024000,41.606704,-86.3556021,-0.66678745,-1.1516162,0.13544483,0.0005785315,2.966292e-05,0.0,-0.004132562,0.0057755504,0.00790831,0.006001687,-0.00041276135,-0.002250896,0.0029786904,-0.096168324,0.009792041,-0.07842208,-1.0705765,0.06480621,229.40324,0.1,0.04878815,0.054873955,0.010717115,0.0076424223,inf,inf,inf,inf,1,1,1,1,2,0,2,1,47,0,1,1,1,0
21733272000,21733272000,1024000,41.606704,-86.3556021,-0.66625065,-1.151761,0.13554016,0.0005785315,2.966292e-05,0.0,0.00055202347,0.004560157,0.006984469,0.004444026,-0.00041276135,-0.002250896,0.0029786904,0.042852446,-0.04994962,-0.117023535,-1.070139,0.06480621,229.40324,0.1,0.049039435,0.05496875,0.028154591,0.020744603,inf,inf,inf,inf,1,1,1,1,2,0,2,1,47,0,1,1,1,0
21733776000,21733776000,1024000,41.606704,-86.3556021,-0.6661258,-1.1490813,0.14000839,0.0005785315,2.966292e-05,0.0,0.0005766996,0.010285491,0.016078033,0.014589246,-0.00041276135,-0.002250896,0.0029786904,0.025116172,0.06383041,-0.028071055,-1.0690444,0.06480621,229.40324,0.1,0.053696908,0.057380546,0.049131893,0.037204,inf,inf,inf,inf,1,1,1,1,2,0,2,1,47,0,1,1,1,0
21734272000,21734272000,1024000,41.606704,-86.3556021,-0.67317355,-1.1420118,0.1002792,0.0005785315,2.966292e-05,0.0,-0.031868726,0.018835062,-0.4061264,-0.4069294,-0.00041276135,-0.002250896,0.0029786904,-0.045336578,0.02407793,-2.1496377,-1.0707496,0.06480621,229.40324,0.14330848,0.06851266,0.066119924,0.06842613,0.051709983,inf,inf,inf,inf,1,1,1,1,2,0,2,1,47,0,1,1,1,0
21734776000,21734776000,1024000,41.606704,-86.3556021,-0.68910336,-1.1355879,-0.36195654,0.0005785315,2.966292e-05,0.0,-0.019750632,0.0034402986,-1.422589,-1.4218316,-0.00041276135,-0.002250896,0.0029786904,0.06010779,0.0038850773,-2.1487901,-1.0705379,0.06480621,229.40324,0.6055442,0.09552634,0.0839096,0.08913441,0.06529936,inf,inf,inf,inf,1,1,1,1,2,0,2,1,47,0,1,1,1,0
21735272000,21735272000,1024000,41.606704,-86.3556021,-0.6929489,-1.139106,-1.0729693,0.0005785315,2.966292e-05,0.0,-0.002088003,-0.01281883,-1.1884351,-1.1870697,-0.00041276135,-0.002250896,0.0029786904,-0.03983627,-0.035303287,-0.10742719,-1.0700958,0.06480621,229.40324,1.3165569,0.12776278,0.108466014,0.101453826,0.076511905,inf,inf,inf,inf,1,1,1,1,2,0,2,1,47,0,1,1,1,0
21735776000,21735776000,1024000,41.606704,-86.3556021,-0.689597,-1.1471772,-1.5417964,0.0005785315,2.966292e-05,0.0,0.002156124,-0.011193741,-0.7031549,-0.7057892,-0.00041276135,-0.002250896,0.0029786904,0.036897052,0.07772558,0.7843337,-1.0112103,0.07585145,229.40324,1.7853842,0.17000481,0.1413191,0.110396,0.08867799,inf,inf,inf,inf,1,1,1,1,2,0,2,1,48,0,1,1,1,0
21736272000,21736272000,1024000,41.606704,-86.3556021,-0.6828286,-1.1558945,-1.8276542,0.0005785315,2.966292e-05,0.0,-0.000106157415,-0.007883713,-0.42396787,-0.43473166,-0.00041276135,-0.002250896,0.0029786904,-0.03170071,-0.04970539,0.47837096,-1.0278376,0.07585145,229.40324,2.0712419,0.19826755,0.17268845,0.114637636,0.095708296,inf,inf,inf,inf,1,1,1,1,2,0,2,1,48,0,1,1,1,0
21736776000,21736776000,1024000,41.606704,-86.3556021,-0.67393786,-1.1581359,-2.0065472,0.0005785315,2.966292e-05,0.0,-0.002809888,-0.0012358509,-0.2593488,-0.2744246,-0.00041276135,-0.002250896,0.0029786904,-0.00799668,0.06190415,0.24647538,-1.0369937,0.07585145,229.40324,2.250135,0.2299586,0.20761953,0.13069041,0.102998756,inf,inf,inf,inf,1,1,1,1,2,0,2,1,48,1,1,1,1,0
21737272000,21737272000,1024000,41.606704,-86.3556021,-0.6733952,-1.1582676,-2.1189377,0.0005785315,2.966292e-05,0.0,-0.014564828,-0.0003168188,-0.15944938,-0.17695467,-0.00041276135,-0.002250896,0.0029786904,-0.006552891,0.009159701,0.15441974,-1.0419531,0.07585145,229.40324,2.3625255,0.25758445,0.24091521,0.14458968,0.10819141,inf,inf,inf,inf,1,1,1,1,2,0,2,1,48,1,1,1,1,0
21737768000,21737768000,1024000,41.606704,-86.3556021,-0.67128605,-1.1590534,-2.1223238,0.0005785315,2.966292e-05,0.0,-0.010869824,-0.002755549,0.0895156,0.073885016,-0.00041276135,-0.002250896,0.0029786904,0.040907074,0.01815962,-0.27491063,-1.046102,0.07585145,229.40324,2.3659115,0.28293014,0.27156985,0.15519373,0.111810945,inf,inf,inf,inf,1,1,1,1,2,0,2,1,48,1,1,1,1,0
21738272000,21738272000,1024000,41.606704,-86.3556021,-0.67147636,-1.1426271,-2.1303587,0.0005785315,2.966292e-05,0.0,-0.014607297,0.08355662,-0.14111964,-0.15558107,-0.00041276135,-0.002250896,0.0029786904,0.09030079,0.3938998,-0.3251499,-1.0517863,0.07585145,229.40324,2.3739464,0.30563173,0.30065593,0.16287749,0.1145066,inf,inf,inf,inf,1,1,1,1,2,0,2,1,48,1,1,1,0,0
21738768000,21738768000,1024000,41.606704,-86.3556021,-0.6718147,-1.0091853,-2.2769034,0.0005785315,2.966292e-05,0.0,-0.01399187,0.5269627,-0.43755326,-0.446464,-0.00041276135,-0.002250896,0.0029786904,-0.07506133,1.2691486,-0.5353969,-1.0508015,0.07585145,229.40324,2.5204911,0.32368952,0.3254567,0.16651025,0.11589434,inf,inf,inf,inf,1,1,1,1,2,0,2,1,48,1,1,1,0,0
21739272000,21739272000,1024000,41.606704,-86.3556021,-0.66538024,-0.5542245,-2.566612,0.0005785315,2.966292e-05,0.0,-0.12494033,1.3466221,-0.75469136,-0.77032816,-0.00041276135,-0.002250896,0.0029786904,-0.69549394,2.1497068,-2.2779636,-1.0465531,0.07585145,229.40324,2.8101997,0.3212518,0.337802,0.15723103,0.11281601,inf,inf,inf,inf,1,1,1,1,2,0,2,1,48,1,1,1,0,0
21739776000,21739776000,1024000,41.606704,-86.3556021,-0.9286603,0.38029423,-3.1727788,0.0005785315,2.966292e-05,0.0,-1.0514557,2.3120155,-1.6016521,-1.6113088,-0.00041276135,-0.002250896,0.0029786904,-1.4418393,1.4414287,-1.6183704,-1.0509853,0.07585145,229.40324,3.4163666,0.35457256,0.36338323,0.1806015,0.11632652,inf,inf,inf,inf,1,1,1,1,2,0,2,1,48,1,1,1,0,0
21740272000,21740272000,1024000,41.606704,-86.3556021,-1.5081118,1.6887387,-4.1442695,0.0005785315,2.966292e-05,0.0,-1.4919629,2.857205,-2.3606334,-2.35466,-0.00041276135,-0.002250896,0.0029786904,-0.8745933,0.7147343,-1.6630152,-1.0537013,0.07585145,229.40324,4.387857,0.34246758,0.36953455,0.16408911,0.11262891,inf,inf,inf,inf,1,1,1,1,2,0,2,1,48,1,1,1,0,0
21740768000,21740768000,1024000,41.606704,-86.3556021,-2.2765274,3.2343454,-5.473176,0.0005785315,2.966292e-05,0.0,-1.7304533,3.2335863,-3.0148392,-3.0054188,-0.00041276135,-0.002250896,0.0029786904,-0.41616306,0.64908373,-0.96682554,-1.0519593,0.07585145,229.40324,5.7167635,0.37403443,0.3908508,0.17550422,0.116474405,inf,inf,inf,inf,1,1,1,1,2,0,2,1,48,1,1,1,0,0
21741272000,21741272000,1024000,41.606704,-86.3556021,-3.1773753,4.9816637,-7.1146345,0.0005785315,2.966292e-05,0.0,-1.908704,3.5466862,-3.5402224,-3.5237527,-0.00041276135,-0.002250896,0.0029786904,-0.35358232,0.5477279,-0.86973983,-1.0513437,0.07585145,229.40324,7.358222,0.3567506,0.39069957,0.15510741,0.11252003,inf,inf,inf,inf,1,1,1,1,2,0,2,1,48,1,1,1,0,0
21741776000,21741776000,1024000,41.606704,-86.3556021,-4.174043,6.867753,-8.996913,0.0005785315,2.966292e-05,0.0,-2.0668457,3.8074403,-3.956831,-3.939474,-0.00041276135,-0.002250896,0.0029786904,-0.2432322,0.36551324,-0.6710766,-1.049859,0.07585145,229.40324,9.2405,0.36337003,0.39996558,0.15240727,0.11316286,inf,inf,inf,inf,1,1,1,1,2,0,2,1,48,1,1,1,0,0
21742272000,21742272000,1024000,41.606704,-86.3556021,-5.233722,8.828831,-11.048354,0.0005785315,2.966292e-05,0.0,-2.194006,4.0206037,-4.288911,-4.2830124,-0.00041276135,-0.002250896,0.0029786904,-0.2943462,0.3358032,-0.64819306,-1.0486273,0.07585145,229.40324,11.291942,0.3678254,0.40437138,0.14971153,0.11329082,inf,inf,inf,inf,1,1,1,1,2,0,2,1,48,1,1,1,0,0
21742768000,21742768000,1024000,41.606704,-86.3556021,-6.3603296,10.890957,-13.252686,0.0005785315,2.966292e-05,0.0,-2.31777,4.1989765,-4.5569396,-4.560992,-0.00041276135,-0.002250896,0.0029786904,-0.23674326,0.2968925,-0.586845,-1.0481008,0.07585145,229.40324,13.496273,0.37127644,0.40734926,0.14791214,0.11351653,inf,inf,inf,inf,1,1,1,1,2,0,2,1,48,1,1,1,0,0
21743272000,21743272000,1024000,41.606704,-86.3556021,-7.5544653,13.063434,-15.618772,0.0005785315,2.966292e-05,0.0,-2.4110103,4.3530273,-4.7716937,-4.784363,-0.00041276135,-0.002250896,0.0029786904,-0.20904982,0.19864352,-0.52211905,-1.0478036,0.07585145,229.40324,15.862359,0.37592757,0.4129611,0.14823286,0.114674784,inf,inf,inf,inf,1,1,1,1,2,0,2,1,48,1,1,1,0,0
21743776000,21743776000,1024000,41.606704,-86.3556021,-8.789637,15.307124,-18.079306,0.0005785315,2.966292e-05,0.0,-2.4864383,4.4800305,-4.941665,-4.9553165,-0.00041276135,-0.002250896,0.0029786904,-0.26895598,0.28655112,-0.3779149,-1.047797,0.07585145,229.40324,18.322893,0.37836787,0.41474226,0.14780173,0.11515462,inf,inf,inf,inf,1,1,1,1,2,0,2,1,48,1,1,1,0,0
21744272000,21744272000,1024000,41.606704,-86.3556021,-10.046401,17.574404,-20.58089,0.0005785315,2.966292e-05,0.0,-2.544625,4.5950737,-5.0813684,-5.101372,-0.00041276135,-0.002250896,0.0029786904,-0.03889534,0.25297758,-0.22837803,-1.0476218,0.07585145,229.40324,20.824478,0.36038727,0.40908152,0.13893287,0.11211712,inf,inf,inf,inf,1,1,1,1,2,0,2,1,48,1,1,1,0,0
21744776000,21744776000,1024000,41.606704,-86.3556021,-11.353207,19.933546,-23.188032,0.0005785315,2.966292e-05,0.0,-2.604095,4.695733,-5.1944194,-5.2180576,-0.00041276135,-0.002250896,0.0029786904,-0.10890083,0.10272887,-0.13257568,-1.0478826,0.07585145,229.40324,23.43162,0.38508123,0.41951463,0.15131254,0.117053755,inf,inf,inf,inf,1,1,1,1,2,0,2,1,48,1,1,1,0,0
21745272000,21745272000,1024000,41.606704,-86.3556021,-12.669424,22.294233,-25.796967,0.0005785315,2.966292e-05,0.0,-2.653852,4.7795005,-5.280371,-5.3025393,-0.00041276135,-0.002250896,0.0029786904,-0.051007584,0.14398967,-0.13506417,-1.0479354,0.07585145,229.40324,26.040554,0.3651474,0.4129769,0.14165081,0.11361887,inf,inf,inf,inf,1,1,1,1,2,0,2,1,48,1,1,1,0,0
21745776000,21745776000,1024000,41.606704,-86.3556021,-14.032044,24.726282,-28.485018,0.0005785315,2.966292e-05,0.0,-2.702873,4.84785,-5.3560214,-5.373702,-0.00041276135,-0.002250896,0.0029786904,-0.029342918,0.108030744,-0.16100244,-1.0482465,0.07585145,229.40324,28.728605,0.3684751,0.41629067,0.14399163,0.11469538,inf,inf,inf,inf,1,1,1,1,2,0,2,1,48,1,1,1,0,0
21746272000,21746272000,1024000,41.606704,-86.3556021,-15.393654,27.154894,-31.15463,0.0005785315,2.966292e-05,0.0,-2.7441707,4.904827,-5.4079022,-5.4182634,-0.00041276135,-0.002250896,0.0029786904,-0.057128925,0.11346387,-0.24376069,-1.048003,0.07585145,229.40324,31.398218,0.3695518,0.4156191,0.14433977,0.11479722,inf,inf,inf,inf,1,1,1,1,2,0,2,1,48,1,1,1,0,0
21746776000,21746776000,1024000,41.606704,-86.3556021,-16.797113,29.649208,-33.901142,0.0005785315,2.966292e-05,0.0,-2.7766488,4.9541287,-5.4587264,-5.4705715,-0.00041276135,-0.002250896,0.0029786904,0.06930036,0.16645204,-0.18184544,-1.0474403,0.07585145,229.40324,34.14473,0.37225744,0.41842502,0.14604113,0.11554557,inf,inf,inf,inf,1,1,1,1,2,0,2,1,48,1,1,1,0,0
21747272000,21747272000,1024000,41.606704,-86.3556021,-18.191969,32.1304,-36.63259,0.0005785315,2.966292e-05,0.0,-2.800263,5.004155,-5.509186,-5.5250564,-0.00041276135,-0.002250896,0.0029786904,-0.023764117,0.014890406,-0.063246176,-1.0475357,0.07585145,229.40324,36.87618,0.37522158,0.4176855,0.14814638,0.11586683,inf,inf,inf,inf,1,1,1,1,2,0,2,1,48,1,1,1,0,0
21747776000,21747776000,1024000,41.606704,-86.3556021,-19.622963,34.677597,-39.425484,0.0005785315,2.966292e-05,0.0,-2.8257906,5.045089,-5.5461917,-5.5585485,-0.00041276135,-0.002250896,0.0029786904,-0.07787966,0.09643787,-0.054330625,-1.0468951,0.07585145,229.40324,39.66907,0.37729988,0.4173177,0.14889395,0.11596553,inf,inf,inf,inf,1,1,1,1,2,0,2,1,48,1,1,1,0,0
21748272000,21748272000,1024000,41.606704,-86.3556021,-21.048939,37.197346,-42.188976,0.0005785315,2.966292e-05,0.0,-2.8441942,5.074928,-5.583768,-5.5934005,-0.00041276135,-0.002250896,0.0029786904,0.010325681,0.02851249,-0.10250701,-1.0476608,0.07585145,229.40324,42.432564,0.3596204,0.4136947,0.14025047,0.1127191,inf,inf,inf,inf,1,1,1,1,2,0,2,1,48,1,1,1,0,0
21748776000,21748776000,1024000,41.606704,-86.3556021,-22.504658,39.767952,-45.00138,0.0005785315,2.966292e-05,0.0,-2.8642645,5.099125,-5.6075907,-5.6066227,-0.00041276135,-0.002250896,0.0029786904,-0.041302677,0.08415882,-0.016950134,-1.0473788,0.07585145,229.40324,45.24497,0.38248843,0.4190899,0.15141183,0.11646909,inf,inf,inf,inf,1,1,1,1,2,0,2,1,48,1,1,1,0,0
21749272000,21749272000,1024000,41.606704,-86.3556021,-23.950434,42.31425,-47.77457,0.0005785315,2.966292e-05,0.0,-2.8836238,5.1217947,-5.629849,-5.6195045,-0.00041276135,-0.002250896,0.0029786904,-0.010856077,0.010625072,-0.10222389,-1.0468464,0.07585145,229.40324,48.018158,0.36326602,0.41510394,0.14162287,0.11291057,inf,inf,inf,inf,1,1,1,1,2,0,2,1,48,1,1,1,0,0
21749776000,21749776000,1024000,41.606704,-86.3556021,-25.422241,44.921165,-50.599785,0.0005785315,2.966292e-05,0.0,-2.8945107,5.146106,-5.6408563,-5.6231513,-0.00041276135,-0.002250896,0.0029786904,-0.08603007,0.029326668,-0.18883967,-1.0467094,0.07585145,229.40324,50.843372,0.36678904,0.41475812,0.14373362,0.113123655,inf,inf,inf,inf,1,1,1,1,2,0,2,1,48,1,1,1,0,0
21750272000,21750272000,1024000,41.606704,-86.3556021,-26.875975,47.49148,-53.394516,0.0005785315,2.966292e-05,0.0,-2.9105747,5.1680493,-5.6571183,-5.640781,-0.00041276135,-0.002250896,0.0029786904,0.15825757,0.015070177,0.24271563,-1.0466107,0.07585145,229.40324,53.638103,0.3681451,0.4165752,0.143879,0.11317538,inf,inf,inf,inf,1,1,1,1,2,0,2,1,48,1,1,1,0,0
21750768000,21750768000,1024000,41.606704,-86.3556021,-28.339848,50.07633,-56.18232,0.0005785315,2.966292e-05,0.0,-2.9205334,5.189649,-5.6575065,-5.6346784,-0.00041276135,-0.002250896,0.0029786904,-0.10605533,-0.008272701,0.024239467,-1.0466535,0.07585145,229.40324,56.425907,0.37047923,0.41550902,0.14498876,0.113034375,inf,inf,inf,inf,1,1,1,1,2,0,2,1,48,1,1,1,0,0
21751272000,21751272000,1024000,41.606704,-86.3556021,-29.824738,52.708553,-59.02966,0.0005785315,2.966292e-05,0.0,-2.9313962,5.2057924,-5.658617,-5.6423097,-0.00041276135,-0.002250896,0.0029786904,-0.027739929,0.05440683,0.056898154,-1.0473478,0.07585145,229.40324,59.273247,0.37310198,0.41787916,0.145921,0.11328661,inf,inf,inf,inf,1,1,1,1,2,0,2,1,48,1,1,1,0,0
21751776000,21751776000,1024000,41.606704,-86.3556021,-31.313072,55.34106,-61.875343,0.0005785315,2.966292e-05,0.0,-2.940011,5.216138,-5.659854,-5.645764,-0.00041276135,-0.002250896,0.0029786904,-0.038208205,0.015680727,-0.08302095,-1.0472847,0.07585145,229.40324,62.11893,0.37552327,0.41712782,0.14676178,0.11310746,inf,inf,inf,inf,1,1,1,1,2,0,2,1,48,1,1,1,0,0
21752272000,21752272000,1024000,41.606704,-86.3556021,-32.780678,57.937115,-64.68263,0.0005785315,2.966292e-05,0.0,-2.9535632,5.2242427,-5.6618743,-5.6539254,-0.00041276135,-0.002250896,0.0029786904,-0.106666684,-0.016325293,-0.07126486,-1.0470116,0.07585145,229.40324,64.92622,0.35824358,0.41332325,0.13838315,0.109865434,inf,inf,inf,inf,1,1,1,1,2,0,2,1,48,1,1,1,0,0
21752768000,21752768000,1024000,41.606704,-86.3556021,-34.25125,60.537663,-67.48982,0.0005785315,2.966292e-05,0.0,-2.9635544,5.2319837,-5.6589117,-5.6532044,-0.00041276135,-0.002250896,0.0029786904,-0.13099201,-0.03684062,-0.08830434,-1.0469359,0.07585145,229.40324,67.73341,0.38042265,0.4203497,0.1489573,0.11333794,inf,inf,inf,inf,1,1,1,1,2,0,2,1,48,1,1,1,0,0
21753272000,21753272000,1024000,41.606704,-86.3556021,-35.74319,63.18942,-70.345505,0.0005785315,2.966292e-05,0.0,-2.9767554,5.241493,-5.659458,-5.6603656,-0.00041276135,-0.002250896,0.0029786904,-0.032989755,-0.17178713,0.15902698,-1.0472181,0.07585145,229.40324,70.589096,0.36238045,0.41394046,0.13995846,0.10980437,inf,inf,inf,inf,1,1,1,1,2,0,2,1,48,1,1,1,0,0
21753776000,21753776000,1024000,41.606704,-86.3556021,-37.23642,65.83833,-73.20923,0.0005785315,2.966292e-05,0.0,-2.9815016,5.246889,-5.652827,-5.662973,-0.00041276135,-0.002250896,0.0029786904,-0.07037505,0.05500847,0.094662346,-1.04704,0.07585145,229.40324,73.45282,0.38696805,0.42168474,0.15185341,0.11354377,inf,inf,inf,inf,1,1,1,1,2,0,2,1,48,1,1,1,0,0
21754272000,21754272000,1024000,41.606704,-86.3556021,-38.70755,68.44539,-76.019905,0.0005785315,2.966292e-05,0.0,-2.9840007,5.257566,-5.6437645,-5.6564736,-0.00041276135,-0.002250896,0.0029786904,-0.020622192,0.10375045,0.063587844,-1.0475556,0.07585145,229.40324,76.2635,0.3663937,0.41450652,0.14136337,0.10974733,inf,inf,inf,inf,1,1,1,1,2,0,2,1,48,1,1,1,0,0
21754776000,21754776000,1024000,41.606704,-86.3556021,-40.197773,71.09442,-78.86884,0.0005785315,2.966292e-05,0.0,-2.9841332,5.262997,-5.6309457,-5.6434445,-0.00041276135,-0.002250896,0.0029786904,-0.065425016,0.0521545,0.0132023655,-1.0476576,0.07585145,229.40324,79.112434,0.36956036,0.41656968,0.14304239,0.11010501,inf,inf,inf,inf,1,1,1,1,2,0,2,1,48,1,1,1,0,0
21755272000,21755272000,1024000,41.606704,-86.3556021,-41.67209,73.701584,-81.67659,0.0005785315,2.966292e-05,0.0,-2.9935095,5.2663326,-5.624793,-5.6455426,-0.00041276135,-0.002250896,0.0029786904,-0.0517927,0.028711656,0.044961397,-1.0478778,0.07585145,229.40324,81.92018,0.37166938,0.41798162,0.1439364,0.110249,inf,inf,inf,inf,1,1,1,1,2,0,2,1,48,1,1,1,0,0
21755776000,21755776000,1024000,41.606704,-86.3556021,-43.175312,76.353065,-84.53628,0.0005785315,2.966292e-05,0.0,-3.0181718,5.2655754,-5.6302414,-5.6606264,-0.00041276135,-0.002250896,0.0029786904,-0.00021382203,0.0125272535,-0.01855294,-1.0478013,0.07585145,229.40324,84.77987,0.37424862,0.41700763,0.14503394,0.110185884,inf,inf,inf,inf,1,1,1,1,2,0,2,1,48,1,1,1,0,0
21756272000,21756272000,1024000,41.606704,-86.3556021,-44.654804,78.964195,-87.3504,0.0005785315,2.966292e-05,0.0,-3.015327,5.271343,-5.6201725,-5.656188,-0.00041276135,-0.002250896,0.0029786904,-0.11231834,0.110744014,-0.070350304,-1.0482053,0.07585145,229.40324,87.593994,0.37710324,0.4185244,0.14660299,0.11047816,inf,inf,inf,inf,1,1,1,1,2,0,2,1,48,1,1,1,0,0
21756776000,21756776000,1024000,41.606704,-86.3556021,-46.159893,81.6198,-90.20242,0.0005785315,2.966292e-05,0.0,-3.0156991,5.273578,-5.6141214,-5.651383,-0.00041276135,-0.002250896,0.0029786904,0.006441238,-0.057466634,0.04348525,-1.0479256,0.07585145,229.40324,90.446014,0.37888062,0.41756183,0.14686728,0.1103291,inf,inf,inf,inf,1,1,1,1,2,0,2,1,48,1,1,1,0,0
21757272000,21757272000,1024000,41.606704,-86.3556021,-47.63571,84.23802,-93.01542,0.0005785315,2.966292e-05,0.0,-3.0087428,5.2762823,-5.6116834,-5.6570854,-0.00041276135,-0.002250896,0.0029786904,-0.052179877,-0.020180365,-0.053008147,-1.0482004,0.07585145,229.40324,93.25901,0.3606978,0.41384944,0.13818021,0.10740397,inf,inf,inf,inf,1,1,1,1,2,0,2,1,48,1,1,1,0,0
21757776000,21757776000,1024000,41.606704,-86.3556021,-49.13876,86.89594,-95.8815,0.0005785315,2.966292e-05,0.0,-3.0106213,5.269597,-5.6120996,-5.6669455,-0.00041276135,-0.002250896,0.0029786904,0.013176577,0.06294078,-0.017152231,-1.0483798,0.07585145,229.40324,96.12509,0.38502342,0.41841313,0.15001838,0.11075135,inf,inf,inf,inf,1,1,1,1,2,0,2,1,48,1,1,1,0,0
21758272000,21758272000,1024000,41.606704,-86.3556021,-50.616695,89.515205,-98.693695,0.0005785315,2.966292e-05,0.0,-3.0042956,5.2680407,-5.605076,-5.662066,-0.00041276135,-0.002250896,0.0029786904,-0.050325412,0.01532889,0.118166134,-1.0481386,0.07585145,229.40324,98.93729,0.36512727,0.4145898,0.14016837,0.107727,inf,inf,inf,inf,1,1,1,1,2,0,2,1,48,1,1,1,0,0
21758776000,21758776000,1024000,41.606704,-86.3556021,-52.12446,92.18243,-101.55704,0.0005785315,2.966292e-05,0.0,-3.0007474,5.267014,-5.601586,-5.666367,-0.00041276135,-0.002250896,0.0029786904,0.0075184996,-0.04369322,-0.0023134684,-1.048395,0.07585145,229.40324,101.80063,0.36848205,0.41391033,0.14202625,0.1079432,inf,inf,inf,inf,1,1,1,1,2,0,2,1,48,1,1,1,0,0
21759272000,21759272000,1024000,41.606704,-86.3556021,-53.609314,94.810104,-104.36072,0.0005785315,2.966292e-05,0.0,-2.9956045,5.27542,-5.5877767,-5.647551,-0.00041276135,-0.002250896,0.0029786904,0.035902463,0.12151297,-0.058484323,-1.0486548,0.07585145,229.40324,104.60431,0.3695159,0.4154253,0.14199732,0.108079724,inf,inf,inf,inf,1,1,1,1,2,0,2,1,48,1,1,1,0,0
21759776000,21759776000,1024000,41.606704,-86.3556021,-55.11493,97.47916,-107.21862,0.0005785315,2.966292e-05,0.0,-2.9971848,5.2875366,-5.5892897,-5.6572943,-0.00041276135,-0.002250896,0.0029786904,0.091423534,-0.054290198,0.27802205,-1.0482153,0.07585145,229.40324,107.46221,0.37227154,0.41479057,0.14334974,0.10823317,inf,inf,inf,inf,1,1,1,1,2,0,2,1,48,1,1,1,0,0
21760272000,21760272000,1024000,41.606704,-86.3556021,-56.60424,100.11272,-110.03869,0.0005785315,2.966292e-05,0.0,-2.9944751,5.2983847,-5.5871463,-5.6658716,-0.00041276135,-0.002250896,0.0029786904,0.03506281,-0.04010692,0.08009088,-1.0484788,0.07585145,229.40324,110.28228,0.3752736,0.41370612,0.1451289,0.10838511,inf,inf,inf,inf,1,1,1,1,2,0,2,1,48,1,1,1,0,0
21760776000,21760776000,1024000,41.606704,-86.3556021,-58.1186,102.789665,-112.90111,0.0005785315,2.966292e-05,0.0,-2.9871087,5.30631,-5.5927014,-5.676444,-0.00041276135,-0.002250896,0.0029786904,0.05023797,0.12527801,0.0928621,-1.0485232,0.07585145,229.40324,113.1447,0.37735325,0.41590935,0.14572309,0.10875611,inf,inf,inf,inf,1,1,1,1,2,0,2,1,48,1,1,1,0,0
21761272000,21761272000,1024000,41.606704,-86.3556021,-59.606743,105.4187,-115.73124,0.0005785315,2.966292e-05,0.0,-2.9862928,5.3084264,-5.60254,-5.6939545,-0.00041276135,-0.002250896,0.0029786904,-0.010294776,0.0037248982,-0.016309384,-1.0484357,0.07585145,229.40324,115.97483,0.35966438,0.40968925,0.13744377,0.10579285,inf,inf,inf,inf,1,1,1,1,2,0,2,1,48,1,1,1,0,0
21761768000,21761768000,1024000,41.606704,-86.3556021,-61.093094,108.049515,-118.549835,0.0005785315,2.966292e-05,0.0,-2.9868631,5.3128753,-5.6005588,-5.685049,-0.00041276135,-0.002250896,0.0029786904,-0.07383943,0.01962627,-0.031073637,-1.0486369,0.07585145,229.40324,118.79343,0.3817348,0.41640604,0.14770965,0.109126404,inf,inf,inf,inf,1,1,1,1,2,0,2,1,48,1,1,1,0,0
21762272000,21762272000,1024000,41.606704,-86.3556021,-62.608936,110.722694,-121.419685,0.0005785315,2.966292e-05,0.0,-2.9845257,5.315453,-5.6067214,-5.693152,-0.00041276135,-0.002250896,0.0029786904,-0.014352628,0.12866232,-0.09002822,-1.0486995,0.07585145,229.40324,121.66328,0.3633432,0.41337666,0.13886116,0.106485695,inf,inf,inf,inf,1,1,1,1,2,0,2,1,48,1,1,1,0,0
21762768000,21762768000,1024000,41.606704,-86.3556021,-64.09717,113.34938,-124.258484,0.0005785315,2.966292e-05,0.0,-2.9810712,5.3179893,-5.616398,-5.7116427,-0.00041276135,-0.002250896,0.0029786904,0.0625723,-0.14605437,0.29348946,-1.0486251,0.07585145,229.40324,124.502075,0.3661978,0.41219422,0.14066081,0.10667011,inf,inf,inf,inf,1,1,1,1,2,0,2,1,48,1,1,1,0,0
21763272000,21763272000,1024000,41.606704,-86.3556021,-65.60067,116.026375,-127.12331,0.0005785315,2.966292e-05,0.0,-2.973565,5.3186574,-5.615968,-5.69902,-0.00041276135,-0.002250896,0.0029786904,0.06271743,-0.10800191,0.06685399,-1.04859,0.07585145,229.40324,127.3669,0.3681866,0.41433677,0.14124684,0.10707719,inf,inf,inf,inf,1,1,1,1,2,0,2,1,48,1,1,1,0,0
21763776000,21763776000,1024000,41.606704,-86.3556021,-67.11002,118.71146,-129.99812,0.0005785315,2.966292e-05,0.0,-2.9705584,5.3245606,-5.6254296,-5.707666,-0.00041276135,-0.002250896,0.0029786904,0.006421477,0.00050973945,-0.026213998,-1.0487846,0.07585145,229.40324,130.24171,0.37115973,0.4136242,0.1427851,0.10730236,inf,inf,inf,inf,1,1,1,1,2,0,2,1,48,1,1,1,0,0
21764272000,21764272000,1024000,41.606704,-86.3556021,-68.59352,121.3529,-132.82866,0.0005785315,2.966292e-05,0.0,-2.9751647,5.3323197,-5.635585,-5.714934,-0.00041276135,-0.002250896,0.0029786904,0.011788806,0.027088752,-0.0072969752,-1.0488908,0.07585145,229.40324,133.07225,0.37301776,0.41518754,0.14350697,0.10764474,inf,inf,inf,inf,1,1,1,1,2,0,2,1,48,1,1,1,0,0
21764776000,21764776000,1024000,41.606704,-86.3556021,-70.1029,124.04008,-135.70699,0.0005785315,2.966292e-05,0.0,-2.9711325,5.3320155,-5.6403275,-5.716322,-0.00041276135,-0.002250896,0.0029786904,0.020603534,0.038257867,-0.012684676,-1.0489092,0.07585145,229.40324,135.95058,0.3753134,0.41447532,0.14441696,0.10778633,inf,inf,inf,inf,1,1,1,1,2,0,2,1,48,1,1,1,0,0
21765272000,21765272000,1024000,41.606704,-86.3556021,-71.58918,126.68547,-138.53375,0.0005785315,2.966292e-05,0.0,-2.9788275,5.3274317,-5.639018,-5.7087026,-0.00041276135,-0.002250896,0.0029786904,-0.09431537,0.0043962523,-0.019661214,-1.0486864,0.07585145,229.40324,138.77734,0.35812205,0.41121227,0.13646545,0.10528601,inf,inf,inf,inf,1,1,1,1,2,0,2,1,48,1,1,1,0,0
21765776000,21765776000,1024000,41.606704,-86.3556021,-73.094376,129.36963,-141.40724,0.0005785315,2.966292e-05,0.0,-2.980561,5.3158503,-5.6419935,-5.70695,-0.00041276135,-0.002250896,0.0029786904,-0.07444464,0.019198978,-0.0952846,-1.0485867,0.07585145,229.40324,141.65083,0.38085324,0.41550535,0.14717758,0.1084756,inf,inf,inf,inf,1,1,1,1,2,0,2,1,48,1,1,1,0,0
21766272000,21766272000,1024000,41.606704,-86.3556021,-74.58565,132.01157,-144.23967,0.0005785315,2.966292e-05,0.0,-2.9836888,5.3150983,-5.6464863,-5.710374,-0.00041276135,-0.002250896,0.0029786904,-0.03796572,0.05462612,0.047412638,-1.0490631,0.07585145,229.40324,144.48326,0.36219612,0.41198266,0.13826776,0.10582385,inf,inf,inf,inf,1,1,1,1,2,0,2,1,48,1,1,1,0,0
21766776000,21766776000,1024000,41.606704,-86.3556021,-76.1026,134.69739,-147.11465,0.0005785315,2.966292e-05,0.0,-2.9923148,5.316835,-5.647895,-5.7087755,-0.00041276135,-0.002250896,0.0029786904,-0.027672619,-0.0093545,-0.03269414,-1.0487714,0.07585145,229.40324,147.35825,0.38656202,0.4164119,0.14993435,0.10915408,inf,inf,inf,inf,1,1,1,1,2,0,2,1,48,1,1,1,0,0
21767272000,21767272000,1024000,41.606704,-86.3556021,-77.58708,137.33682,-149.94536,0.0005785315,2.966292e-05,0.0,-2.9875479,5.313809,-5.65381,-5.71184,-0.00041276135,-0.002250896,0.0029786904,0.0012468703,0.024742091,0.018828483,-1.0489278,0.07585145,229.40324,150.18895,0.36616316,0.41280115,0.1398966,0.10636704,inf,inf,inf,inf,1,1,1,1,2,0,2,1,48,1,1,1,0,0
21767776000,21767776000,1024000,41.606704,-86.3556021,-79.093216,140.02046,-152.82619,0.0005785315,2.966292e-05,0.0,-2.9813664,5.315925,-5.65298,-5.7136583,-0.00041276135,-0.002250896,0.0029786904,-0.044831507,-0.015589582,0.023349123,-1.0487783,0.07585145,229.40324,153.06978,0.36929825,0.4149657,0.141671,0.1069894,inf,inf,inf,inf,1,1,1,1,2,0,2,1,48,1,1,1,0,0
21768272000,21768272000,1024000,41.606704,-86.3556021,-80.57818,142.66472,-155.65636,0.0005785315,2.966292e-05,0.0,-2.9804788,5.314071,-5.6533475,-5.7106442,-0.00041276135,-0.002250896,0.0029786904,0.04959541,-0.08772969,0.024828063,-1.0487343,0.07585145,229.40324,155.89995,0.37020442,0.4135722,0.14163843,0.106907636,inf,inf,inf,inf,1,1,1,1,2,0,2,1,48,1,1,1,0,0
21768768000,21768768000,1024000,41.606704,-86.3556021,-82.06441,145.31024,-158.49138,0.0005785315,2.966292e-05,0.0,-2.9799566,5.308395,-5.6530943,-5.7121897,-0.00041276135,-0.002250896,0.0029786904,-0.13680676,0.110883035,-0.034020342,-1.0487074,0.07585145,229.40324,158.73497,0.37214556,0.4123185,0.14265832,0.10699577,inf,inf,inf,inf,1,1,1,1,2,0,2,1,48,1,1,1,0,0
21769272000,21769272000,1024000,41.606704,-86.3556021,-83.58032,148.00928,-161.36732,0.0005785315,2.966292e-05,0.0,-2.9831178,5.315843,-5.658848,-5.713121,-0.00041276135,-0.002250896,0.0029786904,-0.035501137,-0.0032365206,-0.00036979825,-1.048661,0.07585145,229.40324,161.61092,0.37576118,0.41463432,0.14477995,0.1077036,inf,inf,inf,inf,1,1,1,1,2,0,2,1,48,1,1,1,0,0
21769776000,21769776000,1024000,41.606704,-86.3556021,-85.090096,150.70236,-164.24098,0.0005785315,2.966292e-05,0.0,-2.9780335,5.309384,-5.6613383,-5.710509,-0.00041276135,-0.002250896,0.0029786904,-0.08784795,-0.01815299,0.042206544,-1.0486962,0.07585145,229.40324,164.48457,0.3777049,0.41392803,0.14534974,0.10783045,inf,inf,inf,inf,1,1,1,1,2,0,2,1,48,1,1,1,0,0
21770272000,21770272000,1024000,41.606704,-86.3556021,-86.58175,153.35883,-167.07027,0.0005785315,2.966292e-05,0.0,-2.975773,5.3089185,-5.6709704,-5.715753,-0.00041276135,-0.002250896,0.0029786904,0.06451063,-0.031321213,0.02368533,-1.0485722,0.07585145,229.40324,167.31386,0.3599145,0.4107795,0.13709782,0.1053495,inf,inf,inf,inf,1,1,1,1,2,0,2,1,48,1,1,1,0,0
21770776000,21770776000,1024000,41.606704,-86.3556021,-88.09315,156.04956,-169.94914,0.0005785315,2.966292e-05,0.0,-2.980349,5.2975163,-5.6819987,-5.723299,-0.00041276135,-0.002250896,0.0029786904,-0.057999942,-0.04241257,0.037226763,-1.0484971,0.07585145,229.40324,170.19273,0.3826267,0.4152455,0.1476912,0.10855739,inf,inf,inf,inf,1,1,1,1,2,0,2,1,48,1,1,1,0,0
21771272000,21771272000,1024000,41.606704,-86.3556021,-89.580864,158.70323,-172.78569,0.0005785315,2.966292e-05,0.0,-2.9717972,5.300748,-5.6895614,-5.727367,-0.00041276135,-0.002250896,0.0029786904,-0.011501964,0.021098426,-0.0054045278,-1.0485059,0.07585145,229.40324,173.02928,0.36339805,0.41191998,0.13851799,0.10591457,inf,inf,inf,inf,1,1,1,1,2,0,2,1,48,1,1,1,0,0
21771776000,21771776000,1024000,41.606704,-86.3556021,-91.09075,161.39955,-175.66766,0.0005785315,2.966292e-05,0.0,-2.9691048,5.30472,-5.69427,-5.727128,-0.00041276135,-0.002250896,0.0029786904,-0.012325466,0.03484258,-0.057498984,-1.0484872,0.07585145,229.40324,175.91125,0.36682317,0.4115161,0.14061469,0.10633627,inf,inf,inf,inf,1,1,1,1,2,0,2,1,48,1,1,1,0,0
21772272000,21772272000,1024000,41.606704,-86.3556021,-92.576744,164.05171,-178.50398,0.0005785315,2.966292e-05,0.0,-2.9708533,5.3026557,-5.7059646,-5.733253,-0.00041276135,-0.002250896,0.0029786904,0.04599084,-0.17223382,0.25342584,-1.0486414,0.07585145,229.40324,178.74757,0.36810625,0.41049314,0.14090736,0.10638104,inf,inf,inf,inf,1,1,1,1,2,0,2,1,48,1,1,1,0,0
21772776000,21772776000,1024000,41.606704,-86.3556021,-94.08525,166.7489,-181.38713,0.0005785315,2.966292e-05,0.0,-2.9688814,5.2963076,-5.7076435,-5.7298703,-0.00041276135,-0.002250896,0.0029786904,0.053288847,-0.001852486,0.072460555,-1.0488862,0.07585145,229.40324,181.63072,0.37105685,0.41295758,0.14247862,0.1070299,inf,inf,inf,inf,1,1,1,1,2,0,2,1,48,1,1,1,0,0
21773272000,21773272000,1024000,41.606704,-86.3556021,-95.56776,169.40063,-184.22916,0.0005785315,2.966292e-05,0.0,-2.9716468,5.297875,-5.7135468,-5.7346883,-0.00041276135,-0.002250896,0.0029786904,0.03913754,-0.050016597,0.056018054,-1.0490282,0.07585145,229.40324,184.47275,0.37297156,0.4119961,0.143271,0.107157245,inf,inf,inf,inf,1,1,1,1,2,0,2,1,48,1,1,1,0,0
21773776000,21773776000,1024000,41.606704,-86.3556021,-97.064125,172.09273,-187.11314,0.0005785315,2.966292e-05,0.0,-2.9668033,5.2948766,-5.7170563,-5.733083,-0.00041276135,-0.002250896,0.0029786904,0.04421113,-0.0563642,0.028981762,-1.0492704,0.07585145,229.40324,187.35674,0.37525156,0.41438583,0.14417349,0.10768,inf,inf,inf,inf,1,1,1,1,2,0,2,1,48,1,1,1,0,0
21774272000,21774272000,1024000,41.606704,-86.3556021,-98.53647,174.74417,-189.95377,0.0005785315,2.966292e-05,0.0,-2.9650686,5.285294,-5.732687,-5.7449017,-0.00041276135,-0.002250896,0.0029786904,0.012755389,-0.041827366,-0.115629345,-1.0489368,0.07585145,229.40324,190.19736,0.35813457,0.41123813,0.13636458,0.10522081,inf,inf,inf,inf,1,1,1,1,2,0,2,1,48,1,1,1,0,0
21774776000,21774776000,1024000,41.606704,-86.3556021,-100.03783,177.4263,-192.84944,0.0005785315,2.966292e-05,0.0,-2.9727185,5.2776585,-5.73946,-5.750618,-0.00041276135,-0.002250896,0.0029786904,-0.12252334,-0.037617195,-0.10354357,-1.0485197,0.07585145,229.40324,193.09303,0.38083357,0.41563493,0.14704578,0.10843274,inf,inf,inf,inf,1,1,1,1,2,0,2,1,48,1,1,1,0,0
21775272000,21775272000,1024000,41.606704,-86.3556021,-101.52584,180.07777,-195.6827,0.0005785315,2.966292e-05,0.0,-2.9714155,5.2807946,-5.7443314,-5.7398505,-0.00041276135,-0.002250896,0.0029786904,-0.05110334,-0.2263159,0.13937888,-1.0489911,0.07585145,229.40324,195.92628,0.36218637,0.41217712,0.13816868,0.10579918,inf,inf,inf,inf,1,1,1,1,2,0,2,1,48,1,1,1,0,0
21775776000,21775776000,1024000,41.606704,-86.3556021,-103.03288,182.76672,-198.56964,0.0005785315,2.966292e-05,0.0,-2.9755821,5.274296,-5.7480173,-5.7396684,-0.00041276135,-0.002250896,0.0029786904,0.053962473,-0.14056656,-0.016966898,-1.0492723,0.07585145,229.40324,198.81323,0.3865211,0.41657242,0.14982972,0.10911239,inf,inf,inf,inf,1,1,1,1,2,0,2,1,48,1,1,1,0,0
21776272000,21776272000,1024000,41.606704,-86.3556021,-104.50993,185.4111,-201.39539,0.0005785315,2.966292e-05,0.0,-2.9745102,5.2716794,-5.7504053,-5.7256794,-0.00041276135,-0.002250896,0.0029786904,-0.00096123,-0.0061258646,0.0034067146,-1.0490991,0.07585145,229.40324,201.63898,0.36613914,0.41293272,0.13981676,0.106325,inf,inf,inf,inf,1,1,1,1,2,0,2,1,48,1,1,1,0,0
21776768000,21776768000,1024000,41.606704,-86.3556021,-105.99212,188.05928,-204.22256,0.0005785315,2.966292e-05,0.0,-2.9780848,5.27336,-5.7543387,-5.720835,-0.00041276135,-0.002250896,0.0029786904,-0.051673487,0.00720222,0.000785973,-1.0485095,0.07585145,229.40324,204.46616,0.36857745,0.41179737,0.14124677,0.10651759,inf,inf,inf,inf,1,1,1,1,2,0,2,1,48,1,1,1,0,0
21777272000,21777272000,1024000,41.606704,-86.3556021,-107.49421,190.73671,-207.11038,0.0005785315,2.966292e-05,0.0,-2.9785604,5.2661176,-5.7624664,-5.7330017,-0.00041276135,-0.002250896,0.0029786904,-0.018193478,0.047570523,-0.06295188,-1.0488797,0.07585145,229.40324,207.35397,0.37135893,0.4140205,0.1425717,0.10710227,inf,inf,inf,inf,1,1,1,1,2,0,2,1,48,1,1,1,0,0
21777776000,21777776000,1024000,41.606704,-86.3556021,-109.00175,193.41861,-209.98936,0.0005785315,2.966292e-05,0.0,-2.9776058,5.262783,-5.7605367,-5.7241282,-0.00041276135,-0.002250896,0.0029786904,0.0049373284,-0.024032302,-0.07690402,-1.0485835,0.07585145,229.40324,210.23296,0.373921,0.41617024,0.14370637,0.107631706,inf,inf,inf,inf,1,1,1,1,2,0,2,1,48,1,1,1,0,0
21778272000,21778272000,1024000,41.606704,-86.3556021,-110.48317,196.06058,-212.81235,0.0005785315,2.966292e-05,0.0,-2.9750402,5.2587376,-5.751117,-5.70559,-0.00041276135,-0.002250896,0.0029786904,-0.030200519,0.06319221,-0.18302542,-1.0486501,0.07585145,229.40324,213.05594,0.37675008,0.41487888,0.14530687,0.107817255,inf,inf,inf,inf,1,1,1,1,2,0,2,1,48,1,1,1,0,0
21778768000,21778768000,1024000,41.606704,-86.3556021,-111.9607,198.69516,-215.65756,0.0005785315,2.966292e-05,0.0,-2.9800675,5.2570143,-5.756201,-5.7228847,-0.00041276135,-0.002250896,0.0029786904,-0.05847405,0.036081217,-0.012123088,-1.0483906,0.07585145,229.40324,215.90115,0.37780046,0.41635126,0.14533405,0.1080751,inf,inf,inf,inf,1,1,1,1,2,0,2,1,48,1,1,1,0,0
21779272000,21779272000,1024000,41.606704,-86.3556021,-113.46586,201.38715,-218.54012,0.0005785315,2.966292e-05,0.0,-2.9741132,5.261278,-5.7569847,-5.7226467,-0.00041276135,-0.002250896,0.0029786904,0.071164146,0.07202006,-0.012569192,-1.0488265,0.07585145,229.40324,218.7837,0.3605781,0.4106944,0.13731146,0.10537579,inf,inf,inf,inf,1,1,1,1,2,0,2,1,48,1,1,1,0,0
21779776000,21779776000,1024000,41.606704,-86.3556021,-114.95972,204.06456,-221.4133,0.0005785315,2.966292e-05,0.0,-2.9730444,5.259296,-5.753625,-5.712456,-0.00041276135,-0.002250896,0.0029786904,-0.14074734,0.08663838,-0.0072345766,-1.0490583,0.07585145,229.40324,221.65689,0.3847548,0.41530326,0.14899245,0.1087859,inf,inf,inf,inf,1,1,1,1,2,0,2,1,48,1,1,1,0,0
21780272000,21780272000,1024000,41.606704,-86.3556021,-116.43832,206.70114,-224.25252,0.0005785315,2.966292e-05,0.0,-2.9752018,5.25856,-5.7584105,-5.721023,-0.00041276135,-0.002250896,0.0029786904,0.0013222797,-0.03232311,-0.041287452,-1.0490918,0.07585145,229.40324,224.49611,0.3649687,0.41190833,0.13937385,0.10611101,inf,inf,inf,inf,1,1,1,1,2,0,2,1,48,1,1,1,0,0
21780768000,21780768000,1024000,41.606704,-86.3556021,-117.914955,209.3376,-227.08368,0.0005785315,2.966292e-05,0.0,-2.9760115,5.2551594,-5.7549553,-5.713396,-0.00041276135,-0.002250896,0.0029786904,0.01988245,-0.020685734,0.016406113,-1.0491613,0.07585145,229.40324,227.32727,0.36760902,0.41364563,0.140937,0.10664682,inf,inf,inf,inf,1,1,1,1,2,0,2,1,48,1,1,1,0,0
21781272000,21781272000,1024000,41.606704,-86.3556021,-119.41026,212.00801,-229.95872,0.0005785315,2.966292e-05,0.0,-2.9771688,5.2500787,-5.744984,-5.7021627,-0.00041276135,-0.002250896,0.0029786904,0.13706382,0.050776105,-0.14279509,-1.0492364,0.07585145,229.40324,230.20232,0.36939275,0.41284096,0.14133929,0.10673943,inf,inf,inf,inf,1,1,1,1,2,0,2,1,48,1,1,1,0,0
21781776000,21781776000,1024000,41.606704,-86.3556021,-120.89908,214.68634,-232.8278,0.0005785315,2.966292e-05,0.0,-2.9643478,5.259859,-5.7369556,-5.6937037,-0.00041276135,-0.002250896,0.0029786904,0.11956654,-0.18521403,0.2007316,-1.0490108,0.07585145,229.40324,233.0714,0.37212515,0.41500545,0.14268014,0.107300006,inf,inf,inf,inf,1,1,1,1,2,0,2,1,48,1,1,1,0,0
21782272000,21782272000,1024000,41.606704,-86.3556021,-122.36896,217.3207,-235.66237,0.0005785315,2.966292e-05,0.0,-2.961834,5.2591357,-5.7288914,-5.6973176,-0.00041276135,-0.002250896,0.0029786904,0.024971219,-0.08399025,0.012936939,-1.049133,0.07585145,229.40324,235.90596,0.37509963,0.4137922,0.14445128,0.107526965,inf,inf,inf,inf,1,1,1,1,2,0,2,1,48,1,1,1,0,0
21782776000,21782776000,1024000,41.606704,-86.3556021,-123.86539,219.99129,-238.53378,0.0005785315,2.966292e-05,0.0,-2.9571826,5.2581735,-5.7165704,-5.6865087,-0.00041276135,-0.002250896,0.0029786904,0.08721149,-0.032869484,0.0014686324,-1.0492822,0.07585145,229.40324,238.77737,0.37716776,0.41593853,0.14504868,0.10798737,inf,inf,inf,inf,1,1,1,1,2,0,2,1,48,1,1,1,0,0
21783272000,21783272000,1024000,41.606704,-86.3556021,-125.33125,222.62772,-241.35825,0.0005785315,2.966292e-05,0.0,-2.9588406,5.259817,-5.7065535,-5.681826,-0.00041276135,-0.002250896,0.0029786904,-0.007224677,0.017201105,0.06375921,-1.0491945,0.07585145,229.40324,241.60184,0.35954806,0.4125239,0.13685319,0.1054611,inf,inf,inf,inf,1,1,1,1,2,0,2,1,48,1,1,1,0,0
21783776000,21783776000,1024000,41.606704,-86.3556021,-126.82501,225.29764,-244.21991,0.0005785315,2.966292e-05,0.0,-2.9661808,5.2620473,-5.6878076,-5.6659694,-0.00041276135,-0.002250896,0.0029786904,-0.039973486,0.008456066,-0.04049117,-1.0491781,0.07585145,229.40324,244.4635,0.3823332,0.41674843,0.14740211,0.10864432,inf,inf,inf,inf,1,1,1,1,2,0,2,1,48,1,1,1,0,0
21784272000,21784272000,1024000,41.606704,-86.3556021,-128.29457,227.92003,-247.03758,0.0005785315,2.966292e-05,0.0,-2.9675937,5.259816,-5.6668,-5.65425,-0.00041276135,-0.002250896,0.0029786904,0.012421561,0.09224678,-0.09154348,-1.0495259,0.07585145,229.40324,247.28117,0.3632013,0.41309088,0.13824075,0.10595066,inf,inf,inf,inf,1,1,1,1,2,0,2,1,48,1,1,1,0,0
21784776000,21784776000,1024000,41.606704,-86.3556021,-129.78389,230.58723,-249.8909,0.0005785315,2.966292e-05,0.0,-2.9567568,5.2590747,-5.653259,-5.645928,-0.00041276135,-0.002250896,0.0029786904,-0.0045940913,-0.08002266,0.17531022,-1.0491884,0.07585145,229.40324,250.13449,0.36665615,0.41228312,0.14031357,0.10630425,inf,inf,inf,inf,1,1,1,1,2,0,2,1,48,1,1,1,0,0
21785272000,21785272000,1024000,41.606704,-86.3556021,-131.24408,233.20619,-252.6959,0.0005785315,2.966292e-05,0.0,-2.9503698,5.2587366,-5.6357074,-5.6355057,-0.00041276135,-0.002250896,0.0029786904,0.06966639,-0.037535,0.055356815,-1.0491598,0.07585145,229.40324,252.9395,0.3679664,0.41362247,0.14059433,0.106584184,inf,inf,inf,inf,1,1,1,1,2,0,2,1,48,1,1,1,0,0
21785768000,21785768000,1024000,41.606704,-86.3556021,-132.70703,235.82729,-255.51245,0.0005785315,2.966292e-05,0.0,-2.952026,5.259345,-5.625441,-5.644633,-0.00041276135,-0.002250896,0.0029786904,0.11504481,-0.08584024,0.06906495,-1.0491955,0.07585145,229.40324,255.75604,0.37023336,0.41504374,0.14179884,0.10701742,inf,inf,inf,inf,1,1,1,1,2,0,2,1,48,1,1,1,0,0
21786272000,21786272000,1024000,41.606704,-86.3556021,-134.19824,238.48373,-258.37415,0.0005785315,2.966292e-05,0.0,-2.9489827,5.256844,-5.617609,-5.6496305,-0.00041276135,-0.002250896,0.0029786904,0.05455566,-0.07211382,0.06426678,-1.049197,0.07585145,229.40324,258.61774,0.37279043,0.41414207,0.14288773,0.10721713,inf,inf,inf,inf,1,1,1,1,2,0,2,1,48,1,1,1,0,0
21786768000,21786768000,1024000,41.606704,-86.3556021,-135.6653,241.10413,-261.1909,0.0005785315,2.966292e-05,0.0,-2.946481,5.259303,-5.614317,-5.6569486,-0.00041276135,-0.002250896,0.0029786904,0.053501025,-0.047148686,-0.013688641,-1.0491798,0.07585145,229.40324,261.43448,0.37437466,0.41559,0.14350809,0.107563145,inf,inf,inf,inf,1,1,1,1,2,0,2,1,48,1,1,1,0,0
21787272000,21787272000,1024000,41.606704,-86.3556021,-137.15071,243.76318,-264.05792,0.0005785315,2.966292e-05,0.0,-2.944819,5.257338,-5.610888,-5.6648784,-0.00041276135,-0.002250896,0.0029786904,-0.04849108,0.033718705,-0.057727158,-1.0491129,0.07585145,229.40324,264.3015,0.357973,0.40985468,0.13603015,0.10492103,inf,inf,inf,inf,1,1,1,1,2,0,2,1,48,1,1,1,0,0
21787776000,21787776000,1024000,41.606704,-86.3556021,-138.63963,246.41808,-266.92075,0.0005785315,2.966292e-05,0.0,-2.939015,5.2564373,-5.608859,-5.666139,-0.00041276135,-0.002250896,0.0029786904,-0.09639604,0.110175684,-0.15460518,-1.0493842,0.07585145,229.40324,267.16434,0.38062754,0.4168236,0.14669243,0.108437404,inf,inf,inf,inf,1,1,1,1,2,0,2,1,48,1,1,1,0,0
21788272000,21788272000,1024000,41.606704,-86.3556021,-140.1115,249.03917,-269.74686,0.0005785315,2.966292e-05,0.0,-2.9380047,5.2633505,-5.608742,-5.675996,-0.00041276135,-0.002250896,0.0029786904,0.008013293,-0.034709945,0.06073893,-1.0492938,0.07585145,229.40324,269.99045,0.3620519,0.413167,0.13789709,0.10580653,inf,inf,inf,inf,1,1,1,1,2,0,2,1,48,1,1,1,0,0
21788776000,21788776000,1024000,41.606704,-86.3556021,-141.6017,251.70177,-272.61395,0.0005785315,2.966292e-05,0.0,-2.93795,5.263573,-5.615647,-5.6821117,-0.00041276135,-0.002250896,0.0029786904,0.05728317,-0.05543857,0.03845611,-1.0492933,0.07585145,229.40324,272.85754,0.38634688,0.417368,0.14953643,0.10912654,inf,inf,inf,inf,1,1,1,1,2,0,2,1,48,1,1,1,0,0
21789272000,21789272000,1024000,41.606704,-86.3556021,-143.0554,254.32095,-275.43225,0.0005785315,2.966292e-05,0.0,-2.9242318,5.2732215,-5.6184635,-5.683518,-0.00041276135,-0.002250896,0.0029786904,-0.026584456,-0.0018582408,0.00909337,-1.0493792,0.07585145,229.40324,275.67584,0.36602965,0.4135145,0.13959628,0.106326334,inf,inf,inf,inf,1,1,1,1,2,0,2,1,48,1,1,1,0,0
21789776000,21789776000,1024000,41.606704,-86.3556021,-144.53662,256.98715,-278.30322,0.0005785315,2.966292e-05,0.0,-2.9246306,5.2715034,-5.6216598,-5.6906295,-0.00041276135,-0.002250896,0.0029786904,-0.022726063,-0.0034133936,0.019757012,-1.0498521,0.07585145,229.40324,278.5468,0.3691666,0.41546863,0.14140005,0.10694108,inf,inf,inf,inf,1,1,1,1,2,0,2,1,48,1,1,1,0,0
21790272000,21790272000,1024000,41.606704,-86.3556021,-146.001,259.6107,-281.12027,0.0005785315,2.966292e-05,0.0,-2.930976,5.2714477,-5.615727,-5.679161,-0.00041276135,-0.002250896,0.0029786904,0.012562337,-0.03526274,0.005976233,-1.0496416,0.07585145,229.40324,281.36386,0.37126628,0.4139309,0.14235581,0.107024446,inf,inf,inf,inf,1,1,1,1,2,0,2,1,48,1,1,1,0,0
21790776000,21790776000,1024000,41.606704,-86.3556021,-147.49028,262.27374,-283.9799,0.0005785315,2.966292e-05,0.0,-2.9351306,5.262425,-5.6132984,-5.674247,-0.00041276135,-0.002250896,0.0029786904,0.07294941,0.08375377,-0.14843982,-1.0492417,0.07585145,229.40324,284.22348,0.373835,0.41598013,0.14351045,0.107569814,inf,inf,inf,inf,1,1,1,1,2,0,2,1,48,1,1,1,0,0
21791272000,21791272000,1024000,41.606704,-86.3556021,-148.95866,264.89594,-286.80252,0.0005785315,2.966292e-05,0.0,-2.9398472,5.266789,-5.6229744,-5.6866345,-0.00041276135,-0.002250896,0.0029786904,-0.042697303,-0.004075155,0.06506306,-1.0498247,0.07585145,229.40324,287.0461,0.37667057,0.41463965,0.14515458,0.10777987,inf,inf,inf,inf,1,1,1,1,2,0,2,1,48,1,1,1,0,0
21791768000,21791768000,1024000,41.606704,-86.3556021,-150.42221,267.52167,-289.62466,0.0005785315,2.966292e-05,0.0,-2.95007,5.2682085,-5.624689,-5.689588,-0.00041276135,-0.002250896,0.0029786904,-0.0910096,-0.019068135,0.043758128,-1.0495154,0.07585145,229.40324,289.86826,0.3778642,0.41617256,0.145305,0.10809582,inf,inf,inf,inf,1,1,1,1,2,0,2,1,48,1,1,1,0,0
21792272000,21792272000,1024000,41.606704,-86.3556021,-151.90733,270.19623,-292.4928,0.0005785315,2.966292e-05,0.0,-2.9504104,5.266177,-5.627937,-5.6912904,-0.00041276135,-0.002250896,0.0029786904,0.013669954,-0.059232272,0.032080274,-1.049914,0.07585145,229.40324,292.7364,0.3605708,0.41052866,0.1372228,0.105400644,inf,inf,inf,inf,1,1,1,1,2,0,2,1,48,1,1,1,0,0
21792776000,21792776000,1024000,41.606704,-86.3556021,-153.38533,272.86172,-295.36295,0.0005785315,2.966292e-05,0.0,-2.9475977,5.2647066,-5.630484,-5.693858,-0.00041276135,-0.002250896,0.0029786904,0.024933532,0.005427234,0.02952286,-1.0501378,0.07585145,229.40324,295.60654,0.38481152,0.4178487,0.14895223,0.10911733,inf,inf,inf,inf,1,1,1,1,2,0,2,1,48,1,1,1,0,0
21793272000,21793272000,1024000,41.606704,-86.3556021,-154.83679,275.49295,-298.18002,0.0005785315,2.966292e-05,0.0,-2.9394884,5.2637267,-5.623951,-5.68323,-0.00041276135,-0.002250896,0.0029786904,-0.028241688,-0.029073915,-0.059091546,-1.0496461,0.07585145,229.40324,298.4236,0.36500746,0.41132918,0.1392792,0.10606248,inf,inf,inf,inf,1,1,1,1,2,0,2,1,48,1,1,1,0,0
21793776000,21793776000,1024000,41.606704,-86.3556021,-156.31584,278.1664,-301.05374,0.0005785315,2.966292e-05,0.0,-2.9409063,5.258065,-5.6231356,-5.6897297,-0.00041276135,-0.002250896,0.0029786904,0.0052637425,0.07791894,-0.08361327,-1.0493686,0.07585145,229.40324,301.29733,0.36832598,0.41352516,0.14116697,0.106737256,inf,inf,inf,inf,1,1,1,1,2,0,2,1,48,1,1,1,0,0
21794272000,21794272000,1024000,41.606704,-86.3556021,-157.7692,280.7882,-303.87457,0.0005785315,2.966292e-05,0.0,-2.9294586,5.261178,-5.6246915,-5.689841,-0.00041276135,-0.002250896,0.0029786904,0.09899911,-0.092869855,0.35150436,-1.0497372,0.07585145,229.40324,304.11816,0.36934942,0.4121512,0.14117575,0.10668421,inf,inf,inf,inf,1,1,1,1,2,0,2,1,48,1,1,1,0,0
21794768000,21794768000,1024000,41.606704,-86.3556021,-159.2234,283.4106,-306.698,0.0005785315,2.966292e-05,0.0,-2.9319794,5.2487726,-5.6278768,-5.6924276,-0.00041276135,-0.002250896,0.0029786904,0.030529287,-0.08399676,0.020693922,-1.0496477,0.07585145,229.40324,306.9416,0.37138125,0.41382432,0.14224768,0.10712355,inf,inf,inf,inf,1,1,1,1,2,0,2,1,48,1,1,1,0,0
21795272000,21795272000,1024000,41.606704,-86.3556021,-160.70064,286.07425,-309.5683,0.0005785315,2.966292e-05,0.0,-2.9382887,5.2485147,-5.6398807,-5.702657,-0.00041276135,-0.002250896,0.0029786904,0.0021116957,-0.039315432,0.14688347,-1.0496372,0.07585145,229.40324,309.8119,0.3750594,0.41612297,0.14439479,0.1078389,inf,inf,inf,inf,1,1,1,1,2,0,2,1,48,1,1,1,0,0
21795768000,21795768000,1024000,41.606704,-86.3556021,-162.1549,288.70074,-312.40186,0.0005785315,2.966292e-05,0.0,-2.942065,5.242372,-5.654777,-5.7189994,-0.00041276135,-0.002250896,0.0029786904,-0.018101996,-0.050327208,-0.030663855,-1.0499681,0.07585145,229.40324,312.64545,0.3764103,0.41478434,0.14473003,0.10782653,inf,inf,inf,inf,1,1,1,1,2,0,2,1,48,1,1,1,0,0
21796272000,21796272000,1024000,41.606704,-86.3556021,-163.63449,291.38177,-315.27637,0.0005785315,2.966292e-05,0.0,-2.951558,5.242979,-5.665721,-5.720943,-0.00041276135,-0.002250896,0.0029786904,-0.09491177,0.000818699,-0.09479007,-1.0501342,0.07585145,229.40324,315.51996,0.35952356,0.4091674,0.13690448,0.10514857,inf,inf,inf,inf,1,1,1,1,2,0,2,1,48,1,1,1,0,0
21796776000,21796776000,1024000,41.606704,-86.3556021,-165.11472,294.05194,-318.15613,0.0005785315,2.966292e-05,0.0,-2.957994,5.244483,-5.672062,-5.722691,-0.00041276135,-0.002250896,0.0029786904,-0.06501802,0.0139584495,-0.13261479,-1.0496336,0.07585145,229.40324,318.39972,0.3822462,0.4164639,0.14745933,0.10869245,inf,inf,inf,inf,1,1,1,1,2,0,2,1,48,1,1,1,0,0
21797272000,21797272000,1024000,41.606704,-86.3556021,-166.5632,296.6837,-320.98083,0.0005785315,2.966292e-05,0.0,-2.9655082,5.2460794,-5.6773477,-5.7163258,-0.00041276135,-0.002250896,0.0029786904,-0.09319442,-0.0818899,0.16800028,-1.0497377,0.07585145,229.40324,321.22443,0.36314085,0.41021648,0.13833755,0.10573235,inf,inf,inf,inf,1,1,1,1,2,0,2,1,48,1,1,1,0,0
21797776000,21797776000,1024000,41.606704,-86.3556021,-168.03648,299.3573,-323.85074,0.0005785315,2.966292e-05,0.0,-2.9625204,5.2461605,-5.676192,-5.7074375,-0.00041276135,-0.002250896,0.0029786904,-0.007701587,0.015729347,-0.06393349,-1.0497309,0.07585145,229.40324,324.09433,0.3666111,0.4125045,0.1404276,0.10644473,inf,inf,inf,inf,1,1,1,1,2,0,2,1,48,1,1,1,0,0
21798272000,21798272000,1024000,41.606704,-86.3556021,-169.48969,301.97897,-326.68127,0.0005785315,2.966292e-05,0.0,-2.9611213,5.2443132,-5.6783447,-5.710188,-0.00041276135,-0.002250896,0.0029786904,0.075515494,-0.08088556,0.026641348,-1.0500451,0.07585145,229.40324,326.92487,0.36793414,0.4140568,0.14071539,0.10675405,inf,inf,inf,inf,1,1,1,1,2,0,2,1,48,1,1,1,0,0
21798776000,21798776000,1024000,41.606704,-86.3556021,-170.961,304.6552,-329.5668,0.0005785315,2.966292e-05,0.0,-2.9528818,5.240147,-5.6841903,-5.7215614,-0.00041276135,-0.002250896,0.0029786904,0.007885243,-0.11365637,0.038713153,-1.0495474,0.07585145,229.40324,329.8104,0.3709129,0.41348997,0.1422729,0.107061066,inf,inf,inf,inf,1,1,1,1,2,0,2,1,48,1,1,1,0,0
21799272000,21799272000,1024000,41.606704,-86.3556021,-172.41125,307.2807,-332.40363,0.0005785315,2.966292e-05,0.0,-2.94998,5.231932,-5.6896443,-5.725842,-0.00041276135,-0.002250896,0.0029786904,0.11253409,-0.018051282,-0.0028741246,-1.0502223,0.07585145,229.40324,332.64722,0.37284985,0.41235238,0.14309077,0.107162006,inf,inf,inf,inf,1,1,1,1,2,0,2,1,48,1,1,1,0,0
21799776000,21799776000,1024000,41.606704,-86.3556021,-173.87819,309.9527,-335.28653,0.0005785315,2.966292e-05,0.0,-2.9402616,5.2340627,-5.6971493,-5.7294235,-0.00041276135,-0.002250896,0.0029786904,0.07354912,-0.030669626,-0.1065862,-1.0498005,0.07585145,229.40324,335.53012,0.37514806,0.4146007,0.14402795,0.1076711,inf,inf,inf,inf,1,1,1,1,2,0,2,1,48,1,1,1,0,0
21800272000,21800272000,1024000,41.606704,-86.3556021,-175.31953,312.58698,-338.11768,0.0005785315,2.966292e-05,0.0,-2.9356966,5.233863,-5.689694,-5.7139244,-0.00041276135,-0.002250896,0.0029786904,0.0013289257,0.104406364,-0.035069942,-1.0495508,0.07585145,229.40324,338.36127,0.35801384,0.41136655,0.13615665,0.10520221,inf,inf,inf,inf,1,1,1,1,2,0,2,1,48,1,1,1,0,0
21800776000,21800776000,1024000,41.606704,-86.3556021,-176.79137,315.24832,-340.99496,0.0005785315,2.966292e-05,0.0,-2.933188,5.2209744,-5.6954756,-5.715677,-0.00041276135,-0.002250896,0.0029786904,-0.026003348,-0.13197604,0.014451269,-1.0496943,0.07585145,229.40324,341.23856,0.38068715,0.41567895,0.1468122,0.10841006,inf,inf,inf,inf,1,1,1,1,2,0,2,1,48,1,1,1,0,0
21801272000,21801272000,1024000,41.606704,-86.3556021,-178.24092,317.87347,-343.83218,0.0005785315,2.966292e-05,0.0,-2.9325266,5.211212,-5.702618,-5.7236185,-0.00041276135,-0.002250896,0.0029786904,0.031048907,-0.06834348,0.12751849,-1.0498309,0.07585145,229.40324,344.07578,0.36209092,0.41225198,0.13799222,0.105794325,inf,inf,inf,inf,1,1,1,1,2,0,2,1,48,1,1,1,0,0
21801776000,21801776000,1024000,41.606704,-86.3556021,-179.7194,320.53995,-346.7124,0.0005785315,2.966292e-05,0.0,-2.929451,5.2107906,-5.7094865,-5.7253337,-0.00041276135,-0.002250896,0.0029786904,-0.0008178495,0.006768259,0.054431085,-1.0493675,0.07585145,229.40324,346.956,0.3864003,0.4168309,0.14962506,0.109162904,inf,inf,inf,inf,1,1,1,1,2,0,2,1,48,1,1,1,0,0
21802272000,21802272000,1024000,41.606704,-86.3556021,-181.16698,323.16794,-349.53506,0.0005785315,2.966292e-05,0.0,-2.9198759,5.210232,-5.711609,-5.7145,-0.00041276135,-0.002250896,0.0029786904,0.015053166,-0.060106553,0.0021010004,-1.0494281,0.07585145,229.40324,349.77866,0.36617687,0.4133034,0.13977964,0.106414735,inf,inf,inf,inf,1,1,1,1,2,0,2,1,48,1,1,1,0,0
21802776000,21802776000,1024000,41.606704,-86.3556021,-182.63657,325.83795,-352.42102,0.0005785315,2.966292e-05,0.0,-2.9122353,5.2049336,-5.7232637,-5.7291455,-0.00041276135,-0.002250896,0.0029786904,-0.048395,-0.032136507,-0.05401025,-1.0498785,0.07585145,229.40324,352.6646,0.3692996,0.41271415,0.14154324,0.1067364,inf,inf,inf,inf,1,1,1,1,2,0,2,1,48,1,1,1,0,0
21803272000,21803272000,1024000,41.606704,-86.3556021,-184.086,328.4618,-355.25592,0.0005785315,2.966292e-05,0.0,-2.9110086,5.2083216,-5.7213836,-5.7228346,-0.00041276135,-0.002250896,0.0029786904,0.067313895,0.03205055,-0.122845225,-1.049745,0.07585145,229.40324,355.4995,0.37144172,0.4144471,0.14253984,0.10719221,inf,inf,inf,inf,1,1,1,1,2,0,2,1,48,1,1,1,0,0
21803776000,21803776000,1024000,41.606704,-86.3556021,-185.56314,331.1331,-358.13165,0.0005785315,2.966292e-05,0.0,-2.9213495,5.205954,-5.728555,-5.7225227,-0.00041276135,-0.002250896,0.0029786904,0.0698396,-0.14470619,0.21273357,-1.0495981,0.07585145,229.40324,358.37524,0.3739874,0.41378307,0.14365923,0.107405476,inf,inf,inf,inf,1,1,1,1,2,0,2,1,48,1,1,1,0,0
21804272000,21804272000,1024000,41.606704,-86.3556021,-187.01964,333.76138,-360.96115,0.0005785315,2.966292e-05,0.0,-2.925541,5.200394,-5.7242074,-5.7136536,-0.00041276135,-0.002250896,0.0029786904,0.022210458,-0.05901129,-0.0031833237,-1.0495431,0.07585145,229.40324,361.20474,0.37680098,0.41556725,0.14525852,0.10794444,inf,inf,inf,inf,1,1,1,1,2,0,2,1,48,1,1,1,0,0
21804768000,21804768000,1024000,41.606704,-86.3556021,-188.46332,336.37994,-363.7947,0.0005785315,2.966292e-05,0.0,-2.9170551,5.203061,-5.7261343,-5.714418,-0.00041276135,-0.002250896,0.0029786904,-0.06774351,-0.04889071,0.08051463,-1.0496862,0.07585145,229.40324,364.0383,0.37790373,0.41429538,0.14531443,0.10790128,inf,inf,inf,inf,1,1,1,1,2,0,2,1,48,1,1,1,0,0
21805272000,21805272000,1024000,41.606704,-86.3556021,-189.94133,339.0436,-366.66504,0.0005785315,2.966292e-05,0.0,-2.9248147,5.2094846,-5.725992,-5.7084,-0.00041276135,-0.002250896,0.0029786904,-0.017344674,-0.081841156,-0.03629929,-1.0496372,0.07585145,229.40324,366.90863,0.36060187,0.41151452,0.13725698,0.10549792,inf,inf,inf,inf,1,1,1,1,2,0,2,1,48,1,1,1,0,0
21805768000,21805768000,1024000,41.606704,-86.3556021,-191.396,341.667,-369.50366,0.0005785315,2.966292e-05,0.0,-2.9228992,5.214193,-5.734498,-5.722137,-0.00041276135,-0.002250896,0.0029786904,0.0007683492,0.03140092,-0.011256027,-1.0494753,0.07585145,229.40324,369.74725,0.38400933,0.41829762,0.14860599,0.109036505,inf,inf,inf,inf,1,1,1,1,2,0,2,1,48,1,1,1,0,0
21806272000,21806272000,1024000,41.606704,-86.3556021,-192.86493,344.33008,-372.39258,0.0005785315,2.966292e-05,0.0,-2.91694,5.219829,-5.741085,-5.730748,-0.00041276135,-0.002250896,0.0029786904,-0.017083386,-0.07163525,-0.16069883,-1.0498546,0.07585145,229.40324,372.63617,0.36497903,0.41229928,0.13933411,0.10611047,inf,inf,inf,inf,1,1,1,1,2,0,2,1,48,1,1,1,0,0
21806776000,21806776000,1024000,41.606704,-86.3556021,-194.21844,346.84436,-374.67978,0.0005785315,2.966292e-05,0.0,-2.1306772,4.2638764,-2.661704,-2.662067,-0.00041276135,-0.002250896,0.0029786904,4.2358146,-4.500883,5.8478475,-1.0424577,0.07585145,229.40324,374.92337,0.36814028,0.41160706,0.13403206,0.10445133,inf,inf,inf,inf,1,1,1,1,2,0,2,1,48,1,1,1,0,0
21807272000,21807272000,1024000,41.606704,-86.3556021,-194.89598,348.3994,-375.61075,0.0005785315,2.966292e-05,0.0,-1.0066965,1.8230608,-1.384145,-1.4028153,-0.00041276135,-0.002250896,0.0029786904,0.067192174,-4.775403,-0.8944785,-1.0636227,0.07585145,229.40324,375.85434,0.36881703,0.41284963,0.14145586,0.098899305,inf,inf,inf,inf,1,1,1,1,2,0,2,1,48,1,1,1,0,0
21807776000,21807776000,1024000,41.606704,-86.3556021,-195.35497,348.96985,-376.2952,0.0005785315,2.966292e-05,0.0,-0.4784724,0.408892,-1.1066742,-1.1039166,-0.00041276135,-0.002250896,0.0029786904,1.3969682,-1.0800344,0.85958546,-1.0640103,0.07585145,229.40324,376.5388,0.37122488,0.41111717,0.15277782,0.0957992,inf,inf,inf,inf,1,1,1,1,2,0,2,1,48,1,1,1,0,0
21808272000,21808272000,1024000,41.606704,-86.3556021,-195.54485,349.13702,-376.75848,0.0005785315,2.966292e-05,0.0,-0.22425805,0.20830102,-0.7579657,-0.7308703,-0.00041276135,-0.002250896,0.0029786904,0.41025424,-0.71423733,1.7480205,-1.0604422,0.07585145,229.40324,377.00208,0.3743686,0.41133356,0.15625386,0.09483597,inf,inf,inf,inf,1,1,1,1,2,0,2,1,48,1,1,1,0,0
21808768000,21808768000,1024000,41.606704,-86.3556021,-195.57402,349.08008,-376.93646,0.0005785315,2.966292e-05,0.0,0.2817629,-0.47544265,-0.12762696,-0.09521645,-0.00041276135,-0.002250896,0.0029786904,1.0034462,-1.7098974,0.87687826,-1.0611578,0.07585145,229.40324,377.18005,0.37591785,0.41138652,0.1591063,0.09573736,inf,inf,inf,inf,1,1,1,1,2,0,2,1,48,1,1,1,0,0
21809272000,21809272000,1024000,41.606704,-86.3556021,-195.36649,348.62674,-376.89038,0.0005785315,2.966292e-05,0.0,0.6585585,-1.2641209,0.30368584,0.32523257,-0.00041276135,-0.002250896,0.0029786904,0.570342,-0.9117588,1.1848172,-1.063131,0.07585145,229.40324,377.13397,0.35910884,0.40566313,0.1517428,0.09568621,inf,inf,inf,inf,1,1,1,1,2,0,2,1,48,1,1,1,0,0
21809768000,21809768000,1024000,41.606704,-86.3556021,-194.99675,347.886,-376.63522,0.0005785315,2.966292e-05,0.0,0.88521,-1.5814284,0.75198764,0.75803363,-0.00041276135,-0.002250896,0.0029786904,0.12483469,-0.3155557,0.645833,-1.0527744,0.07585145,229.40324,376.8788,0.38202354,0.40672916,0.16472362,0.10064094,inf,inf,inf,inf,1,1,1,1,2,0,2,1,48,1,1,1,0,0
21810272000,21810272000,1024000,41.606704,-86.3556021,-194.55101,347.02908,-376.2509,0.0005785315,2.966292e-05,0.0,0.8756765,-1.6178458,0.81605417,0.8116899,-0.00041276135,-0.002250896,0.0029786904,-0.08447058,0.3679169,0.44896352,-1.0549873,0.07585145,229.40324,376.49448,0.3633689,0.40429294,0.1532431,0.101395085,inf,inf,inf,inf,1,1,1,1,2,0,2,1,48,1,1,1,0,0
21810776000,21810776000,1024000,41.606704,-86.3556021,-194.10599,346.25027,-375.80444,0.0005785315,2.966292e-05,0.0,0.8000828,-1.2469587,0.9897058,0.97483337,-0.00041276135,-0.002250896,0.0029786904,-0.28907165,0.953095,0.10563519,-1.0447911,0.07585145,229.40324,376.04803,0.36722103,0.4030489,0.15617014,0.1047496,inf,inf,inf,inf,1,1,1,1,2,0,2,1,48,1,1,1,0,0
21811272000,21811272000,1024000,41.606704,-86.3556021,-193.72136,345.68835,-375.32288,0.0005785315,2.966292e-05,0.0,0.605639,-0.9262774,1.0179487,0.995336,-0.00041276135,-0.002250896,0.0029786904,-0.5782525,0.5518955,-0.019642588,-1.0502075,0.07585145,229.40324,375.56647,0.36876887,0.4043097,0.15752037,0.1078226,inf,inf,inf,inf,1,1,1,1,2,0,2,1,48,1,1,1,0,0
21811768000,21811768000,1024000,41.606704,-86.3556021,-193.42155,345.26318,-374.85117,0.0005785315,2.966292e-05,0.0,0.43360543,-0.67899996,1.0519011,1.007767,-0.00041276135,-0.002250896,0.0029786904,-0.27500638,0.57907975,0.07916235,-1.0512809,0.07585145,229.40324,375.09476,0.37133926,0.40599248,0.1595407,0.11083657,inf,inf,inf,inf,1,1,1,1,2,0,2,1,48,1,1,1,0,0
21812272000,21812272000,1024000,41.606704,-86.3556021,-193.20949,344.97745,-374.3514,0.0005785315,2.966292e-05,0.0,0.2476756,-0.39928,1.0702841,1.0168043,-0.00041276135,-0.002250896,0.0029786904,-0.40098503,0.50417644,-0.006208259,-1.051931,0.07585145,229.40324,374.595,0.3741954,0.40588447,0.16058543,0.113318846,inf,inf,inf,inf,1,1,1,1,2,0,2,1,48,1,1,1,0,0
21812776000,21812776000,1024000,41.606704,-86.3556021,-193.07846,344.8209,-373.86444,0.0005785315,2.966292e-05,0.0,0.09424189,-0.17503396,1.0580436,0.990473,-0.00041276135,-0.002250896,0.0029786904,-0.26677355,0.44712594,0.10355648,-1.0521634,0.07585145,229.40324,374.10803,0.37675333,0.40621343,0.16060358,0.11534282,inf,inf,inf,inf,1,1,1,1,2,0,2,1,48,1,1,1,0,0
21813272000,21813272000,1024000,41.606704,-86.3556021,-193.02104,344.77454,-373.3899,0.0005785315,2.966292e-05,0.0,-0.010279338,-0.045179296,1.0731838,0.99266845,-0.00041276135,-0.002250896,0.0029786904,-0.26566476,0.12710671,0.121870935,-1.0517162,0.07585145,229.40324,373.63348,0.35897946,0.40433365,0.14843969,0.11354734,inf,inf,inf,inf,1,1,1,1,2,0,2,1,48,1,1,1,0,0
21813768000,21813768000,1024000,41.606704,-86.3556021,-193.01962,344.77725,-372.89957,0.0005785315,2.966292e-05,0.0,-0.066815995,0.0048726886,1.070701,0.991585,-0.00041276135,-0.002250896,0.0029786904,-0.10110162,-0.0072171628,0.012637053,-1.0506641,0.07585145,229.40324,373.14316,0.38201082,0.40681416,0.15885091,0.11830376,inf,inf,inf,inf,1,1,1,1,2,0,2,1,48,1,1,1,0,0
21814272000,21814272000,1024000,41.606704,-86.3556021,-193.03511,344.7869,-372.40353,0.0005785315,2.966292e-05,0.0,-0.068741605,0.0046174694,1.0701616,0.9902947,-0.00041276135,-0.002250896,0.0029786904,0.004663095,-0.029652344,-0.121699706,-1.0495391,0.07585145,229.40324,372.64713,0.36333105,0.4055028,0.1461808,0.11581153,inf,inf,inf,inf,1,1,1,1,2,0,2,1,48,1,1,1,0,0
21814776000,21814776000,1024000,41.606704,-86.3556021,-193.06679,344.79523,-371.89764,0.0005785315,2.966292e-05,0.0,-0.062034618,-0.002425672,1.079155,1.0065765,-0.00041276135,-0.002250896,0.0029786904,0.033305965,-0.03604026,-0.088877104,-1.0488602,0.07585145,229.40324,372.14124,0.3886353,0.4119701,0.1574225,0.120850295,inf,inf,inf,inf,1,1,1,1,2,0,2,1,48,1,1,1,0,0
21815272000,21815272000,1024000,41.606704,-86.3556021,-193.10172,344.79852,-371.40063,0.0005785315,2.966292e-05,0.0,-0.039802074,-0.020169523,1.0563407,0.98720664,-0.00041276135,-0.002250896,0.0029786904,-0.10260337,-0.15523715,-1.311386,-1.0488267,0.07585145,229.40324,371.64423,0.3673762,0.40925932,0.14457655,0.117337905,inf,inf,inf,inf,1,1,1,1,2,0,2,1,48,1,1,1,0,0
21815776000,21815776000,1024000,41.606704,-86.3556021,-193.1213,344.79715,-370.90854,0.0005785315,2.966292e-05,0.0,-0.0041765524,-0.028892867,1.0628607,0.98721117,-0.00041276135,-0.002250896,0.0029786904,0.064572416,0.020272585,0.05361897,-1.0487114,0.07585145,229.40324,371.15213,0.37050518,0.4127762,0.14523317,0.11828753,inf,inf,inf,inf,1,1,1,1,2,0,2,1,48,1,1,1,0,0
21816272000,21816272000,1024000,41.606704,-86.3556021,-193.12459,344.78656,-370.41168,0.0005785315,2.966292e-05,0.0,0.016956363,-0.036099944,1.0628333,0.99286664,-0.00041276135,-0.002250896,0.0029786904,-0.011909703,0.016477799,0.031470258,-1.0489331,0.07585145,229.40324,370.65527,0.3725156,0.41269904,0.14533137,0.11853443,inf,inf,inf,inf,1,1,1,1,2,0,2,1,48,1,1,1,0,0
21816776000,21816776000,1024000,41.606704,-86.3556021,-193.12614,344.77975,-369.91586,0.0005785315,2.966292e-05,0.0,0.025456915,-0.032255538,1.0608257,0.98921466,-0.00041276135,-0.002250896,0.0029786904,-0.00634194,0.014870781,0.013363484,-1.0493524,0.07585145,229.40324,370.15945,0.37497297,0.415888,0.14589553,0.11915209,inf,inf,inf,inf,1,1,1,1,2,0,2,1,48,1,1,1,0,0
21817272000,21817272000,1024000,41.606704,-86.3556021,-193.12068,344.7649,-369.42227,0.0005785315,2.966292e-05,0.0,0.031445693,-0.028673958,1.0549648,0.988612,-0.00041276135,-0.002250896,0.0029786904,0.028028594,0.053530112,0.0066262963,-1.0493314,0.07585145,229.40324,369.66586,0.37768778,0.41553447,0.14717132,0.1194021,inf,inf,inf,inf,1,1,1,1,2,0,2,1,48,1,1,1,0,0
21817776000,21817776000,1024000,41.606704,-86.3556021,-193.11143,344.74124,-368.90958,0.0005785315,2.966292e-05,0.0,0.028418753,-0.023421288,1.0437373,0.9914224,-0.00041276135,-0.002250896,0.0029786904,-0.13866028,-0.047157034,-0.16684556,-1.0489297,0.07585145,229.40324,369.15317,0.37933218,0.41839355,0.14732347,0.11978174,inf,inf,inf,inf,1,1,1,1,2,0,2,1,48,1,1,1,0,0
21818272000,21818272000,1024000,41.606704,-86.3556021,-193.09953,344.71927,-368.40683,0.0005785315,2.966292e-05,0.0,0.021951174,-0.004784394,1.0233289,0.9825684,-0.00041276135,-0.002250896,0.0029786904,0.36528572,0.26510346,0.33116055,-1.049005,0.07585145,229.40324,368.65042,0.36101052,0.41186333,0.13860573,0.11587461,inf,inf,inf,inf,1,1,1,1,2,0,2,1,48,1,1,1,0,0
21818776000,21818776000,1024000,41.606704,-86.3556021,-193.0884,344.7066,-367.91006,0.0005785315,2.966292e-05,0.0,0.0070779365,0.012934159,1.0313828,0.9904266,-0.00041276135,-0.002250896,0.0029786904,-0.06927617,0.019154035,0.050046418,-1.049408,0.07585145,229.40324,368.15366,0.38523954,0.42079148,0.15051998,0.12070301,inf,inf,inf,inf,1,1,1,1,2,0,2,1,48,1,1,1,0,0
21819272000,21819272000,1024000,41.606704,-86.3556021,-193.07744,344.70212,-367.41406,0.0005785315,2.966292e-05,0.0,-0.0009082853,0.022209687,1.032758,0.99442923,-0.00041276135,-0.002250896,0.0029786904,-0.06559153,0.041636556,0.09763513,-1.0495671,0.07585145,229.40324,367.65765,0.36528146,0.41668057,0.14059743,0.11692214,inf,inf,inf,inf,1,1,1,1,2,0,2,1,48,1,1,1,0,0
21819776000,21819776000,1024000,41.606704,-86.3556021,-193.05971,344.70142,-366.91702,0.0005785315,2.966292e-05,0.0,-0.008232632,0.026571134,1.0409247,0.99756974,-0.00041276135,-0.002250896,0.0029786904,-0.012317207,0.016541649,0.070503846,-1.0492127,0.07585145,229.40324,367.1606,0.36856776,0.41655725,0.14250316,0.117411375,inf,inf,inf,inf,1,1,1,1,2,0,2,1,48,1,1,1,0,0
21820272000,21820272000,1024000,41.606704,-86.3556021,-193.05072,344.70517,-366.4228,0.0005785315,2.966292e-05,0.0,-0.026352428,0.025315661,1.0446707,0.99884707,-0.00041276135,-0.002250896,0.0029786904,-0.008165474,0.03746049,-0.0026282554,-1.0493342,0.07585145,229.40324,366.66638,0.3696196,0.41557425,0.14256467,0.11736257,inf,inf,inf,inf,1,1,1,1,2,0,2,1,48,1,1,1,0,0
21820768000,21820768000,1024000,41.606704,-86.3556021,-193.04823,344.71198,-365.9231,0.0005785315,2.966292e-05,0.0,-0.02943401,0.024076985,1.0487288,1.0053765,-0.00041276135,-0.002250896,0.0029786904,-0.17826393,-0.020379938,-0.13102596,-1.049209,0.07585145,229.40324,366.1667,0.37162793,0.41754508,0.14361006,0.11786141,inf,inf,inf,inf,1,1,1,1,2,0,2,1,48,1,1,1,0,0
21821272000,21821272000,1024000,41.606704,-86.3556021,-193.04774,344.7122,-365.41077,0.0005785315,2.966292e-05,0.0,-0.035408325,0.014965958,1.0456442,1.0091536,-0.00041276135,-0.002250896,0.0029786904,-0.2624315,-0.14816882,1.382509,-1.0492299,0.07585145,229.40324,365.65436,0.37530318,0.42017844,0.1457856,0.11874551,inf,inf,inf,inf,1,1,1,1,2,0,2,1,48,1,1,1,0,0
21821776000,21821776000,1024000,41.606704,-86.3556021,-193.04984,344.71277,-364.90683,0.0005785315,2.966292e-05,0.0,-0.032059304,0.01939629,1.0346456,0.997573,-0.00041276135,-0.002250896,0.0029786904,-0.0061385566,-0.0025106133,0.04350667,-1.0490639,0.07585145,229.40324,365.15042,0.37736973,0.4195459,0.14643382,0.118919075,inf,inf,inf,inf,1,1,1,1,2,0,2,1,48,1,1,1,0,0
21822272000,21822272000,1024000,41.606704,-86.3556021,-193.04411,344.71243,-364.41168,0.0005785315,2.966292e-05,0.0,-0.031465434,0.011520212,1.040743,1.0035619,-0.00041276135,-0.002250896,0.0029786904,-0.012413268,-0.09236381,-0.03853353,-1.0490817,0.07585145,229.40324,364.65527,0.35967806,0.41549993,0.13799845,0.11554721,inf,inf,inf,inf,1,1,1,1,2,0,2,1,48,1,1,1,0,0
21822776000,21822776000,1024000,41.606704,-86.3556021,-193.04234,344.7131,-363.8994,0.0005785315,2.966292e-05,0.0,-0.036614623,0.012732442,1.0338002,1.0029701,-0.00041276135,-0.002250896,0.0029786904,0.027284173,0.014022519,-0.0009705013,-1.0489424,0.07585145,229.40324,364.143,0.3824959,0.42086548,0.14869288,0.1198178,inf,inf,inf,inf,1,1,1,1,2,0,2,1,48,1,1,1,0,0
21823272000,21823272000,1024000,41.606704,-86.3556021,-193.03839,344.7099,-363.40155,0.0005785315,2.966292e-05,0.0,-0.037033882,0.011017447,1.0270065,0.9974976,-0.00041276135,-0.002250896,0.0029786904,0.033162035,0.06725355,-0.06063661,-1.0489007,0.07585145,229.40324,363.64514,0.3633469,0.41671816,0.13943447,0.1162798,inf,inf,inf,inf,1,1,1,1,2,0,2,1,48,1,1,1,0,0
21823776000,21823776000,1024000,41.606704,-86.3556021,-193.03569,344.71347,-362.8913,0.0005785315,2.966292e-05,0.0,-0.034996983,0.014667534,1.0243845,1.0002973,-0.00041276135,-0.002250896,0.0029786904,0.044908285,0.058059458,-0.110333845,-1.0490882,0.07585145,229.40324,363.1349,0.3668939,0.41630024,0.14155263,0.11687765,inf,inf,inf,inf,1,1,1,1,2,0,2,1,48,1,1,1,0,0
21824272000,21824272000,1024000,41.606704,-86.3556021,-193.04059,344.7173,-362.3861,0.0005785315,2.966292e-05,0.0,-0.036376588,0.014159087,1.0215153,1.0054042,-0.00041276135,-0.002250896,0.0029786904,0.049592253,0.14152199,-0.22890702,-1.0487697,0.07585145,229.40324,362.6297,0.36820608,0.4179542,0.14177409,0.1172476,inf,inf,inf,inf,1,1,1,1,2,0,2,1,48,1,1,1,0,0
21824776000,21824776000,1024000,41.606704,-86.3556021,-193.05063,344.72247,-361.8718,0.0005785315,2.966292e-05,0.0,-0.035434663,0.015641356,0.9989168,0.992455,-0.00041276135,-0.002250896,0.0029786904,-0.22829226,-0.040395785,-1.2768843,-1.0486293,0.07585145,229.40324,362.1154,0.37119249,0.4172941,0.14333154,0.117654994,inf,inf,inf,inf,1,1,1,1,2,0,2,1,48,1,1,1,0,0
21825272000,21825272000,1024000,41.606704,-86.3556021,-193.06174,344.72736,-361.375,0.0005785315,2.966292e-05,0.0,-0.028317261,0.018905995,1.0008658,0.99589396,-0.00041276135,-0.002250896,0.0029786904,-0.029194433,-0.011842132,0.10169197,-1.0488756,0.07585145,229.40324,361.6186,0.37306222,0.4190124,0.14400351,0.1181479,inf,inf,inf,inf,1,1,1,1,2,0,2,1,48,1,1,1,0,0
21825768000,21825768000,1024000,41.606704,-86.3556021,-193.07195,344.7282,-360.87735,0.0005785315,2.966292e-05,0.0,-0.015569957,0.006706216,1.0027374,0.99893063,-0.00041276135,-0.002250896,0.0029786904,-0.020477323,-0.018940136,-0.12757169,-1.0486679,0.07585145,229.40324,361.12094,0.37465155,0.42062822,0.14447096,0.11855735,inf,inf,inf,inf,1,1,1,1,2,0,2,1,48,1,1,1,0,0
21826272000,21826272000,1024000,41.606704,-86.3556021,-193.07904,344.72107,-360.36752,0.0005785315,2.966292e-05,0.0,-0.008787135,0.0077177025,0.9975227,0.99902374,-0.00041276135,-0.002250896,0.0029786904,0.045257024,0.012802163,-0.09286782,-1.0488483,0.07585145,229.40324,360.6111,0.35815713,0.41418368,0.13679224,0.11509979,inf,inf,inf,inf,1,1,1,1,2,0,2,1,48,1,1,1,0,0
21826776000,21826776000,1024000,41.606704,-86.3556021,-193.08548,344.7157,-359.85556,0.0005785315,2.966292e-05,0.0,-0.0014062016,0.008489935,0.9865329,0.9948647,-0.00041276135,-0.002250896,0.0029786904,0.01491196,0.028932003,-0.07970451,-1.0490292,0.07585145,229.40324,360.09915,0.3809319,0.42231315,0.14753208,0.11974627,inf,inf,inf,inf,1,1,1,1,2,0,2,1,48,1,1,1,0,0
21827272000,21827272000,1024000,41.606704,-86.3556021,-193.08792,344.70343,-359.34924,0.0005785315,2.966292e-05,0.0,0.0011196268,0.014522312,0.9832919,1.001289,-0.00041276135,-0.002250896,0.0029786904,0.003270088,0.04435505,-0.08226285,-1.048815,0.07585145,229.40324,359.59283,0.3622452,0.41507247,0.13855359,0.11590459,inf,inf,inf,inf,1,1,1,1,2,0,2,1,48,1,1,1,0,0
21827768000,21827768000,1024000,41.606704,-86.3556021,-193.09279,344.69382,-358.85202,0.0005785315,2.966292e-05,0.0,0.0012519739,0.028552435,0.96786,0.9880797,-0.00041276135,-0.002250896,0.0029786904,-0.19117808,0.021808669,-1.3251482,-1.0487803,0.07585145,229.40324,359.0956,0.38589904,0.42291299,0.1499193,0.12059435,inf,inf,inf,inf,1,1,1,1,2,0,2,1,48,1,1,1,0,0
21828272000,21828272000,1024000,41.606704,-86.3556021,-193.08742,344.68805,-358.35776,0.0005785315,2.966292e-05,0.0,0.007080462,0.029987188,0.9792971,0.99249786,-0.00041276135,-0.002250896,0.0029786904,-0.00069487764,0.044352647,0.047437783,-1.0490831,0.07585145,229.40324,358.60135,0.36622706,0.41899318,0.14007612,0.11701501,inf,inf,inf,inf,1,1,1,1,2,0,2,1,48,1,1,1,0,0
21828776000,21828776000,1024000,41.606704,-86.3556021,-193.08403,344.68393,-357.8528,0.0005785315,2.966292e-05,0.0,0.0021567917,0.03903979,0.98042965,0.9951609,-0.00041276135,-0.002250896,0.0029786904,0.059201483,0.015192853,-0.012066278,-1.0487838,0.07585145,229.40324,358.0964,0.36936668,0.41836354,0.14177962,0.117489845,inf,inf,inf,inf,1,1,1,1,2,0,2,1,48,1,1,1,0,0
21829272000,21829272000,1024000,41.606704,-86.3556021,-193.07918,344.6847,-357.3535,0.0005785315,2.966292e-05,0.0,-1.7620096e-06,0.04168659,0.97888285,0.9968602,-0.00041276135,-0.002250896,0.0029786904,0.06359453,0.09219485,-0.044880494,-1.0489854,0.07585145,229.40324,357.59708,0.37145966,0.41718823,0.14269578,0.11771465,inf,inf,inf,inf,1,1,1,1,2,0,2,1,48,1,1,1,0,0
21829776000,21829776000,1024000,41.606704,-86.3556021,-193.08229,344.6786,-356.8484,0.0005785315,2.966292e-05,0.0,-0.0073771197,0.04119876,0.98267955,1.0018535,-0.00041276135,-0.002250896,0.0029786904,0.018701948,0.04201568,-0.09793515,-1.0491202,0.07585145,229.40324,357.09198,0.37402356,0.41959593,0.14379585,0.11841206,inf,inf,inf,inf,1,1,1,1,2,0,2,1,48,1,1,1,0,0
21830272000,21830272000,1024000,41.606704,-86.3556021,-193.08359,344.68146,-356.35165,0.0005785315,2.966292e-05,0.0,-0.0030969484,0.04308529,0.9784785,0.9975436,-0.00041276135,-0.002250896,0.0029786904,-0.051035732,0.0056172265,-0.18590507,-1.048918,0.07585145,229.40324,356.59525,0.376854,0.42148373,0.14538652,0.11911263,inf,inf,inf,inf,1,1,1,1,2,0,2,1,48,1,1,1,0,0
21830776000,21830776000,1024000,41.606704,-86.3556021,-193.08357,344.6877,-355.8435,0.0005785315,2.966292e-05,0.0,-0.0003475534,0.042070836,0.9829942,1.0065387,-0.00041276135,-0.002250896,0.0029786904,-0.23193458,-0.15268943,1.3330363,-1.0490367,0.07585145,229.40324,356.0871,0.37862653,0.4207791,0.14570805,0.11926674,inf,inf,inf,inf,1,1,1,1,2,0,2,1,48,1,1,1,0,0
21831272000,21831272000,1024000,41.606704,-86.3556021,-193.07996,344.68793,-355.35492,0.0005785315,2.966292e-05,0.0,0.00015526789,0.039059497,0.9738498,0.99209356,-0.00041276135,-0.002250896,0.0029786904,-0.01132119,0.027473457,0.09865213,-1.0489813,0.07585145,229.40324,355.5985,0.3605414,0.41668624,0.13725448,0.11584468,inf,inf,inf,inf,1,1,1,1,2,0,2,1,48,1,1,1,0,0
21831768000,21831768000,1024000,41.606704,-86.3556021,-193.08015,344.696,-354.86905,0.0005785315,2.966292e-05,0.0,-0.007773228,0.039249036,0.9840048,0.9943751,-0.00041276135,-0.002250896,0.0029786904,-0.042590253,-0.028984817,0.005203236,-1.0492327,0.07585145,229.40324,355.11264,0.38404074,0.42170006,0.1485684,0.12025569,inf,inf,inf,inf,1,1,1,1,2,0,2,1,48,1,1,1,0,0
21832272000,21832272000,1024000,41.606704,-86.3556021,-193.0785,344.6997,-354.36765,0.0005785315,2.966292e-05,0.0,-0.011673135,0.025311247,0.9898951,0.9982316,-0.00041276135,-0.002250896,0.0029786904,0.0009213357,-0.04703035,0.0060982364,-1.0493333,0.07585145,229.40324,354.61124,0.3649977,0.4151866,0.13923368,0.11647723,inf,inf,inf,inf,1,1,1,1,2,0,2,1,48,1,1,1,0,0
21832776000,21832776000,1024000,41.606704,-86.3556021,-193.07503,344.69995,-353.87503,0.0005785315,2.966292e-05,0.0,-0.011779628,0.025432758,0.9999367,0.9995143,-0.00041276135,-0.002250896,0.0029786904,-0.08544394,0.059362557,0.09580042,-1.0494329,0.07585145,229.40324,354.11862,0.36832526,0.41782564,0.14111418,0.11738642,inf,inf,inf,inf,1,1,1,1,2,0,2,1,48,1,1,1,0,0
21833272000,21833272000,1024000,41.606704,-86.3556021,-193.0695,344.7069,-353.37323,0.0005785315,2.966292e-05,0.0,-0.0112881325,0.024395153,1.0016881,1.0051639,-0.00041276135,-0.002250896,0.0029786904,-0.042185627,-0.042516798,-0.17711246,-1.0493159,0.07585145,229.40324,353.61682,0.36941192,0.41660988,0.14115845,0.117374524,inf,inf,inf,inf,1,1,1,1,2,0,2,1,48,1,1,1,0,0
21833768000,21833768000,1024000,41.606704,-86.3556021,-193.06105,344.71344,-352.87967,0.0005785315,2.966292e-05,0.0,-0.013530272,0.020786507,1.0024977,1.0050055,-0.00041276135,-0.002250896,0.0029786904,-0.22862172,-0.2051682,1.4266696,-1.0491605,0.07585145,229.40324,353.12326,0.37150255,0.41849858,0.14227192,0.117933005,inf,inf,inf,inf,1,1,1,1,2,0,2,1,48,1,1,1,0,0
21834272000,21834272000,1024000,41.606704,-86.3556021,-193.05266,344.71555,-352.3832,0.0005785315,2.966292e-05,0.0,-0.019565698,0.017127806,1.0036651,0.99959135,-0.00041276135,-0.002250896,0.0029786904,-0.085480675,-0.02965523,0.060863726,-1.049148,0.07585145,229.40324,352.6268,0.37529975,0.42108735,0.14445637,0.11887531,inf,inf,inf,inf,1,1,1,1,2,0,2,1,48,1,1,1,0,0
21834776000,21834776000,1024000,41.606704,-86.3556021,-193.05414,344.72168,-351.88226,0.0005785315,2.966292e-05,0.0,-0.02795632,0.01693335,1.0064507,0.9993641,-0.00041276135,-0.002250896,0.0029786904,-0.040323425,-0.018362774,0.09795271,-1.0487552,0.07585145,229.40324,352.12585,0.3773405,0.4204356,0.14500676,0.11907375,inf,inf,inf,inf,1,1,1,1,2,0,2,1,48,1,1,1,0,0
21835272000,21835272000,1024000,41.606704,-86.3556021,-193.06027,344.72195,-351.39517,0.0005785315,2.966292e-05,0.0,-0.026325703,0.008760753,1.0139327,1.0002208,-0.00041276135,-0.002250896,0.0029786904,0.010753923,0.05952112,0.06588169,-1.0486233,0.07585145,229.40324,351.63876,0.35966477,0.41634342,0.13674572,0.11569038,inf,inf,inf,inf,1,1,1,1,2,0,2,1,48,1,1,1,0,0
21835768000,21835768000,1024000,41.606704,-86.3556021,-193.06487,344.7212,-350.8958,0.0005785315,2.966292e-05,0.0,-0.023034375,0.009588782,1.0133277,1.0022054,-0.00041276135,-0.002250896,0.0029786904,-0.061146207,0.069639385,0.004236523,-1.0490083,0.07585145,229.40324,351.1394,0.38164255,0.42102775,0.14692868,0.119775526,inf,inf,inf,inf,1,1,1,1,2,0,2,1,48,1,1,1,0,0
21836272000,21836272000,1024000,41.606704,-86.3556021,-193.0631,344.7225,-350.3989,0.0005785315,2.966292e-05,0.0,-0.017219285,0.015355138,1.0168991,0.9995546,-0.00041276135,-0.002250896,0.0029786904,0.041732576,-0.030479748,-0.086138085,-1.0490127,0.07585145,229.40324,350.6425,0.36323863,0.41456673,0.13811843,0.11606745,inf,inf,inf,inf,1,1,1,1,2,0,2,1,48,1,1,1,0,0
21836776000,21836776000,1024000,41.606704,-86.3556021,-193.06178,344.72427,-349.89462,0.0005785315,2.966292e-05,0.0,-0.017416911,0.015530788,1.0179894,1.001818,-0.00041276135,-0.002250896,0.0029786904,0.065373585,0.036714386,-0.10220154,-1.0487419,0.07585145,229.40324,350.1382,0.36668873,0.41717365,0.14019981,0.117009506,inf,inf,inf,inf,1,1,1,1,2,0,2,1,48,1,1,1,0,0
21837272000,21837272000,1024000,41.606704,-86.3556021,-193.06485,344.72763,-349.39493,0.0005785315,2.966292e-05,0.0,-0.02404609,0.0112112,1.0115076,0.99781245,-0.00041276135,-0.002250896,0.0029786904,-0.044612326,-0.05037801,-1.2432822,-1.0488979,0.07585145,229.40324,349.63852,0.36799386,0.41602498,0.14049964,0.11706781,inf,inf,inf,inf,1,1,1,1,2,0,2,1,48,1,1,1,0,0
21837776000,21837776000,1024000,41.606704,-86.3556021,-193.06384,344.71878,-348.8854,0.0005785315,2.966292e-05,0.0,-0.017837262,0.009687208,1.0152001,1.0063041,-0.00041276135,-0.002250896,0.0029786904,-0.0534314,0.047158886,0.061536137,-1.0489916,0.07585145,229.40324,349.129,0.37095693,0.4185056,0.1420647,0.11785066,inf,inf,inf,inf,1,1,1,1,2,0,2,1,48,1,1,1,0,0
21838272000,21838272000,1024000,41.606704,-86.3556021,-193.06268,344.7127,-348.37637,0.0005785315,2.966292e-05,0.0,-0.019822754,0.017721653,1.001622,1.0033227,-0.00041276135,-0.002250896,0.0029786904,0.010120288,0.09495328,0.0032791235,-1.0489568,0.07585145,229.40324,348.61996,0.3728167,0.4202729,0.14286754,0.1183358,inf,inf,inf,inf,1,1,1,1,2,0,2,1,48,1,1,1,0,0
21838776000,21838776000,1024000,41.606704,-86.3556021,-193.05533,344.70377,-347.86465,0.0005785315,2.966292e-05,0.0,-0.020504005,0.01770323,0.9861127,0.9942208,-0.00041276135,-0.002250896,0.0029786904,-0.024825603,0.0067771208,-0.0064513343,-1.0487471,0.07585145,229.40324,348.10825,0.37511596,0.41951063,0.14383592,0.11856302,inf,inf,inf,inf,1,1,1,1,2,0,2,1,48,1,1,1,0,0
21839272000,21839272000,1024000,41.606704,-86.3556021,-193.0497,344.69666,-347.37543,0.0005785315,2.966292e-05,0.0,-0.029763462,0.024749625,0.9925139,0.99552244,-0.00041276135,-0.002250896,0.0029786904,-0.051089,-0.00403425,-0.047084935,-1.048939,0.07585145,229.40324,347.61902,0.35799262,0.41540423,0.13599679,0.11524475,inf,inf,inf,inf,1,1,1,1,2,0,2,1,48,1,1,1,0,0
21839768000,21839768000,1024000,41.606704,-86.3556021,-193.05194,344.69626,-346.87915,0.0005785315,2.966292e-05,0.0,-0.032278202,0.029010449,0.9988949,1.0030543,-0.00041276135,-0.002250896,0.0029786904,0.039984223,0.0066952077,-0.09810372,-1.0489016,0.07585145,229.40324,347.12274,0.37991893,0.42300805,0.14623651,0.11971946,inf,inf,inf,inf,1,1,1,1,2,0,2,1,48,1,1,1,0,0
21840272000,21840272000,1024000,41.606704,-86.3556021,-193.05124,344.6885,-346.37433,0.0005785315,2.966292e-05,0.0,-0.027782282,0.030929536,0.9960073,1.0013605,-0.00041276135,-0.002250896,0.0029786904,0.31701964,0.1347739,0.2384567,-1.0488845,0.07585145,229.40324,346.61792,0.36207226,0.4163318,0.13778438,0.1160434,inf,inf,inf,inf,1,1,1,1,2,0,2,1,48,1,1,1,0,0
21840768000,21840768000,1024000,41.606704,-86.3556021,-193.05713,344.68353,-345.87048,0.0005785315,2.966292e-05,0.0,-0.034857895,0.03416627,0.9886068,1.0001459,-0.00041276135,-0.002250896,0.0029786904,-0.074801914,0.08903,0.058863245,-1.0488704,0.07585145,229.40324,346.11407,0.38560703,0.4241621,0.14906491,0.120722815,inf,inf,inf,inf,1,1,1,1,2,0,2,1,48,1,1,1,0,0
21841272000,21841272000,1024000,41.606704,-86.3556021,-193.06548,344.68503,-345.36118,0.0005785315,2.966292e-05,0.0,-0.033592157,0.039617226,0.9822808,0.99880785,-0.00041276135,-0.002250896,0.0029786904,-0.013307163,0.017972559,0.028250674,-1.0488378,0.07585145,229.40324,345.60477,0.3661594,0.41729194,0.13956597,0.11683175,inf,inf,inf,inf,1,1,1,1,2,0,2,1,48,1,1,1,0,0
21841768000,21841768000,1024000,41.606704,-86.3556021,-193.06839,344.6859,-344.85983,0.0005785315,2.966292e-05,0.0,-0.028021682,0.03790163,0.97455686,0.9961175,-0.00041276135,-0.002250896,0.0029786904,0.051580846,-0.016997283,-0.016720098,-1.0491437,0.07585145,229.40324,345.10342,0.368593,0.41624886,0.14099233,0.11716247,inf,inf,inf,inf,1,1,1,1,2,0,2,1,48,1,1,1,0,0
21842272000,21842272000,1024000,41.606704,-86.3556021,-193.07025,344.6954,-344.3684,0.0005785315,2.966292e-05,0.0,-0.02549419,0.039276294,0.9791241,0.9910021,-0.00041276135,-0.002250896,0.0029786904,0.06985078,0.003086986,0.08191627,-1.0491792,0.07585145,229.40324,344.612,0.37136793,0.41874778,0.14224981,0.11792982,inf,inf,inf,inf,1,1,1,1,2,0,2,1,48,1,1,1,0,0
21842776000,21842776000,1024000,41.606704,-86.3556021,-193.05815,344.70312,-343.8719,0.0005785315,2.966292e-05,0.0,-0.020095827,0.033383694,0.9950392,1.0001379,-0.00041276135,-0.002250896,0.0029786904,-0.07263972,0.07470359,-0.2443856,-1.0491177,0.07585145,229.40324,344.11548,0.37391827,0.41813716,0.1432916,0.1182541,inf,inf,inf,inf,1,1,1,1,2,0,2,1,48,1,1,1,0,0
21843272000,21843272000,1024000,41.606704,-86.3556021,-193.04005,344.71213,-343.38303,0.0005785315,2.966292e-05,0.0,-0.025201758,0.024592713,1.0070381,1.005234,-0.00041276135,-0.002250896,0.0029786904,-0.28886607,-0.13395064,1.4516495,-1.0493078,0.07585145,229.40324,343.62662,0.37673235,0.41999772,0.14485832,0.11893941,inf,inf,inf,inf,1,1,1,1,2,0,2,1,48,1,1,1,0,0
21843768000,21843768000,1024000,41.606704,-86.3556021,-193.03142,344.71655,-342.88644,0.0005785315,2.966292e-05,0.0,-0.035121504,0.018292949,1.0045882,1.0032653,-0.00041276135,-0.002250896,0.0029786904,-0.056931265,0.013936088,-0.043048583,-1.0489541,0.07585145,229.40324,343.13004,0.37777314,0.4186709,0.14489403,0.1188986,inf,inf,inf,inf,1,1,1,1,2,0,2,1,48,1,1,1,0,0
21844272000,21844272000,1024000,41.606704,-86.3556021,-193.02278,344.71582,-342.37424,0.0005785315,2.966292e-05,0.0,-0.043331888,0.011587316,0.9959798,1.0013461,-0.00041276135,-0.002250896,0.0029786904,0.0020744058,0.053799164,0.012446132,-1.0490063,0.07585145,229.40324,342.61783,0.36046103,0.41532004,0.13687491,0.11569495,inf,inf,inf,inf,1,1,1,1,2,0,2,1,48,1,1,1,0,0
21844768000,21844768000,1024000,41.606704,-86.3556021,-193.02548,344.71768,-341.8784,0.0005785315,2.966292e-05,0.0,-0.05315815,0.008911251,0.99242926,0.9981245,-0.00041276135,-0.002250896,0.0029786904,-0.0054031424,-0.022458449,0.05892285,-1.0488524,0.07585145,229.40324,342.12198,0.3838295,0.42022377,0.14815803,0.12005445,inf,inf,inf,inf,1,1,1,1,2,0,2,1,48,1,1,1,0,0
21845272000,21845272000,1024000,41.606704,-86.3556021,-193.0373,344.71707,-341.3832,0.0005785315,2.966292e-05,0.0,-0.050284766,0.007921429,0.9966585,0.9948979,-0.00041276135,-0.002250896,0.0029786904,0.016397936,-0.014814007,-0.005514424,-1.0485966,0.07585145,229.40324,341.6268,0.36486366,0.41664007,0.13896665,0.11661605,inf,inf,inf,inf,1,1,1,1,2,0,2,1,48,1,1,1,0,0
21845776000,21845776000,1024000,41.606704,-86.3556021,-193.04149,344.71826,-340.8833,0.0005785315,2.966292e-05,0.0,-0.04132086,0.009688174,1.0044141,0.99946254,-0.00041276135,-0.002250896,0.0029786904,-0.023274167,-0.012817466,-0.10074867,-1.0487666,0.07585145,229.40324,341.1269,0.3681937,0.41631207,0.14082657,0.117184006,inf,inf,inf,inf,1,1,1,1,2,0,2,1,48,1,1,1,0,0
21846272000,21846272000,1024000,41.606704,-86.3556021,-193.05038,344.723,-340.39252,0.0005785315,2.966292e-05,0.0,-0.037683815,0.00970805,1.0123541,1.0032393,-0.00041276135,-0.002250896,0.0029786904,0.10724326,0.0064796507,-0.12939242,-1.0488331,0.07585145,229.40324,340.6361,0.36923358,0.41812637,0.14085993,0.11752743,inf,inf,inf,inf,1,1,1,1,2,0,2,1,48,1,1,1,0,0
21846776000,21846776000,1024000,41.606704,-86.3556021,-193.05693,344.73233,-339.88663,0.0005785315,2.966292e-05,0.0,-0.03009803,0.009480962,1.0082992,1.00081,-0.00041276135,-0.002250896,0.0029786904,-0.11247256,-0.031166358,-1.2592226,-1.0485735,0.07585145,229.40324,340.13022,0.3719759,0.41771528,0.14225164,0.11793042,inf,inf,inf,inf,1,1,1,1,2,0,2,1,48,1,1,1,0,0
21847272000,21847272000,1024000,41.606704,-86.3556021,-193.06302,344.7348,-339.38425,0.0005785315,2.966292e-05,0.0,-0.028694667,-0.0039161723,1.0031542,1.0011104,-0.00041276135,-0.002250896,0.0029786904,-0.078496516,-0.016741142,-0.037826657,-1.0485237,0.07585145,229.40324,339.62784,0.3749614,0.4197281,0.14407244,0.11867664,inf,inf,inf,inf,1,1,1,1,2,0,2,1,48,1,1,1,0,0
21847768000,21847768000,1024000,41.606704,-86.3556021,-193.06775,344.73434,-338.89636,0.0005785315,2.966292e-05,0.0,-0.021079995,-0.003814002,0.9977943,0.98942745,-0.00041276135,-0.002250896,0.0029786904,0.07037909,0.0033696815,0.07430364,-1.0485969,0.07585145,229.40324,339.13995,0.37632343,0.42144927,0.14439338,0.119042106,inf,inf,inf,inf,1,1,1,1,2,0,2,1,48,1,1,1,0,0
21848272000,21848272000,1024000,41.606704,-86.3556021,-193.06804,344.73254,-338.39252,0.0005785315,2.966292e-05,0.0,-0.015155776,-0.0018591007,1.008972,1.0021814,-0.00041276135,-0.002250896,0.0029786904,0.020724367,0.020317433,-0.043077454,-1.049125,0.07585145,229.40324,338.6361,0.35946718,0.41495577,0.13656749,0.11549697,inf,inf,inf,inf,1,1,1,1,2,0,2,1,48,1,1,1,0,0
21848776000,21848776000,1024000,41.606704,-86.3556021,-193.07169,344.72955,-337.88824,0.0005785315,2.966292e-05,0.0,-0.013265806,0.00041882985,1.0043306,0.9976473,-0.00041276135,-0.002250896,0.0029786904,-0.06543067,0.01965913,-0.06686716,-1.0488671,0.07585145,229.40324,338.13184,0.38216162,0.42313266,0.14704724,0.12008926,inf,inf,inf,inf,1,1,1,1,2,0,2,1,48,1,1,1,0,0
21849272000,21849272000,1024000,41.606704,-86.3556021,-193.0728,344.71594,-337.39694,0.0005785315,2.966292e-05,0.0,-0.008257372,0.0034443028,1.0084984,0.9978637,-0.00041276135,-0.002250896,0.0029786904,-0.04500829,-0.060252354,-0.118692465,-1.0489492,0.07585145,229.40324,337.64053,0.36309007,0.41574425,0.13798471,0.11613288,inf,inf,inf,inf,1,1,1,1,2,0,2,1,48,1,1,1,0,0
21849776000,21849776000,1024000,41.606704,-86.3556021,-193.07788,344.7065,-336.9016,0.0005785315,2.966292e-05,0.0,-0.00828657,0.010794999,1.016015,0.99799496,-0.00041276135,-0.002250896,0.0029786904,0.04756908,0.079751626,0.21355219,-1.04885,0.07585145,229.40324,337.1452,0.3665576,0.4180895,0.14002976,0.11702646,inf,inf,inf,inf,1,1,1,1,2,0,2,1,48,1,1,1,0,0
21850272000,21850272000,1024000,41.606704,-86.3556021,-193.08147,344.70605,-336.40552,0.0005785315,2.966292e-05,0.0,-0.003080379,0.02197729,1.0209641,1.002224,-0.00041276135,-0.002250896,0.0029786904,0.0010840597,0.02768734,0.040320616,-1.0491116,0.07585145,229.40324,336.6491,0.36788172,0.41661564,0.1403283,0.11703054,inf,inf,inf,inf,1,1,1,1,2,0,2,1,48,1,1,1,0,0
21850768000,21850768000,1024000,41.606704,-86.3556021,-193.08347,344.70236,-335.9129,0.0005785315,2.966292e-05,0.0,-0.00698066,0.025601622,1.0187515,0.99723256,-0.00041276135,-0.002250896,0.0029786904,0.06339751,0.008106448,0.015213091,-1.0490584,0.07585145,229.40324,336.1565,0.37015983,0.4183362,0.14155835,0.11762409,inf,inf,inf,inf,1,1,1,1,2,0,2,1,48,1,1,1,0,0
