timestamp,timestamp_sample,states[0],states[1],states[2],states[3],states[4],states[5],states[6],states[7],states[8],states[9],states[10],states[11],states[12],states[13],states[14],states[15],states[16],states[17],states[18],states[19],states[20],states[21],states[22],states[23],covariances[0],covariances[1],covariances[2],covariances[3],covariances[4],covariances[5],covariances[6],covariances[7],covariances[8],covariances[9],covariances[10],covariances[11],covariances[12],covariances[13],covariances[14],covariances[15],covariances[16],covariances[17],covariances[18],covariances[19],covariances[20],covariances[21],covariances[22],covariances[23],n_states
21727144000,21727064000,0.86008644,0.0004754718,-0.0031071333,-0.51013875,-8.210213e-05,0.00016710992,0.0007493267,-0.6658023,-1.1535382,0.13217916,8.474191e-06,7.7653965e-07,-1.999944e-06,-0.00012356321,-1.7813853e-05,-0.00024349686,0.19277593,-0.01681843,0.48950896,0.0127204135,-0.0057865293,-0.0012311562,0.0,0.0,2.1805856e-05,4.7742337e-06,4.807773e-06,5.962691e-05,4.0996925e-05,4.0996918e-05,4.150478e-05,0.0012035277,0.001203495,0.0030631723,8.842008e-12,8.84212e-12,2.2976206e-11,8.681559e-08,8.7262144e-08,5.0000185e-08,0.0,0.0,0.0,0.0,0.0,0.0,0.0,0.0,24
21728144000,21728064000,0.86002105,0.00047013533,-0.003310576,-0.5102476,-2.2652514e-06,3.1056697e-06,3.916334e-06,-0.66544884,-1.15364,0.13261591,8.2517745e-06,8.6637624e-07,-1.999966e-06,-0.00012360829,-1.7807133e-05,-0.00025252695,0.19277593,-0.01681843,0.48950896,0.0127204135,-0.0057865293,-0.0012311562,0.0,0.0,2.1750153e-05,4.750861e-06,4.784275e-06,5.9427384e-05,1e-06,1e-06,1e-06,0.0012016065,0.0012015745,0.003053289,8.821577e-12,8.821736e-12,2.2944351e-11,8.682001e-08,8.72666e-08,5e-08,0.0,0.0,0.0,0.0,0.0,0.0,0.0,0.0,24
21729144000,21729064000,0.86013323,0.0005768638,-0.0034630683,-0.51005757,-0.0010029101,-0.0009797289,0.0019542496,-0.6657662,-1.1537199,0.1332349,7.954524e-06,8.5603193e-07,-2.0175569e-06,-0.00012363712,-1.7818093e-05,-0.00026145452,0.19277593,-0.01681843,0.48950896,0.0127204135,-0.0057865293,-0.0012311562,0.0,0.0,2.1748414e-05,4.8516754e-06,4.8850593e-06,5.9459577e-05,0.00017952643,0.00017952587,0.00018791753,0.0012004978,0.0012004665,0.0030451415,8.9075206e-12,8.907857e-12,2.2948882e-11,8.682453e-08,8.7271076e-08,5.0000775e-08,0.0,0.0,0.0,0.0,0.0,0.0,0.0,0.0,24
21730144000,21730064000,0.860046,0.001074425,-0.0033425884,-0.51020443,0.0003111593,-0.0030815809,0.0007266099,-0.6654221,-1.1538484,0.13279215,7.706023e-06,7.257115e-07,-2.0452237e-06,-0.00012360647,-1.780203e-05,-0.0002748326,0.19277593,-0.01681843,0.48950896,0.0127204135,-0.0057865293,-0.0012311562,0.0,0.0,2.1775735e-05,4.826367e-06,4.8600677e-06,5.946405e-05,0.00013447473,0.00013447268,0.00013941058,0.0011963327,0.0011963015,0.0030360234,8.886598e-12,8.887084e-12,2.295368e-11,8.68286e-08,8.727514e-08,5.000048e-08,0.0,0.0,0.0,0.0,0.0,0.0,0.0,0.0,24
21731144000,21731064000,0.8600711,0.0012415948,-0.0032254755,-0.5101626,0.00045320328,-0.0005093948,-0.0014842008,-0.6654535,-1.1540165,0.13279317,7.766103e-06,6.975417e-07,-2.0487962e-06,-0.00012361158,-1.7810133e-05,-0.00026445166,0.19277593,-0.01681843,0.48950896,0.0127204135,-0.0057865293,-0.0012311562,0.0,0.0,2.1782733e-05,4.8040097e-06,4.8378824e-06,5.948881e-05,9.10581e-05,9.1058166e-05,9.3410104e-05,0.0011940483,0.0011940174,0.0030259297,8.866527e-12,8.86681e-12,2.2958767e-11,8.683295e-08,8.727953e-08,5.0000406e-08,0.0,0.0,0.0,0.0,0.0,0.0,0.0,0.0,24
21732144000,21732064000,0.85998297,0.0012072532,-0.0031695713,-0.51031154,0.0011244453,0.00047039517,0.0007662619,-0.66556215,-1.1536303,0.13289888,7.7947e-06,6.5613614e-07,-2.006307e-06,-0.00012361904,-1.7813529e-05,-0.00025492377,0.19277593,-0.01681843,0.48950896,0.0127204135,-0.0057865293,-0.0012311562,0.0,0.0,2.179626e-05,4.7811245e-06,4.815018e-06,5.9507536e-05,4.9181243e-05,4.9181588e-05,4.9905746e-05,0.0011920638,0.0011920333,0.0030169573,8.846192e-12,8.846378e-12,2.2963876e-11,8.683727e-08,8.7283944e-08,5.000022e-08,0.0,0.0,0.0,0.0,0.0,0.0,0.0,0.0,24
21733144000,21733064000,0.86014754,0.0012151749,-0.0033086506,-0.51003325,-1.725948e-05,0.0037465137,0.004783287,-0.66567916,-1.153423,0.13339059,7.814166e-06,9.008738e-07,-2.0289233e-06,-0.00012366437,-1.7853812e-05,-0.00015816104,0.19277593,-0.01681843,0.48950896,0.0127204135,-0.0057865293,-0.0012311562,0.0,0.0,2.1714215e-05,4.8892916e-06,4.9230334e-06,5.933885e-05,0.00023567012,0.00023566543,0.00024937929,0.0011928304,0.0011927999,0.0030110253,8.933498e-12,8.933476e-12,2.2932801e-11,8.684132e-08,8.728802e-08,5.0000626e-08,0.0,0.0,0.0,0.0,0.0,0.0,0.0,0.0,24
21734144000,21734064000,0.85995114,0.0013502575,0.0026976815,-0.51036745,-0.019342458,0.01472954,-0.029228799,-0.6682013,-1.1453334,0.14304659,7.818732e-06,9.073302e-07,-1.9943363e-06,-0.00012366593,-1.7850673e-05,-0.00015618774,0.19277593,-0.01681843,0.48950896,0.0127204135,-0.0057865293,-0.0012311562,0.0,0.0,2.1820051e-05,5.5033584e-06,5.5378114e-06,5.9556656e-05,0.0019725065,0.0019725088,0.002297604,0.0020090714,0.0020090179,0.003972316,9.421865e-12,9.421833e-12,2.2974513e-11,8.684585e-08,8.7292555e-08,5.0000075e-08,0.0,0.0,0.0,0.0,0.0,0.0,0.0,0.0,24
21735144000,21735064000,0.8602413,0.0015126098,-0.004527983,-0.50986487,-0.0078022094,-0.0067726206,-1.4449574,-0.69143426,-1.1366819,-0.79882675,7.803471e-06,9.4120577e-07,-1.9829217e-06,-0.00012303122,-1.7485501e-05,-0.00016428366,0.19277593,-0.01681843,0.48950896,0.0127204135,-0.0057865293,-0.0012311562,0.0,0.0,2.1787882e-05,5.9650574e-06,5.99736e-06,5.9621536e-05,0.0049971035,0.0049966928,0.005483126,0.0071894904,0.007189442,0.010364304,9.780421e-12,9.780387e-12,2.2979074e-11,8.67846e-08,8.723068e-08,5.000011e-08,0.0,0.0,0.0,0.0,0.0,0.0,0.0,0.0,24
21736144000,21736064000,0.8709607,0.0037068077,-0.0016422243,-0.4913359,0.0021451444,-0.008550234,-0.5311283,-0.68194157,-1.1551316,-1.7324016,7.765587e-06,1.031319e-06,-1.984305e-06,-0.0001249725,-1.8550132e-05,-0.00013821725,0.19333604,-0.01666329,0.48944438,0.0127204135,-0.0057865293,-0.0012311562,0.0,0.0,0.00028960206,6.3936836e-06,6.442084e-06,0.0009817367,0.006485168,0.006474303,0.008950558,0.018622862,0.018622605,0.027313054,1.002881e-11,1.0028802e-11,2.3309592e-11,8.649657e-08,8.6939785e-08,5.000007e-08,0.0,0.0,0.0,0.0,0.0,0.0,0.0,0.0,24
21737144000,21737064000,0.86738443,0.0038704793,0.00033924263,-0.49762362,-0.012023898,0.0018456132,-0.19258736,-0.6733853,-1.158108,-2.0825891,7.715989e-06,1.0561936e-06,-1.975814e-06,-0.00012622813,-2.3968098e-05,-0.0001226471,0.19333604,-0.01666329,0.48944438,0.0127204135,-0.0057865293,-0.0012311562,0.0,0.0,0.00016185845,6.3800694e-06,6.4191136e-06,0.0005494188,0.010653524,0.010603638,0.0117681045,0.03284106,0.03283159,0.055290986,1.0345368e-11,1.0345272e-11,2.3820775e-11,8.286279e-08,8.327043e-08,5.000007e-08,0.0,0.0,0.0,0.0,0.0,0.0,0.0,0.0,24
21738144000,21738064000,0.8650853,0.011760442,0.005074728,-0.5014614,-0.012692389,0.027311025,-0.01014038,-0.67113215,-1.1522177,-2.1128995,7.677323e-06,1.0725979e-06,-1.96074e-06,-0.00012641987,-3.3498087e-05,-0.000115601295,0.19333604,-0.01666329,0.48944438,0.0127204135,-0.0057865293,-0.0012311562,0.0,0.0,0.000110228066,5.8948262e-06,5.968421e-06,0.00037353177,0.014253452,0.014191207,0.013412841,0.047884826,0.047857367,0.08851952,1.073397e-11,1.0733641e-11,2.4330234e-11,7.581342e-08,7.6160006e-08,5.000011e-08,0.0,0.0,0.0,0.0,0.0,0.0,0.0,0.0,24
21739144000,21739064000,0.8535853,0.11505145,0.067818865,-0.5035434,-0.007203654,0.9651222,-0.56409365,-0.6595036,-0.79247826,-2.4401848,7.647686e-06,1.0956219e-06,-1.9495048e-06,-0.00013133966,-4.1350566e-05,-0.00010856306,0.19333604,-0.01666329,0.48944438,0.0127204135,-0.0057865293,-0.0012311562,0.0,0.0,8.481324e-05,6.756227e-06,9.442385e-06,0.00027887107,0.013646663,0.012842657,0.013082058,0.053294227,0.053274997,0.11326347,1.1153109e-11,1.1152231e-11,2.4837406e-11,6.830856e-08,6.86231e-08,5.0000075e-08,0.0,0.0,0.0,0.0,0.0,0.0,0.0,0.0,24
21740144000,21740064000,0.84819806,0.096667536,0.16452156,-0.4941136,-1.3266584,2.6712005,-2.0487485,-1.207802,1.1167008,-3.6806684,7.546013e-06,1.1386554e-06,-1.9307834e-06,-0.0001411234,-6.83833e-05,-0.00011973887,0.19249888,-0.01658819,0.4914458,0.011104374,-0.0062632407,0.00091109186,0.0,0.0,6.955909e-05,1.1894518e-05,6.6404996e-06,0.00023787243,0.015329874,0.014307913,0.013073472,0.061348233,0.061293405,0.1368455,1.1610548e-11,1.1603874e-11,2.5347429e-11,6.538167e-08,6.602231e-08,5.000004e-08,0.00128441,2.4071316e-05,0.0012935842,0.0006853478,0.00094934326,0.001186597,0.0,0.0,24
21741144000,21741064000,0.8477956,0.10093877,0.16607602,-0.4934296,-1.8400751,3.43562,-3.3343096,-2.795256,4.2584357,-6.4006953,7.467674e-06,1.0762095e-06,-1.9243503e-06,-0.00013108716,-7.885956e-05,-0.00012818555,0.19199912,-0.01655192,0.4915072,0.01178958,-0.00732764,0.0012335968,0.0,0.0,6.0900424e-05,9.829317e-06,6.251891e-06,0.0002117182,0.013314789,0.013190976,0.013039259,0.067062356,0.06697583,0.15373804,1.2061596e-11,1.2035143e-11,2.585529e-11,6.40847e-08,6.52127e-08,5.000004e-08,0.0012576333,2.3563487e-05,0.0012665865,0.00061295857,0.00090199703,0.0011538885,0.0,0.0,24
21742144000,21742064000,0.847564,0.10452136,0.17231302,-0.49093667,-2.1478913,3.933656,-4.1593595,-4.7910585,7.991222,-10.176586,7.4303307e-06,1.0198492e-06,-1.9328427e-06,-0.00012363683,-8.192141e-05,-0.00013503263,0.19199194,-0.016556017,0.49173808,0.01213701,-0.007735018,0.0016923759,0.0,0.0,5.773967e-05,9.484554e-06,6.3302837e-06,0.00020391944,0.012219899,0.012293501,0.013208514,0.071624696,0.07155945,0.16511889,1.2486259e-11,1.2433179e-11,2.6349258e-11,6.332871e-08,6.487248e-08,5.0000075e-08,0.0012494705,2.3208639e-05,0.0012577571,0.000593724,0.0008861039,0.0011405386,0.0,0.0,24
21743144000,21743064000,0.84660614,0.107121065,0.17804143,-0.48998427,-2.378731,4.2948956,-4.690819,-7.0614862,12.159909,-14.63606,7.3739798e-06,9.307943e-07,-1.9627257e-06,-0.00011848006,-8.3638384e-05,-0.00013401904,0.19209024,-0.016567744,0.49181405,0.0123451995,-0.007968292,0.002010404,0.0,0.0,5.723392e-05,9.572894e-06,6.489342e-06,0.0002030465,0.010230741,0.010179858,0.012667967,0.066291906,0.066260144,0.16645057,1.2784277e-11,1.2699657e-11,2.6778722e-11,6.240541e-08,6.463694e-08,5.0000075e-08,0.0012447995,2.2890546e-05,0.0012512305,0.0005860681,0.0008773075,0.0011303942,0.0,0.0,24
21744144000,21744064000,0.84583145,0.108935006,0.18215744,-0.48940888,-2.5290804,4.5465894,-5.030229,-9.524823,16.617308,-19.533504,7.3509436e-06,8.451735e-07,-1.9818979e-06,-0.000116677,-8.467731e-05,-0.00012943387,0.19207607,-0.01656926,0.4918017,0.012461559,-0.008269356,0.002204748,0.0,0.0,5.705793e-05,1.0137634e-05,6.8992604e-06,0.00020224223,0.010378695,0.010117691,0.012895254,0.06815367,0.068145014,0.16892679,1.299707e-11,1.2895407e-11,2.7133903e-11,6.153089e-08,6.45038e-08,5e-08,0.0012410274,2.2589107e-05,0.0012445673,0.0005819703,0.0008714929,0.0011209641,0.0,0.0,24
21745144000,21745064000,0.8451002,0.110138446,0.18601936,-0.48894995,-2.6398787,4.745191,-5.2452025,-12.121335,21.297228,-24.700363,7.3498027e-06,7.733188e-07,-1.993199e-06,-0.00011480112,-8.5175096e-05,-0.00012676173,0.19241703,-0.016603965,0.4917403,0.012376627,-0.008584988,0.002700105,0.0,0.0,5.624033e-05,1.0892503e-05,7.3430474e-06,0.00019864921,0.010897683,0.010478121,0.01326985,0.070159175,0.07014067,0.17226833,1.3112986e-11,1.2987983e-11,2.7402056e-11,6.059108e-08,6.440336e-08,5e-08,0.0012372559,2.2278751e-05,0.0012368637,0.00057880476,0.0008667317,0.001110989,0.0,0.0,24
21746144000,21746064000,0.8446934,0.1109866,0.18861519,-0.4884664,-2.7273114,4.877853,-5.3820376,-14.825295,26.132984,-30.028122,7.3731912e-06,7.03384e-07,-1.975757e-06,-0.00011103775,-8.4895255e-05,-0.0001310061,0.19239905,-0.016602088,0.49169266,0.01241399,-0.008563824,0.002716563,0.0,0.0,4.7975438e-05,1.096156e-05,7.5205576e-06,0.00016832577,0.011382652,0.01094187,0.013577308,0.07208775,0.07202263,0.17459595,1.3177271e-11,1.299237e-11,2.7553944e-11,5.963215e-08,6.417911e-08,5.0000036e-08,0.0,0.0,0.0,0.0,0.0,0.0,0.0,0.0,24
21747144000,21747064000,0.8443102,0.112673044,0.19036408,-0.48806423,-2.7931068,4.986145,-5.492304,-17.610256,31.090073,-35.49017,7.384567e-06,6.214726e-07,-1.9781467e-06,-0.0001115215,-8.523595e-05,-0.00012642157,0.19239905,-0.016602088,0.49169266,0.01241399,-0.008563824,0.002716563,0.0,0.0,4.107992e-05,1.1005483e-05,7.59428e-06,0.00014277424,0.010291329,0.010002213,0.012942313,0.066305265,0.06625374,0.17133398,1.307967e-11,1.2759795e-11,2.759544e-11,5.8511908e-08,6.401812e-08,5.0000036e-08,0.0,0.0,0.0,0.0,0.0,0.0,0.0,0.0,24
21748144000,21748064000,0.8440298,0.11269311,0.1919478,-0.4879242,-2.8414886,5.0607767,-5.5695295,-20.457682,36.13847,-41.029488,7.454486e-06,5.137727e-07,-1.9290226e-06,-0.00011027189,-8.541007e-05,-0.00012680878,0.19239905,-0.016602088,0.49169266,0.01241399,-0.008563824,0.002716563,0.0,0.0,3.6254194e-05,1.11742365e-05,7.709681e-06,0.00012490332,0.010552459,0.010345864,0.01307284,0.06785869,0.06778207,0.17277731,1.3056594e-11,1.2582175e-11,2.7691875e-11,5.7693022e-08,6.3911536e-08,5.000011e-08,0.0,0.0,0.0,0.0,0.0,0.0,0.0,0.0,24
21749144000,21749064000,0.8438463,0.113324545,0.1930014,-0.48767972,-2.878642,5.112457,-5.614792,-23.349098,41.24471,-46.60272,7.560043e-06,4.0643073e-07,-1.8566274e-06,-0.00010503503,-8.586574e-05,-0.00013873009,0.19239905,-0.016602088,0.49169266,0.01241399,-0.008563824,0.002716563,0.0,0.0,3.2426913e-05,1.1295329e-05,7.811525e-06,0.00011080795,0.010755731,0.010624909,0.013134749,0.06940346,0.06931684,0.17405428,1.301796e-11,1.2367737e-11,2.7775083e-11,5.6983296e-08,6.382234e-08,5e-08,0.0,0.0,0.0,0.0,0.0,0.0,0.0,0.0,24
21750144000,21750064000,0.84385806,0.113339275,0.19385634,-0.48731655,-2.9075606,5.1527643,-5.650401,-26.266752,46.414326,-52.220985,7.583495e-06,2.469934e-07,-1.8547186e-06,-0.00010118552,-8.620304e-05,-0.00014839362,0.19239905,-0.016602088,0.49169266,0.01241399,-0.008563824,0.002716563,0.0,0.0,2.9736255e-05,1.1440877e-05,7.905839e-06,0.00010086002,0.011131974,0.011048249,0.013206054,0.071495615,0.07140652,0.17532432,1.2998282e-11,1.21724835e-11,2.7869942e-11,5.6398576e-08,6.374906e-08,5.0000036e-08,0.0,0.0,0.0,0.0,0.0,0.0,0.0,0.0,24
21751144000,21751064000,0.84363335,0.11379077,0.19473259,-0.48725128,-2.9226284,5.20076,-5.660497,-29.208937,51.621265,-57.857517,7.6248525e-06,1.3468885e-07,-1.839275e-06,-9.817236e-05,-8.662105e-05,-0.00015711652,0.19239905,-0.016602088,0.49169266,0.01241399,-0.008563824,0.002716563,0.0,0.0,2.767985e-05,1.1553738e-05,7.98928e-06,9.3064715e-05,0.011492031,0.011450578,0.01324432,0.07368678,0.07360724,0.17650117,1.2982509e-11,1.1985436e-11,2.7959312e-11,5.5922527e-08,6.3679146e-08,5.000007e-08,0.0,0.0,0.0,0.0,0.0,0.0,0.0,0.0,24
21752144000,21752064000,0.843473,0.113949135,0.1951593,-0.4873212,-2.946231,5.2207413,-5.6585546,-32.16215,56.84717,-63.508644,7.651042e-06,1.1656763e-07,-1.8401463e-06,-9.618071e-05,-8.69715e-05,-0.00016359496,0.19239905,-0.016602088,0.49169266,0.01241399,-0.008563824,0.002716563,0.0,0.0,2.6029164e-05,1.1404786e-05,7.816594e-06,8.674961e-05,0.010172968,0.01015144,0.01241455,0.06728958,0.06724575,0.1724743,1.28408196e-11,1.1625995e-11,2.7933867e-11,5.547517e-08,6.360325e-08,5.0000036e-08,0.0,0.0,0.0,0.0,0.0,0.0,0.0,0.0,24
21753144000,21753064000,0.84347785,0.113954715,0.19538884,-0.48721933,-2.9685698,5.2383633,-5.658624,-35.119736,62.09714,-69.17317,7.5948283e-06,1.3516441e-07,-1.9306544e-06,-9.607507e-05,-8.700105e-05,-0.00016267433,0.19239905,-0.016602088,0.49169266,0.01241399,-0.008563824,0.002716563,0.0,0.0,2.4745308e-05,1.1357047e-05,7.824323e-06,8.178264e-05,0.010434591,0.01041706,0.012403211,0.06900276,0.06896565,0.17302234,1.2836947e-11,1.14692205e-11,2.8006495e-11,5.5197447e-08,6.3532745e-08,5e-08,0.0,0.0,0.0,0.0,0.0,0.0,0.0,0.0,24
21754144000,21754064000,0.84335715,0.11445399,0.195377,-0.48731595,-2.9792206,5.250424,-5.6517797,-38.082897,67.34835,-74.84677,7.51459e-06,2.6239337e-07,-2.0521313e-06,-9.633454e-05,-8.689899e-05,-0.00015799496,0.19239905,-0.016602088,0.49169266,0.01241399,-0.008563824,0.002716563,0.0,0.0,2.3712832e-05,1.1256724e-05,7.831935e-06,7.762837e-05,0.010684336,0.010669864,0.012472884,0.07071521,0.07068308,0.17603362,1.284482e-11,1.1333603e-11,2.8075929e-11,5.4989037e-08,6.346385e-08,5.0000224e-08,0.0,0.0,0.0,0.0,0.0,0.0,0.0,0.0,24
21755144000,21755064000,0.8432426,0.114340186,0.1959607,-0.48730662,-2.9896894,5.262703,-5.625925,-41.04965,72.603455,-80.5048,7.4555246e-06,4.2807386e-07,-2.1427638e-06,-9.622962e-05,-8.680104e-05,-0.0001532695,0.19239905,-0.016602088,0.49169266,0.01241399,-0.008563824,0.002716563,0.0,0.0,2.2748689e-05,1.116717e-05,7.838901e-06,7.380861e-05,0.011130667,0.011117668,0.012516125,0.0730076,0.07297788,0.17654113,1.2882743e-11,1.1247369e-11,2.8155991e-11,5.483216e-08,6.339689e-08,5.0000065e-08,0.0,0.0,0.0,0.0,0.0,0.0,0.0,0.0,24
21756144000,21756064000,0.84313047,0.1142685,0.19606839,-0.48747408,-3.0112975,5.268537,-5.629844,-44.025463,77.866425,-86.18156,7.348757e-06,6.974321e-07,-2.2834972e-06,-9.660352e-05,-8.641456e-05,-0.00013929037,0.19239905,-0.016602088,0.49169266,0.01241399,-0.008563824,0.002716563,0.0,0.0,2.2034556e-05,1.0810205e-05,7.613669e-06,7.086039e-05,0.009965311,0.009957231,0.011820629,0.06691078,0.06689237,0.17237061,1.2817741e-11,1.1010642e-11,2.8140512e-11,5.4695594e-08,6.3326695e-08,5.000011e-08,0.0,0.0,0.0,0.0,0.0,0.0,0.0,0.0,24
21757144000,21757064000,0.8430073,0.11517926,0.19559494,-0.4876629,-3.0061417,5.27831,-5.6165133,-47.01056,83.139946,-91.84772,7.2512426e-06,9.0417535e-07,-2.441835e-06,-9.6767995e-05,-8.619529e-05,-0.00012615877,0.19239905,-0.016602088,0.49169266,0.01241399,-0.008563824,0.002716563,0.0,0.0,2.1464959e-05,1.0611378e-05,7.594946e-06,6.834269e-05,0.010144492,0.010138987,0.011842811,0.068288185,0.06827068,0.17285259,1.2861067e-11,1.0925673e-11,2.8207133e-11,5.4610965e-08,6.326842e-08,5.000011e-08,0.0,0.0,0.0,0.0,0.0,0.0,0.0,0.0,24
21758144000,21758064000,0.8431157,0.11484088,0.19570091,-0.48751268,-3.0024018,5.27109,-5.6100736,-49.994476,88.41859,-97.52419,7.1437457e-06,1.0946511e-06,-2.5901986e-06,-9.729091e-05,-8.575768e-05,-0.00010725718,0.19239905,-0.016602088,0.49169266,0.01241399,-0.008563824,0.002716563,0.0,0.0,2.0960228e-05,1.04696e-05,7.5696653e-06,6.623572e-05,0.010472799,0.010472535,0.011918489,0.070150614,0.07013287,0.17350611,1.293008e-11,1.08721825e-11,2.8281598e-11,5.454726e-08,6.3216504e-08,5.000015e-08,0.0,0.0,0.0,0.0,0.0,0.0,0.0,0.0,24
21759144000,21759064000,0.8429406,0.11483075,0.19586903,-0.48775017,-3.0017595,5.2753396,-5.5939527,-52.989605,93.7154,-103.186005,7.052405e-06,1.1205083e-06,-2.7077886e-06,-9.858355e-05,-8.52734e-05,-8.606237e-05,0.19239905,-0.016602088,0.49169266,0.01241399,-0.008563824,0.002716563,0.0,0.0,2.0573605e-05,1.0337169e-05,7.550809e-06,6.440789e-05,0.010793057,0.01079862,0.012002378,0.07205435,0.072036676,0.17422386,1.3009013e-11,1.08285715e-11,2.835176e-11,5.4497796e-08,6.3170084e-08,5.000015e-08,0.0,0.0,0.0,0.0,0.0,0.0,0.0,0.0,24
21760144000,21760064000,0.8429858,0.11468838,0.19607672,-0.4876224,-2.9969897,5.2966213,-5.5924377,-55.986122,99.00928,-108.87485,7.033332e-06,1.2365762e-06,-2.7714898e-06,-9.965019e-05,-8.552896e-05,-5.3056105e-05,0.19239905,-0.016602088,0.49169266,0.01241399,-0.008563824,0.002716563,0.0,0.0,2.0227537e-05,1.0025837e-05,7.344209e-06,6.287059e-05,0.009759476,0.0097676255,0.011447932,0.066293746,0.06628219,0.17083478,1.3011078e-11,1.0671841e-11,2.8355443e-11,5.4451874e-08,6.3123245e-08,5.0000185e-08,0.0,0.0,0.0,0.0,0.0,0.0,0.0,0.0,24
21761144000,21761064000,0.8429285,0.11477839,0.19623534,-0.48763642,-2.9887512,5.304837,-5.601505,-58.989117,104.31172,-114.557884,7.085626e-06,1.3672199e-06,-2.7576916e-06,-0.0001000598,-8.626634e-05,-2.2130402e-05,0.19239905,-0.016602088,0.49169266,0.01241399,-0.008563824,0.002716563,0.0,0.0,1.996772e-05,9.912136e-06,7.3188257e-06,6.156007e-05,0.010013016,0.010025714,0.011540962,0.0678443,0.067833476,0.17165232,1.30960815e-11,1.0638392e-11,2.8420889e-11,5.442027e-08,6.308617e-08,5.0000185e-08,0.0,0.0,0.0,0.0,0.0,0.0,0.0,0.0,24
21762144000,21762064000,0.8429731,0.11426635,0.19605233,-0.48775312,-2.9892967,5.315087,-5.6081824,-61.988434,109.615364,-120.24308,7.1536665e-06,1.5148338e-06,-2.7277806e-06,-9.993766e-05,-8.7062675e-05,3.1873747e-06,0.19239905,-0.016602088,0.49169266,0.01241399,-0.008563824,0.002716563,0.0,0.0,1.9705902e-05,9.784597e-06,7.276492e-06,6.025194e-05,0.010252693,0.010270354,0.011633126,0.06939225,0.069382764,0.1724324,1.3177879e-11,1.06093285e-11,2.8467539e-11,5.4393215e-08,6.3051615e-08,5.000011e-08,0.0,0.0,0.0,0.0,0.0,0.0,0.0,0.0,24
21763144000,21763064000,0.84287405,0.11491899,0.1960815,-0.48775923,-2.9752157,5.3200717,-5.613564,-64.97984,114.92019,-125.93857,7.23531e-06,1.6735083e-06,-2.7112821e-06,-9.955119e-05,-8.799661e-05,2.7048696e-05,0.19239905,-0.016602088,0.49169266,0.01241399,-0.008563824,0.002716563,0.0,0.0,1.9566307e-05,9.72271e-06,7.2906087e-06,5.9328577e-05,0.010650422,0.010674415,0.011768575,0.07145916,0.07145127,0.17326646,1.3277649e-11,1.0604633e-11,2.8531472e-11,5.437049e-08,6.3022405e-08,5.0000185e-08,0.0,0.0,0.0,0.0,0.0,0.0,0.0,0.0,24
21764144000,21764064000,0.84281015,0.11494983,0.19605973,-0.4878713,-2.9751863,5.3290486,-5.6309013,-67.97197,120.24426,-131.64156,7.3114074e-06,1.744976e-06,-2.6748462e-06,-9.957373e-05,-8.87326e-05,4.982226e-05,0.19239905,-0.016602088,0.49169266,0.01241399,-0.008563824,0.002716563,0.0,0.0,1.9474803e-05,9.669842e-06,7.293796e-06,5.8580375e-05,0.011052908,0.01108375,0.011903385,0.07359095,0.0735858,0.17404,1.337692e-11,1.0603717e-11,2.858745e-11,5.435051e-08,6.299641e-08,5.000011e-08,0.0,0.0,0.0,0.0,0.0,0.0,0.0,0.0,24
21765144000,21765064000,0.84274065,0.115311794,0.19601862,-0.48792234,-2.9774585,5.3325796,-5.6387258,-70.970695,125.57785,-137.34732,7.3971087e-06,1.7947629e-06,-2.6463347e-06,-9.9497585e-05,-8.950742e-05,7.192168e-05,0.19239905,-0.016602088,0.49169266,0.01241399,-0.008563824,0.002716563,0.0,0.0,1.9408937e-05,9.400774e-06,7.082769e-06,5.7959514e-05,0.009852713,0.009882013,0.011356282,0.06720738,0.06720432,0.17053536,1.33736884e-11,1.0462593e-11,2.8575564e-11,5.4326918e-08,6.296914e-08,5.0000146e-08,0.0,0.0,0.0,0.0,0.0,0.0,0.0,0.0,24
21766144000,21766064000,0.8428263,0.114934646,0.19586238,-0.48792595,-2.9829438,5.3163915,-5.64449,-73.96462,130.90631,-143.05344,7.433926e-06,1.8591776e-06,-2.6740095e-06,-9.9282515e-05,-8.9947986e-05,8.847852e-05,0.19239905,-0.016602088,0.49169266,0.01241399,-0.008563824,0.002716563,0.0,0.0,1.9381287e-05,9.352013e-06,7.0758047e-06,5.748813e-05,0.010142095,0.010176681,0.011479905,0.06889339,0.068892695,0.17123638,1.346235e-11,1.0459457e-11,2.860894e-11,5.4311457e-08,6.294911e-08,5.000007e-08,0.0,0.0,0.0,0.0,0.0,0.0,0.0,0.0,24
21767144000,21767064000,0.8427865,0.11500522,0.1959117,-0.48795837,-2.9898083,5.3134027,-5.6514378,-76.96228,136.22934,-148.7585,7.4533236e-06,1.906332e-06,-2.680035e-06,-9.912054e-05,-9.015855e-05,0.0001031346,0.19239905,-0.016602088,0.49169266,0.01241399,-0.008563824,0.002716563,0.0,0.0,1.9379142e-05,9.316636e-06,7.079298e-06,5.7115816e-05,0.010420711,0.010459838,0.011605415,0.07058398,0.07058618,0.17194784,1.3546724e-11,1.0457642e-11,2.8630572e-11,5.4298173e-08,6.293181e-08,5.0000075e-08,0.0,0.0,0.0,0.0,0.0,0.0,0.0,0.0,24
21768144000,21768064000,0.8428865,0.11495737,0.19606587,-0.48773497,-2.984989,5.3138013,-5.649757,-79.954544,141.55963,-154.46742,7.4413747e-06,1.9234976e-06,-2.691993e-06,-9.9041084e-05,-9.0137706e-05,0.000120262164,0.19239905,-0.016602088,0.49169266,0.01241399,-0.008563824,0.002716563,0.0,0.0,1.9383251e-05,9.2976115e-06,7.0868687e-06,5.6862e-05,0.01070865,0.010752138,0.011728524,0.072308555,0.07231415,0.17262034,1.3629382e-11,1.0461317e-11,2.8642215e-11,5.4287003e-08,6.291698e-08,5.0000075e-08,0.0,0.0,0.0,0.0,0.0,0.0,0.0,0.0,24
21769144000,21769064000,0.8428399,0.11511236,0.19616188,-0.48774034,-2.9831407,5.320522,-5.6577206,-82.95917,146.90712,-160.18117,7.447357e-06,1.8857439e-06,-2.6858918e-06,-9.920543e-05,-9.019277e-05,0.00014082952,0.19239905,-0.016602088,0.49169266,0.01241399,-0.008563824,0.002716563,0.0,0.0,1.9416975e-05,9.117074e-06,6.9334405e-06,5.6666016e-05,0.009700861,0.009739593,0.011236923,0.066470906,0.066474654,0.1692675,1.36313166e-11,1.0358891e-11,2.8603186e-11,5.4275052e-08,6.290275e-08,5.0000075e-08,0.0,0.0,0.0,0.0,0.0,0.0,0.0,0.0,24
21770144000,21770064000,0.8427549,0.11538612,0.19576472,-0.487982,-2.9781187,5.3137574,-5.6679935,-85.96126,152.25275,-165.88106,7.4420295e-06,1.8129116e-06,-2.674247e-06,-9.955275e-05,-9.0146365e-05,0.00015403698,0.19239905,-0.016602088,0.49169266,0.01241399,-0.008563824,0.002716563,0.0,0.0,1.9495037e-05,9.091531e-06,6.9488156e-06,5.654938e-05,0.009948065,0.009989849,0.011367871,0.06793579,0.067941815,0.1701407,1.3702769e-11,1.036231e-11,2.8588515e-11,5.426777e-08,6.2892255e-08,5.0000185e-08,0.0,0.0,0.0,0.0,0.0,0.0,0.0,0.0,24
21771144000,21771064000,0.8428176,0.11556067,0.19587415,-0.48778853,-2.9754777,5.3043365,-5.682133,-88.96033,157.5986,-171.59242,7.4186273e-06,1.6645464e-06,-2.6769576e-06,-0.00010024569,-9.002735e-05,0.00016377933,0.19239905,-0.016602088,0.49169266,0.01241399,-0.008563824,0.002716563,0.0,0.0,1.9558633e-05,9.084719e-06,6.960402e-06,5.651505e-05,0.010182229,0.010226345,0.011499443,0.069399886,0.06940834,0.17115037,1.3769628e-11,1.0365135e-11,2.8557764e-11,5.4261584e-08,6.288317e-08,5.000015e-08,0.0,0.0,0.0,0.0,0.0,0.0,0.0,0.0,24
21772144000,21772064000,0.84275943,0.115139194,0.19609769,-0.48789886,-2.9689324,5.3065553,-5.6995144,-91.95677,162.94435,-177.30879,7.409236e-06,1.4933953e-06,-2.6426985e-06,-0.00010101156,-8.992448e-05,0.00016995796,0.19239905,-0.016602088,0.49169266,0.01241399,-0.008563824,0.002716563,0.0,0.0,1.9594669e-05,9.10409e-06,6.9857697e-06,5.6333614e-05,0.010584116,0.010632573,0.011605239,0.07140739,0.071419254,0.16995305,1.3839558e-11,1.0388395e-11,2.8491933e-11,5.4256823e-08,6.287513e-08,5e-08,0.0,0.0,0.0,0.0,0.0,0.0,0.0,0.0,24
21773144000,21773064000,0.84272724,0.11491373,0.19645494,-0.48786378,-2.96855,5.2968054,-5.711501,-94.94396,168.28989,-183.03635,7.348195e-06,1.3417708e-06,-2.6160528e-06,-0.00010165205,-8.9595516e-05,0.00017673144,0.19239905,-0.016602088,0.49169266,0.01241399,-0.008563824,0.002716563,0.0,0.0,1.9692836e-05,9.146715e-06,7.020394e-06,5.6401073e-05,0.010991425,0.011043802,0.011784232,0.073523626,0.0735394,0.17125769,1.3911584e-11,1.0413278e-11,2.8440115e-11,5.4253157e-08,6.286886e-08,5.0000036e-08,0.0,0.0,0.0,0.0,0.0,0.0,0.0,0.0,24
21774144000,21774064000,0.8427399,0.11504978,0.19620486,-0.48791078,-2.9631233,5.291514,-5.721291,-97.91711,173.63976,-188.75705,7.2441176e-06,1.2005457e-06,-2.6705657e-06,-0.00010221463,-8.922102e-05,0.00017659362,0.19239905,-0.016602088,0.49169266,0.01241399,-0.008563824,0.002716563,0.0,0.0,1.9801671e-05,8.971174e-06,6.8574077e-06,5.649306e-05,0.009827869,0.0098712575,0.01134068,0.06720462,0.06721392,0.17053875,1.3879238e-11,1.0302262e-11,2.8334095e-11,5.424871e-08,6.2862625e-08,5.0000217e-08,0.0,0.0,0.0,0.0,0.0,0.0,0.0,0.0,24
21775144000,21775064000,0.84261215,0.11540425,0.19633047,-0.487997,-2.9750264,5.28201,-5.7378645,-100.90744,178.97592,-194.48096,7.206374e-06,9.930349e-07,-2.7113197e-06,-0.00010297036,-8.914239e-05,0.00017177832,0.19239905,-0.016602088,0.49169266,0.01241399,-0.008563824,0.002716563,0.0,0.0,1.9937837e-05,8.99151e-06,6.89169e-06,5.6619552e-05,0.010121822,0.010167957,0.011473427,0.068881236,0.06889273,0.17138742,1.3931823e-11,1.0317241e-11,2.8256725e-11,5.4246893e-08,6.285846e-08,5.000011e-08,0.0,0.0,0.0,0.0,0.0,0.0,0.0,0.0,24
21776144000,21776064000,0.8425623,0.11528868,0.19641654,-0.48807576,-2.9737997,5.2752347,-5.7450867,-103.88759,184.30655,-200.19554,7.0829224e-06,8.2320344e-07,-2.7207013e-06,-0.000103539554,-8.871262e-05,0.00016102078,0.19239905,-0.016602088,0.49169266,0.01241399,-0.008563824,0.002716563,0.0,0.0,2.0069308e-05,9.013735e-06,6.915551e-06,5.679889e-05,0.01040127,0.010450299,0.011595991,0.07056632,0.07058022,0.17206354,1.3977839e-11,1.03317875e-11,2.8168756e-11,5.4245902e-08,6.285524e-08,5.0000075e-08,0.0,0.0,0.0,0.0,0.0,0.0,0.0,0.0,24
21777144000,21777064000,0.84279263,0.1152328,0.19611758,-0.48781142,-2.9731083,5.2678523,-5.757028,-106.87066,189.62859,-205.91716,7.0133106e-06,6.55931e-07,-2.8150343e-06,-0.00010406385,-8.8607514e-05,0.00015054981,0.19239905,-0.016602088,0.49169266,0.01241399,-0.008563824,0.002716563,0.0,0.0,2.0197947e-05,9.056135e-06,6.975846e-06,5.7025576e-05,0.010871481,0.010925596,0.011774573,0.07282895,0.07284676,0.17301084,1.4034789e-11,1.0369829e-11,2.8077094e-11,5.4245767e-08,6.285297e-08,5.000011e-08,0.0,0.0,0.0,0.0,0.0,0.0,0.0,0.0,24
21778144000,21778064000,0.8428149,0.11475469,0.19641477,-0.487766,-2.9753373,5.2644567,-5.751812,-109.86175,194.9627,-211.61508,6.9259036e-06,4.2763375e-07,-2.90885e-06,-0.0001047041,-8.849671e-05,0.00012847608,0.19239905,-0.016602088,0.49169266,0.01241399,-0.008563824,0.002716563,0.0,0.0,2.0331918e-05,8.910876e-06,6.8190316e-06,5.7234196e-05,0.009771403,0.009816902,0.011262916,0.06679861,0.066809416,0.16949049,1.3984219e-11,1.0269506e-11,2.7935152e-11,5.4245152e-08,6.285082e-08,5e-08,0.0,0.0,0.0,0.0,0.0,0.0,0.0,0.0,24
21779144000,21779064000,0.8427465,0.115619995,0.19601671,-0.48784,-2.9756303,5.2620525,-5.7541275,-112.84531,200.28947,-217.34662,6.833037e-06,1.9539182e-07,-3.056248e-06,-0.00010530555,-8.841329e-05,0.00012163886,0.19239905,-0.016602088,0.49169266,0.01241399,-0.008563824,0.002716563,0.0,0.0,2.0429261e-05,8.90247e-06,6.853296e-06,5.724673e-05,0.009983052,0.010030508,0.01137556,0.06821462,0.06822715,0.17009895,1.4002042e-11,1.0281121e-11,2.7780271e-11,5.4246286e-08,6.284998e-08,5.000007e-08,0.0,0.0,0.0,0.0,0.0,0.0,0.0,0.0,24
21780144000,21780064000,0.8426571,0.115201086,0.19648734,-0.48790428,-2.9791527,5.260428,-5.756105,-115.82021,205.5987,-223.05855,6.7655124e-06,3.8917793e-08,-3.1786376e-06,-0.00010565563,-8.8403096e-05,0.0001060181,0.19239905,-0.016602088,0.49169266,0.01241399,-0.008563824,0.002716563,0.0,0.0,2.0594476e-05,8.95338e-06,6.885743e-06,5.7474164e-05,0.0103206355,0.010371895,0.011543625,0.07005684,0.070072256,0.1711563,1.4032368e-11,1.0305945e-11,2.7656329e-11,5.4248048e-08,6.285012e-08,5.000011e-08,0.0,0.0,0.0,0.0,0.0,0.0,0.0,0.0,24
21781144000,21781064000,0.84279114,0.11436084,0.19696091,-0.4876794,-2.9751484,5.251873,-5.7495728,-118.78788,210.90532,-228.76762,6.66131e-06,-1.1013064e-07,-3.3293181e-06,-0.000105953615,-8.833196e-05,9.088881e-05,0.19239905,-0.016602088,0.49169266,0.01241399,-0.008563824,0.002716563,0.0,0.0,2.0738353e-05,9.005229e-06,6.9092825e-06,5.7737416e-05,0.010653284,0.010707772,0.011689941,0.071944505,0.071963176,0.17200352,1.4057215e-11,1.0330524e-11,2.7524361e-11,5.4250236e-08,6.285082e-08,5e-08,0.0,0.0,0.0,0.0,0.0,0.0,0.0,0.0,24
21782144000,21782064000,0.8426468,0.1152775,0.19645324,-0.48791763,-2.963712,5.2637734,-5.733167,-121.75494,216.22012,-234.47942,6.5673103e-06,-2.7669583e-07,-3.494278e-06,-0.00010626311,-8.829459e-05,8.144911e-05,0.19239905,-0.016602088,0.49169266,0.01241399,-0.008563824,0.002716563,0.0,0.0,2.0908283e-05,8.86363e-06,6.8015465e-06,5.795096e-05,0.009654838,0.009701733,0.011268298,0.066237345,0.066249184,0.17096823,1.3994343e-11,1.0246583e-11,2.7356933e-11,5.4252492e-08,6.285191e-08,5.000026e-08,0.0,0.0,0.0,0.0,0.0,0.0,0.0,0.0,24
21783144000,21783064000,0.84272075,0.11536424,0.1964509,-0.4877705,-2.9578228,5.2611017,-5.7099385,-124.71464,221.52492,-240.1773,6.5229756e-06,-3.9291666e-07,-3.6904935e-06,-0.000106452884,-8.839755e-05,7.466958e-05,0.19239905,-0.016602088,0.49169266,0.01241399,-0.008563824,0.002716563,0.0,0.0,2.1064328e-05,8.894031e-06,6.834051e-06,5.8194128e-05,0.009904319,0.00995379,0.01139512,0.06777673,0.06779066,0.17165783,1.4003977e-11,1.0265165e-11,2.7209138e-11,5.425563e-08,6.285383e-08,5.0000224e-08,0.0,0.0,0.0,0.0,0.0,0.0,0.0,0.0,24
21784144000,21784064000,0.8426686,0.114734754,0.19681042,-0.48786384,-2.9675927,5.2603827,-5.68374,-127.67599,226.81567,-245.8656,6.4973547e-06,-4.4676273e-07,-3.8363223e-06,-0.000106537336,-8.8482346e-05,7.570291e-05,0.19239905,-0.016602088,0.49169266,0.01241399,-0.008563824,0.002716563,0.0,0.0,2.122795e-05,8.933325e-06,6.8522586e-06,5.8425176e-05,0.01014066,0.01019249,0.011510044,0.069311276,0.06932743,0.17218828,1.4006801e-11,1.0282439e-11,2.705619e-11,5.4259115e-08,6.2856245e-08,5.000011e-08,0.0,0.0,0.0,0.0,0.0,0.0,0.0,0.0,24
21785144000,21785064000,0.84260625,0.11514717,0.19648609,-0.48800525,-2.9513543,5.2569,-5.6452346,-130.62802,232.10573,-251.52582,6.455896e-06,-4.8464375e-07,-4.0461664e-06,-0.000106573,-8.860917e-05,7.879329e-05,0.19239905,-0.016602088,0.49169266,0.01241399,-0.008563824,0.002716563,0.0,0.0,2.1473992e-05,8.989833e-06,6.9202442e-06,5.8855094e-05,0.010529878,0.010585995,0.011655938,0.07134014,0.071360104,0.1726852,1.4028827e-11,1.0317585e-11,2.6942169e-11,5.4262923e-08,6.2859165e-08,5.000004e-08,0.0,0.0,0.0,0.0,0.0,0.0,0.0,0.0,24
21786144000,21786064000,0.84252477,0.11557721,0.1964595,-0.48805502,-2.949257,5.2544136,-5.6254396,-133.58492,237.381,-257.20435,6.460964e-06,-4.336378e-07,-4.1072212e-06,-0.00010652598,-8.865966e-05,9.647318e-05,0.19239905,-0.016602088,0.49169266,0.01241399,-0.008563824,0.002716563,0.0,0.0,2.1616059e-05,9.045844e-06,6.984716e-06,5.9080496e-05,0.010935366,0.010996001,0.011804526,0.07346492,0.073489286,0.17315899,1.4037736e-11,1.0352878e-11,2.6784042e-11,5.426689e-08,6.286229e-08,5e-08,0.0,0.0,0.0,0.0,0.0,0.0,0.0,0.0,24
21787144000,21787064000,0.8426048,0.11581301,0.19607809,-0.48801425,-2.9461882,5.255514,-5.617497,-136.53664,242.66434,-262.89233,6.472974e-06,-4.183791e-07,-4.245154e-06,-0.00010648422,-8.87688e-05,0.00012286732,0.19239905,-0.016602088,0.49169266,0.01241399,-0.008563824,0.002716563,0.0,0.0,2.174695e-05,8.885739e-06,6.8392897e-06,5.929585e-05,0.009774005,0.009823742,0.011342491,0.067131676,0.06714626,0.17180192,1.3935638e-11,1.0251538e-11,2.6591904e-11,5.4270753e-08,6.286553e-08,5.000022e-08,0.0,0.0,0.0,0.0,0.0,0.0,0.0,0.0,24
21788144000,21788064000,0.84253883,0.11589253,0.19610886,-0.488097,-2.942189,5.259362,-5.6137934,-139.50009,247.93867,-268.57687,6.576977e-06,-3.9365514e-07,-4.3385185e-06,-0.000106444946,-8.8957975e-05,0.00014811578,0.19239905,-0.016602088,0.49169266,0.01241399,-0.008563824,0.002716563,0.0,0.0,2.1891936e-05,8.921225e-06,6.877505e-06,5.9493254e-05,0.0100742085,0.010126814,0.011474875,0.06881876,0.068835914,0.17224506,1.3928133e-11,1.0274778e-11,2.6424975e-11,5.4274757e-08,6.2868985e-08,5.0000146e-08,0.0,0.0,0.0,0.0,0.0,0.0,0.0,0.0,24
21789144000,21789064000,0.84252656,0.115728915,0.19608152,-0.4881679,-2.92592,5.267211,-5.6184134,-142.44351,253.2199,-274.25824,6.6342777e-06,-3.6460392e-07,-4.472107e-06,-0.000106378386,-8.912039e-05,0.00017117367,0.19239905,-0.016602088,0.49169266,0.01241399,-0.008563824,0.002716563,0.0,0.0,2.1957378e-05,8.940654e-06,6.8995305e-06,5.94617e-05,0.0103634605,0.010418632,0.011596713,0.07051341,0.07053324,0.17258479,1.3906556e-11,1.0295579e-11,2.621363e-11,5.42787e-08,6.287246e-08,5.0000033e-08,0.0,0.0,0.0,0.0,0.0,0.0,0.0,0.0,24
21790144000,21790064000,0.8424804,0.11557411,0.19630194,-0.4881955,-2.927933,5.2714205,-5.6145144,-145.39032,258.509,-279.93982,6.7180918e-06,-3.6920449e-07,-4.522973e-06,-0.000106359985,-8.928008e-05,0.00019310402,0.19239905,-0.016602088,0.49169266,0.01241399,-0.008563824,0.002716563,0.0,0.0,2.208152e-05,9.0082085e-06,6.954715e-06,5.965014e-05,0.010832871,0.010892686,0.01183102,0.072782315,0.07280676,0.17544611,1.39107476e-11,1.0338519e-11,2.6047426e-11,5.4282612e-08,6.287604e-08,5.0000217e-08,0.0,0.0,0.0,0.0,0.0,0.0,0.0,0.0,24
21791144000,21791064000,0.8424965,0.115319476,0.1964443,-0.48817074,-2.9398997,5.2654147,-5.6246853,-148.34752,263.79852,-285.62875,6.8115514e-06,-3.6323738e-07,-4.5920237e-06,-0.000106322186,-8.94555e-05,0.00021718016,0.19239905,-0.016602088,0.49169266,0.01241399,-0.008563824,0.002716563,0.0,0.0,2.2185484e-05,8.866744e-06,6.802873e-06,5.9823793e-05,0.009748503,0.009798045,0.011253754,0.06677121,0.066786274,0.16930851,1.38050986e-11,1.0243488e-11,2.585074e-11,5.4286346e-08,6.287963e-08,5e-08,0.0,0.0,0.0,0.0,0.0,0.0,0.0,0.0,24
21792144000,21792064000,0.84258723,0.11530584,0.19611022,-0.48815188,-2.9508748,5.271055,-5.627217,-151.29124,269.09836,-291.3119,6.776909e-06,-3.6356704e-07,-4.702134e-06,-0.00010627679,-8.9463996e-05,0.00023687011,0.19239905,-0.016602088,0.49169266,0.01241399,-0.008563824,0.002716563,0.0,0.0,2.228783e-05,8.874373e-06,6.822635e-06,6.0011047e-05,0.009969034,0.010020389,0.011382159,0.06820954,0.0682262,0.16997315,1.3785193e-11,1.0258718e-11,2.5678066e-11,5.4290204e-08,6.288335e-08,5.0000036e-08,0.0,0.0,0.0,0.0,0.0,0.0,0.0,0.0,24
21793144000,21793064000,0.8424139,0.11569152,0.19615616,-0.4883411,-2.9400914,5.2705727,-5.622749,-154.22318,274.396,-296.9979,6.6663215e-06,-3.5739765e-07,-4.80666e-06,-0.00010622451,-8.936494e-05,0.0002543162,0.19239905,-0.016602088,0.49169266,0.01241399,-0.008563824,0.002716563,0.0,0.0,2.2394526e-05,8.912689e-06,6.8675545e-06,6.015521e-05,0.010305703,0.0103606265,0.011605765,0.07007125,0.07009068,0.17312028,1.37755155e-11,1.0286689e-11,2.5506566e-11,5.4294116e-08,6.288721e-08,5.000022e-08,0.0,0.0,0.0,0.0,0.0,0.0,0.0,0.0,24
21794144000,21794064000,0.8424075,0.1159776,0.19601442,-0.48834142,-2.930853,5.262924,-5.623579,-157.15994,279.68863,-302.6946,6.6271505e-06,-3.7548935e-07,-4.9396476e-06,-0.000106204345,-8.935087e-05,0.0002787905,0.19239905,-0.016602088,0.49169266,0.01241399,-0.008563824,0.002716563,0.0,0.0,2.2406175e-05,8.932253e-06,6.908709e-06,6.007301e-05,0.010634173,0.010692585,0.011750381,0.07195028,0.07197293,0.17384179,1.3756776e-11,1.0313623e-11,2.5291255e-11,5.4298138e-08,6.289117e-08,5.0000253e-08,0.0,0.0,0.0,0.0,0.0,0.0,0.0,0.0,24
21795144000,21795064000,0.84256244,0.11526312,0.19627084,-0.4881401,-2.9359367,5.2530055,-5.637797,-160.08908,284.98032,-308.38782,6.551628e-06,-4.2767314e-07,-5.0402377e-06,-0.00010623895,-8.928258e-05,0.0003016042,0.19239905,-0.016602088,0.49169266,0.01241399,-0.008563824,0.002716563,0.0,0.0,2.2454587e-05,8.816091e-06,6.770949e-06,6.02205e-05,0.009645445,0.00969475,0.011263965,0.06622334,0.066237696,0.1704846,1.3664073e-11,1.02316116e-11,2.5092812e-11,5.4302124e-08,6.2895175e-08,5.0000217e-08,0.0,0.0,0.0,0.0,0.0,0.0,0.0,0.0,24
21796144000,21796064000,0.842456,0.11530205,0.19626623,-0.48831642,-2.9434404,5.248026,-5.6589346,-163.02034,290.28912,-314.08557,6.3690136e-06,-5.6155704e-07,-5.140316e-06,-0.0001063717,-8.907302e-05,0.00031659912,0.19239905,-0.016602088,0.49169266,0.01241399,-0.008563824,0.002716563,0.0,0.0,2.2606326e-05,8.853173e-06,6.804542e-06,6.056164e-05,0.009910774,0.009962307,0.011392923,0.067765705,0.06778195,0.171199,1.3660868e-11,1.0251091e-11,2.4958167e-11,5.4306156e-08,6.2899254e-08,5.0000185e-08,0.0,0.0,0.0,0.0,0.0,0.0,0.0,0.0,24
21797144000,21797064000,0.84261334,0.11456531,0.19655319,-0.48810306,-2.9563081,5.2471714,-5.671302,-165.9451,295.58658,-319.7876,6.1619585e-06,-6.3484504e-07,-5.338252e-06,-0.00010644072,-8.8828216e-05,0.00032553793,0.19239905,-0.016602088,0.49169266,0.01241399,-0.008563824,0.002716563,0.0,0.0,2.2571076e-05,8.869656e-06,6.8125028e-06,6.0459555e-05,0.010149921,0.010203887,0.011528418,0.06928504,0.06930326,0.17211868,1.3634437e-11,1.026777e-11,2.4743105e-11,5.431017e-08,6.29033e-08,5.0000253e-08,0.0,0.0,0.0,0.0,0.0,0.0,0.0,0.0,24
21798144000,21798064000,0.8424804,0.11531445,0.19616054,-0.4883139,-2.9620202,5.242825,-5.67677,-168.87627,300.8796,-325.4921,5.9343683e-06,-6.813463e-07,-5.4881602e-06,-0.00010648475,-8.858098e-05,0.0003327491,0.19239905,-0.016602088,0.49169266,0.01241399,-0.008563824,0.002716563,0.0,0.0,2.2634498e-05,8.9008845e-06,6.8810086e-06,6.0543298e-05,0.010548202,0.010606758,0.011691888,0.07132667,0.071348526,0.17300886,1.3631528e-11,1.0303171e-11,2.4577226e-11,5.4314274e-08,6.290741e-08,5.0000143e-08,0.0,0.0,0.0,0.0,0.0,0.0,0.0,0.0,24
21799144000,21799064000,0.84252095,0.11539276,0.19612886,-0.48823807,-2.9539852,5.2324147,-5.684914,-171.80444,306.17798,-331.21353,5.6991953e-06,-7.6562446e-07,-5.627495e-06,-0.0001065612,-8.834631e-05,0.00034310936,0.19239905,-0.016602088,0.49169266,0.01241399,-0.008563824,0.002716563,0.0,0.0,2.266789e-05,8.945211e-06,6.936358e-06,6.064307e-05,0.01095574,0.01101846,0.011861494,0.07346301,0.073489234,0.17404026,1.3629381e-11,1.0338888e-11,2.4414368e-11,5.4318473e-08,6.291169e-08,5.0000214e-08,0.0,0.0,0.0,0.0,0.0,0.0,0.0,0.0,24
21800144000,21800064000,0.8424179,0.11570808,0.19637424,-0.48824257,-2.9338195,5.243372,-5.696097,-174.71336,311.4936,-336.92596,5.39097e-06,-9.418908e-07,-5.8224164e-06,-0.00010671449,-8.8096414e-05,0.00034640025,0.19239905,-0.016602088,0.49169266,0.01241399,-0.008563824,0.002716563,0.0,0.0,2.2694836e-05,8.799666e-06,6.7922174e-06,6.0692444e-05,0.009794633,0.009846232,0.0113367215,0.06714937,0.06716497,0.17065598,1.3522824e-11,1.0238552e-11,2.4222579e-11,5.4322634e-08,6.2915966e-08,5.0000185e-08,0.0,0.0,0.0,0.0,0.0,0.0,0.0,0.0,24
21801144000,21801064000,0.8425436,0.11547487,0.19624557,-0.48813277,-2.9339664,5.223884,-5.70062,-177.63667,316.7824,-342.6407,5.226842e-06,-1.0752391e-06,-5.9465265e-06,-0.00010682607,-8.796834e-05,0.000352404,0.19239905,-0.016602088,0.49169266,0.01241399,-0.008563824,0.002716563,0.0,0.0,2.2713915e-05,8.830702e-06,6.8275754e-06,6.076847e-05,0.010088886,0.0101430835,0.01147191,0.068835616,0.06885371,0.17143853,1.3515883e-11,1.0262794e-11,2.405923e-11,5.4326975e-08,6.292038e-08,5.000015e-08,0.0,0.0,0.0,0.0,0.0,0.0,0.0,0.0,24
21802144000,21802064000,0.84252393,0.11580748,0.19611883,-0.4881389,-2.9207213,5.2164755,-5.708885,-180.5616,322.07437,-348.34088,5.0451526e-06,-1.3034575e-06,-6.091232e-06,-0.00010698368,-8.786579e-05,0.00035136347,0.19239905,-0.016602088,0.49169266,0.01241399,-0.008563824,0.002716563,0.0,0.0,2.2740118e-05,8.861316e-06,6.8709387e-06,6.0808117e-05,0.010382105,0.010438867,0.011612732,0.070551924,0.07057261,0.17234984,1.35102094e-11,1.0285733e-11,2.3897004e-11,5.433133e-08,6.292481e-08,5.0000185e-08,0.0,0.0,0.0,0.0,0.0,0.0,0.0,0.0,24
21803144000,21803064000,0.84245896,0.11571056,0.19636571,-0.48817468,-2.913285,5.205306,-5.719986,-183.48216,327.36102,-354.06235,4.9119535e-06,-1.5595547e-06,-6.2219847e-06,-0.00010716391,-8.7778884e-05,0.00035514528,0.19239905,-0.016602088,0.49169266,0.01241399,-0.008563824,0.002716563,0.0,0.0,2.2769236e-05,8.936175e-06,6.93535e-06,6.083092e-05,0.010864124,0.010925547,0.011793817,0.07286203,0.07288739,0.1733532,1.35230984e-11,1.0330714e-11,2.3743504e-11,5.4335707e-08,6.2929274e-08,5.0000185e-08,0.0,0.0,0.0,0.0,0.0,0.0,0.0,0.0,24
21804144000,21804064000,0.84259987,0.11493864,0.19658035,-0.48802748,-2.9271293,5.206877,-5.723483,-186.41107,332.67273,-359.76733,4.7568674e-06,-1.9150752e-06,-6.3856105e-06,-0.00010736602,-8.770824e-05,0.0003524106,0.19239905,-0.016602088,0.49169266,0.01241399,-0.008563824,0.002716563,0.0,0.0,2.2688926e-05,8.792621e-06,6.7753294e-06,6.0627914e-05,0.009761964,0.009811981,0.011287782,0.06681504,0.06683037,0.17000966,1.3416658e-11,1.0235636e-11,2.352427e-11,5.434004e-08,6.2933736e-08,5.000014e-08,0.0,0.0,0.0,0.0,0.0,0.0,0.0,0.0,24
21805144000,21805064000,0.84248513,0.11588404,0.19626573,-0.48812842,-2.927221,5.2032285,-5.7212024,-189.33336,337.94754,-365.47058,4.6514847e-06,-2.1570386e-06,-6.550316e-06,-0.00010746038,-8.766962e-05,0.00034540673,0.19239905,-0.016602088,0.49169266,0.01241399,-0.008563824,0.002716563,0.0,0.0,2.271859e-05,8.806548e-06,6.8181703e-06,6.0616083e-05,0.009963387,0.010014938,0.011402238,0.06819756,0.068214305,0.17080419,1.3404855e-11,1.0250086e-11,2.3375206e-11,5.434446e-08,6.2938255e-08,5.0000104e-08,0.0,0.0,0.0,0.0,0.0,0.0,0.0,0.0,24
21806144000,21806064000,0.8424705,0.11518706,0.19679761,-0.48810455,-2.9189084,5.221233,-5.7428384,-192.25755,343.23093,-371.19992,4.5313705e-06,-2.3740129e-06,-6.699378e-06,-0.000107566266,-8.761031e-05,0.00034650494,0.19239905,-0.016602088,0.49169266,0.01241399,-0.008563824,0.002716563,0.0,0.0,2.2735601e-05,8.866016e-06,6.846364e-06,6.061969e-05,0.01031447,0.010369725,0.011546178,0.070058614,0.07007818,0.1715184,1.34015524e-11,1.0279447e-11,2.3238168e-11,5.4348916e-08,6.2942824e-08,5.0000036e-08,0.0,0.0,0.0,0.0,0.0,0.0,0.0,0.0,24
21807144000,21807064000,0.8445537,-0.09225514,0.015213445,-0.52724445,-1.0367956,2.7681432,-1.678321,-194.69682,347.9164,-375.31113,4.5789384e-06,-2.8527784e-06,-6.94264e-06,-0.00010646054,-8.7561886e-05,0.00036090915,0.19086123,-0.016486997,0.4873247,0.012167386,-0.00957559,0.0010984519,0.0,0.0,2.5548346e-05,5.947269e-06,6.926319e-06,6.025284e-05,0.010734015,0.0100520775,0.010268397,0.07163495,0.07164609,0.17191108,1.35185925e-11,1.03548324e-11,2.2877228e-11,5.434135e-08,6.293409e-08,5.0000516e-08,0.00064089295,1.7542243e-05,0.00068306713,0.00036016095,0.0004942006,0.0006636849,0.0,0.0,24
21808144000,21808064000,0.8630812,0.006796635,0.041173838,-0.50333816,-0.25540537,0.2711743,-1.0202339,-195.49768,349.0589,-376.56204,4.531602e-06,-3.3085907e-06,-6.549532e-06,-0.00010351905,-7.9362944e-05,0.00035795086,0.19276334,-0.016696718,0.48515752,0.014214045,-0.008663996,0.001481011,0.0,0.0,1.9777834e-05,6.454236e-06,6.0833454e-06,5.28314e-05,0.012059261,0.010449869,0.008800056,0.06604255,0.065966964,0.16739734,1.3954448e-11,1.0390435e-11,2.0742867e-11,5.3973586e-08,6.2502686e-08,5.0000427e-08,0.00046060656,1.5787833e-05,0.00052533613,0.00021767685,0.00035446335,0.00051494024,0.0,0.0,24
21809144000,21809064000,0.84862065,-0.09491092,-0.14669947,-0.49931392,0.522443,-0.9789542,0.112168744,-195.485,348.84393,-376.93552,4.5689667e-06,-3.3698655e-06,-6.228189e-06,-9.916777e-05,-6.276879e-05,0.0003575077,0.19426623,-0.01687297,0.48512286,0.015196688,-0.009539501,0.0006214276,0.0,0.0,1.9336627e-05,5.208772e-06,5.4386287e-06,5.1262334e-05,0.012675872,0.011866973,0.009235899,0.067745805,0.06752605,0.16573057,1.44390255e-11,1.04965195e-11,2.0215503e-11,5.2072515e-08,6.033285e-08,5.000011e-08,0.0004306499,1.5243793e-05,0.0004809118,0.00018726007,0.00032503819,0.00047236597,0.0,0.0,24
21810144000,21810064000,0.8566366,-0.063039444,-0.11191976,-0.49967372,0.8934782,-1.6602954,0.7663823,-194.7257,347.356,-376.41714,4.6363007e-06,-3.1978072e-06,-6.067914e-06,-0.000113333466,-4.694689e-05,0.00036957444,0.19483772,-0.01694153,0.48529038,0.015124791,-0.009984861,-0.00026415224,0.0,0.0,1.926853e-05,4.8704214e-06,4.9621344e-06,5.210184e-05,0.012740337,0.012477312,0.010363827,0.0695706,0.06930836,0.1645383,1.4873349e-11,1.066475e-11,2.0325665e-11,5.0000185e-08,5.7350178e-08,5.000015e-08,0.00041693624,1.4885122e-05,0.00045358876,0.00017672117,0.00031180217,0.00044357943,0.0,0.0,24
21811144000,21811064000,0.8649206,-0.013592623,-0.0502352,-0.49920338,0.71602213,-1.040953,1.0072124,-193.8477,345.8873,-375.5329,4.5934194e-06,-2.9036946e-06,-6.04648e-06,-0.00013644734,-5.014797e-05,0.00039393196,0.1947332,-0.016939556,0.48548937,0.014872796,-0.010122521,-0.00022714846,0.0,0.0,1.9449952e-05,5.4283314e-06,5.1550164e-06,5.3166877e-05,0.013764068,0.013007986,0.0117772985,0.07187378,0.07174073,0.16456385,1.5004711e-11,1.0892772e-11,2.0720063e-11,5.0000075e-08,5.435528e-08,5.0000075e-08,0.00041116885,1.4627734e-05,0.0004437741,0.00016989603,0.0003040864,0.00043564473,0.0,0.0,24
21812144000,21812064000,0.8648382,0.008399213,-0.006087638,-0.50194365,0.33281702,-0.5096798,1.0695026,-193.27136,345.07773,-374.56808,4.339246e-06,-2.6972432e-06,-5.871142e-06,-0.00014547768,-6.37228e-05,0.00043776436,0.19506161,-0.01699016,0.48578095,0.014707672,-0.0105443075,0.00026227545,0.0,0.0,1.9169349e-05,5.998113e-06,5.326588e-06,5.1487812e-05,0.014767107,0.013412199,0.013108881,0.07430286,0.07422276,0.16591167,1.4701521e-11,1.1140186e-11,2.0761984e-11,5.0000075e-08,5.1920193e-08,5.0000075e-08,0.0004038962,1.4340722e-05,0.0004259186,0.00016199746,0.0002971628,0.00041981204,0.0,0.0,24
21813144000,21813064000,0.86461425,0.011556139,0.014971893,-0.50208026,0.031173458,-0.08305132,1.0552758,-193.02286,344.79398,-373.61322,3.9284423e-06,-2.506566e-06,-5.5373057e-06,-0.00014877116,-7.781119e-05,0.0005032852,0.19516933,-0.017009905,0.48596686,0.014594738,-0.0108246645,0.000371742,0.0,0.0,1.7362729e-05,5.779861e-06,5.122268e-06,4.6151275e-05,0.012383835,0.011347785,0.013192103,0.06764762,0.06760405,0.1645737,1.3938891e-11,1.1311976e-11,2.0132571e-11,5.0000146e-08,5.025381e-08,5.0000146e-08,0.0,0.0,0.0,0.0,0.0,0.0,0.0,0.0,24
21814144000,21814064000,0.86523277,0.006229861,0.010044033,-0.50123113,-0.07111892,0.009628372,1.0756248,-193.02538,344.78857,-372.61786,3.7161756e-06,-2.4635615e-06,-5.3933945e-06,-0.00014696072,-8.2553925e-05,0.00054745184,0.19516933,-0.017009905,0.48596686,0.014594738,-0.0108246645,0.000371742,0.0,0.0,1.6164038e-05,5.649473e-06,5.2120486e-06,4.2901338e-05,0.011882631,0.011135618,0.013778224,0.0694821,0.06939763,0.16563126,1.3544783e-11,1.1523753e-11,1.9768485e-11,5.000011e-08,5.000054e-08,5.000011e-08,0.0,0.0,0.0,0.0,0.0,0.0,0.0,0.0,24
21815144000,21815064000,0.86560416,0.0047460785,0.0026643872,-0.50069934,-0.0557388,-0.009591523,1.0626385,-193.10071,344.80225,-371.61224,3.768932e-06,-2.5229738e-06,-5.4840234e-06,-0.00014401981,-8.193132e-05,0.00058529864,0.19516933,-0.017009905,0.48596686,0.014594738,-0.0108246645,0.000371742,0.0,0.0,1.5522932e-05,5.670354e-06,5.4008674e-06,4.111406e-05,0.011512256,0.010988128,0.014191894,0.07122582,0.071095884,0.16894977,1.3266847e-11,1.16857106e-11,1.9649114e-11,5.0000036e-08,5.0000555e-08,5.0000036e-08,0.0,0.0,0.0,0.0,0.0,0.0,0.0,0.0,24
21816144000,21816064000,0.8655927,0.0053572278,-0.0010163388,-0.5007191,0.007683479,-0.03559755,1.0716003,-193.13152,344.79224,-370.6166,3.8114456e-06,-2.5950867e-06,-5.5640317e-06,-0.00014242985,-8.1721635e-05,0.00062048103,0.19516933,-0.017009905,0.48596686,0.014594738,-0.0108246645,0.000371742,0.0,0.0,1.5253332e-05,5.8386267e-06,5.6479576e-06,4.0367315e-05,0.011578482,0.011189783,0.014513796,0.07347373,0.07329893,0.1720021,1.3075859e-11,1.1811975e-11,1.9699598e-11,5.000012e-08,5.0001216e-08,5e-08,0.0,0.0,0.0,0.0,0.0,0.0,0.0,0.0,24
21817144000,21817064000,0.8655239,0.0063665546,-0.0020964635,-0.50082296,0.025528055,-0.0355054,1.0553313,-193.1295,344.76907,-369.6328,3.9095603e-06,-2.6973082e-06,-5.6652793e-06,-0.00014210709,-8.181008e-05,0.0006596979,0.19516933,-0.017009905,0.48596686,0.014594738,-0.0108246645,0.000371742,0.0,0.0,1.5118769e-05,5.782734e-06,5.6512454e-06,4.0052655e-05,0.010152275,0.009932563,0.013803499,0.06716057,0.067055404,0.171858,1.2693771e-11,1.1740771e-11,1.9807425e-11,5.0000303e-08,5.0000438e-08,5.000022e-08,0.0,0.0,0.0,0.0,0.0,0.0,0.0,0.0,24
21818144000,21818064000,0.86555004,0.008737878,0.0011436326,-0.5007448,0.024023535,-0.019049529,1.0382391,-193.10358,344.71857,-368.60703,4.013348e-06,-2.6095465e-06,-5.7591046e-06,-0.00014220268,-8.244164e-05,0.00066755863,0.19516933,-0.017009905,0.48596686,0.014594738,-0.0108246645,0.000371742,0.0,0.0,1.518467e-05,5.889368e-06,5.7874254e-06,4.033065e-05,0.0102865845,0.010121942,0.01391733,0.068461254,0.06835303,0.1737008,1.24612395e-11,1.1710862e-11,2.0000977e-11,5.0000416e-08,5.000048e-08,5.000018e-08,0.0,0.0,0.0,0.0,0.0,0.0,0.0,0.0,24
21819144000,21819064000,0.8653849,0.010470032,0.0018923375,-0.50099504,0.0045262454,0.014203644,1.0356108,-193.0771,344.69836,-367.61868,4.035365e-06,-2.4766728e-06,-5.8152646e-06,-0.00014205373,-8.260272e-05,0.00068503857,0.19516933,-0.017009905,0.48596686,0.014594738,-0.0108246645,0.000371742,0.0,0.0,1.5343565e-05,5.9727586e-06,5.9034264e-06,4.080508e-05,0.010603685,0.01047555,0.014101976,0.07025733,0.070147656,0.17545669,1.22467965e-11,1.165678e-11,2.0215912e-11,5.0000544e-08,5.0000576e-08,5.0000146e-08,0.0,0.0,0.0,0.0,0.0,0.0,0.0,0.0,24
21820144000,21820064000,0.8653948,0.009135793,0.0031993976,-0.5009973,-0.0132072,0.024255581,1.0464449,-193.04572,344.70285,-366.63147,3.912247e-06,-2.2887325e-06,-5.827351e-06,-0.00014103706,-8.1073296e-05,0.0007034722,0.19516933,-0.017009905,0.48596686,0.014594738,-0.0108246645,0.000371742,0.0,0.0,1.5530708e-05,6.022933e-06,5.9769436e-06,4.1429932e-05,0.010931743,0.01083684,0.01430501,0.072138585,0.07203489,0.17709135,1.2037959e-11,1.1576111e-11,2.0440255e-11,5.000066e-08,5.000065e-08,5.0000224e-08,0.0,0.0,0.0,0.0,0.0,0.0,0.0,0.0,24
21821144000,21821064000,0.86554456,0.008759309,0.0029146187,-0.500747,-0.028893476,0.015937388,1.0458943,-193.0417,344.71008,-365.62012,3.8022458e-06,-2.1334615e-06,-5.846483e-06,-0.00013990674,-7.953551e-05,0.00071795157,0.19516933,-0.017009905,0.48596686,0.014594738,-0.0108246645,0.000371742,0.0,0.0,1.5693688e-05,5.820788e-06,5.807516e-06,4.2024352e-05,0.009874969,0.009820107,0.013572235,0.06633384,0.06627312,0.17339928,1.1681781e-11,1.1339631e-11,2.0643357e-11,5.0000445e-08,5.0000438e-08,5.000015e-08,0.0,0.0,0.0,0.0,0.0,0.0,0.0,0.0,24
21822144000,21822064000,0.86551666,0.008637295,0.0020851563,-0.5008013,-0.025946036,0.014515475,1.038713,-193.03986,344.71127,-364.61993,3.6694225e-06,-1.969159e-06,-5.8871506e-06,-0.00013841488,-7.7612625e-05,0.0007330269,0.19516933,-0.017009905,0.48596686,0.014594738,-0.0108246645,0.000371742,0.0,0.0,1.5944304e-05,5.804822e-06,5.812001e-06,4.2767566e-05,0.010126817,0.010084693,0.013748437,0.067869894,0.06781695,0.17441055,1.1497128e-11,1.1227416e-11,2.0867495e-11,5.00005e-08,5.000052e-08,5.000011e-08,0.0,0.0,0.0,0.0,0.0,0.0,0.0,0.0,24
21823144000,21823064000,0.86547387,0.009930783,0.003463665,-0.50084364,-0.033178426,0.009511819,1.0295808,-193.03435,344.71002,-363.60938,3.5231817e-06,-1.8095976e-06,-5.952783e-06,-0.00013666721,-7.5524214e-05,0.0007434201,0.19516933,-0.017009905,0.48596686,0.014594738,-0.0108246645,0.000371742,0.0,0.0,1.6206484e-05,5.7793854e-06,5.801943e-06,4.3522716e-05,0.010363943,0.010332512,0.013934052,0.06941235,0.06936694,0.17546986,1.1333719e-11,1.111812e-11,2.1083463e-11,5.000053e-08,5.0000555e-08,5.0000185e-08,0.0,0.0,0.0,0.0,0.0,0.0,0.0,0.0,24
21824144000,21824064000,0.86557853,0.008700857,0.0050237156,-0.5006725,-0.03331713,0.013883142,1.0269964,-193.03896,344.71558,-362.5903,3.4014515e-06,-1.7003762e-06,-5.9988997e-06,-0.00013522689,-7.3862255e-05,0.0007446321,0.19516933,-0.017009905,0.48596686,0.014594738,-0.0108246645,0.000371742,0.0,0.0,1.6455997e-05,5.784062e-06,5.813698e-06,4.4300537e-05,0.010759694,0.010735568,0.014183353,0.07148717,0.07144677,0.17661387,1.1216514e-11,1.103996e-11,2.1288736e-11,5.0000583e-08,5.000063e-08,5.0000075e-08,0.0,0.0,0.0,0.0,0.0,0.0,0.0,0.0,24
21825144000,21825064000,0.8656494,0.007324076,0.0025604465,-0.5005906,-0.03256721,0.018486468,1.0030534,-193.06166,344.72665,-361.57654,3.3551514e-06,-1.643461e-06,-6.0640805e-06,-0.00013430904,-7.3218485e-05,0.0007401834,0.19516933,-0.017009905,0.48596686,0.014594738,-0.0108246645,0.000371742,0.0,0.0,1.6711898e-05,5.784404e-06,5.8209453e-06,4.5069242e-05,0.011159063,0.011141474,0.014419406,0.073631465,0.07359568,0.17758904,1.111848e-11,1.0971094e-11,2.1482234e-11,5.0001265e-08,5.00014e-08,5.0000036e-08,0.0,0.0,0.0,0.0,0.0,0.0,0.0,0.0,24
21826144000,21826064000,0.86560136,0.007420719,0.000900387,-0.50067794,-0.013588382,0.0027457697,1.0060905,-193.08173,344.7191,-360.57178,3.3947545e-06,-1.541221e-06,-6.1368823e-06,-0.00013293837,-7.361046e-05,0.0007377143,0.19516933,-0.017009905,0.48596686,0.014594738,-0.0108246645,0.000371742,0.0,0.0,1.697567e-05,5.5366663e-06,5.5770374e-06,4.5815534e-05,0.009919693,0.009911073,0.013636327,0.06723271,0.0672126,0.17327608,1.0875443e-11,1.0754332e-11,2.1663317e-11,5.0000423e-08,5.0000477e-08,5e-08,0.0,0.0,0.0,0.0,0.0,0.0,0.0,0.0,24
21827144000,21827064000,0.86561507,0.007883617,0.0010422278,-0.50064695,0.001266407,0.008495445,0.9850675,-193.09103,344.70166,-359.55075,3.4882285e-06,-1.4353873e-06,-6.230149e-06,-0.00013140087,-7.452928e-05,0.00072385365,0.19516933,-0.017009905,0.48596686,0.014594738,-0.0108246645,0.000371742,0.0,0.0,1.7232227e-05,5.533866e-06,5.5747028e-06,4.6555102e-05,0.010209322,0.010203583,0.013922319,0.06892546,0.06890822,0.176595,1.08066976e-11,1.07009375e-11,2.1832565e-11,5.00005e-08,5.000055e-08,5.000026e-08,0.0,0.0,0.0,0.0,0.0,0.0,0.0,0.0,24
21828144000,21828064000,0.86547756,0.009676478,0.00040758273,-0.5008541,0.0075832126,0.027312845,0.9719088,-193.09027,344.68317,-358.56387,3.6055073e-06,-1.2673315e-06,-6.3015445e-06,-0.00012940448,-7.566399e-05,0.0007183405,0.19516933,-0.017009905,0.48596686,0.014594738,-0.0108246645,0.000371742,0.0,0.0,1.7448621e-05,5.532137e-06,5.5740106e-06,4.7134436e-05,0.010474576,0.010469763,0.014123818,0.07062249,0.07060785,0.17748782,1.0748977e-11,1.0655904e-11,2.1963306e-11,5.000054e-08,5.0000576e-08,5.000022e-08,0.0,0.0,0.0,0.0,0.0,0.0,0.0,0.0,24
21829144000,21829064000,0.86553967,0.009789872,0.0020722349,-0.50074047,0.0009436922,0.040784538,0.981138,-193.07904,344.68338,-357.558,3.6608317e-06,-1.1058258e-06,-6.381102e-06,-0.00012757935,-7.6117816e-05,0.0007053835,0.19516933,-0.017009905,0.48596686,0.014594738,-0.0108246645,0.000371742,0.0,0.0,1.768512e-05,5.5758615e-06,5.61463e-06,4.7846817e-05,0.010925997,0.010921586,0.014392146,0.072892815,0.072879806,0.17854895,1.0729106e-11,1.0646535e-11,2.2106775e-11,5.0001262e-08,5.0001336e-08,5.000022e-08,0.0,0.0,0.0,0.0,0.0,0.0,0.0,0.0,24
21830144000,21830064000,0.8655083,0.010584966,0.0013117862,-0.5007811,-0.003553422,0.042664774,0.9793922,-193.08295,344.67444,-356.55646,3.7774462e-06,-9.0774773e-07,-6.4472233e-06,-0.00012559407,-7.7091536e-05,0.0006943875,0.19516933,-0.017009905,0.48596686,0.014594738,-0.0108246645,0.000371742,0.0,0.0,1.7921277e-05,5.3836684e-06,5.420797e-06,4.8531336e-05,0.009806583,0.009803605,0.013655526,0.06683842,0.06683098,0.17450367,1.0565305e-11,1.049468e-11,2.223769e-11,5.000047e-08,5.000046e-08,5.0000185e-08,0.0,0.0,0.0,0.0,0.0,0.0,0.0,0.0,24
21831144000,21831064000,0.8655121,0.010647786,0.0022866935,-0.50076985,0.00031540234,0.03836188,0.96972734,-193.08032,344.68533,-355.55988,3.832061e-06,-7.754031e-07,-6.5200206e-06,-0.00012437493,-7.7485674e-05,0.0006840018,0.19516933,-0.017009905,0.48596686,0.014594738,-0.0108246645,0.000371742,0.0,0.0,1.814886e-05,5.387405e-06,5.4218585e-06,4.9200677e-05,0.010000632,0.009998341,0.013823051,0.06820916,0.06820305,0.17542031,1.0530862e-11,1.0468937e-11,2.2357385e-11,5.00005e-08,5.0000494e-08,5.000022e-08,0.0,0.0,0.0,0.0,0.0,0.0,0.0,0.0,24
21832144000,21832064000,0.8654288,0.010331171,0.00019107304,-0.50092524,-0.010406652,0.029720817,0.9870963,-193.07626,344.69803,-354.57587,3.8554263e-06,-6.477383e-07,-6.511474e-06,-0.00012331328,-7.769802e-05,0.0006814813,0.19516933,-0.017009905,0.48596686,0.014594738,-0.0108246645,0.000371742,0.0,0.0,1.8367848e-05,5.4200473e-06,5.4539237e-06,4.9853275e-05,0.010330475,0.010328878,0.0139825195,0.070080094,0.07007488,0.17415655,1.0520633e-11,1.0466311e-11,2.2466204e-11,5.000057e-08,5.000057e-08,5e-08,0.0,0.0,0.0,0.0,0.0,0.0,0.0,0.0,24
21833144000,21833064000,0.8653711,0.011973435,9.197265e-05,-0.50098854,-0.011000736,0.027075624,1.0109842,-193.06732,344.70663,-353.58148,3.8049411e-06,-5.287265e-07,-6.498562e-06,-0.00012239646,-7.741386e-05,0.0006803853,0.19516933,-0.017009905,0.48596686,0.014594738,-0.0108246645,0.000371742,0.0,0.0,1.8574372e-05,5.455425e-06,5.4905513e-06,5.049069e-05,0.010658382,0.010656989,0.014304972,0.07199291,0.07198855,0.17800607,1.05149995e-11,1.04675366e-11,2.256534e-11,5.0000654e-08,5.0000637e-08,5.0000256e-08,0.0,0.0,0.0,0.0,0.0,0.0,0.0,0.0,24
21834144000,21834064000,0.8654565,0.010469441,0.001962153,-0.50087094,-0.011895342,0.017651264,0.99591416,-193.04852,344.71613,-352.59464,3.6964896e-06,-3.9146306e-07,-6.507108e-06,-0.000121408135,-7.674048e-05,0.0006859949,0.19516933,-0.017009905,0.48596686,0.014594738,-0.0108246645,0.000371742,0.0,0.0,1.8763938e-05,5.306802e-06,5.3377853e-06,5.112132e-05,0.009679324,0.009678662,0.013599774,0.06630925,0.066306636,0.17416787,1.03975535e-11,1.03575785e-11,2.2654822e-11,5.0000477e-08,5.0000466e-08,5.0000224e-08,0.0,0.0,0.0,0.0,0.0,0.0,0.0,0.0,24
21835144000,21835064000,0.865549,0.010642561,0.00032809365,-0.500711,-0.02851374,0.012875063,1.0073347,-193.05827,344.7223,-351.60828,3.6634651e-06,-3.1055282e-07,-6.5603335e-06,-0.0001208671,-7.6479024e-05,0.0006949686,0.19516933,-0.017009905,0.48596686,0.014594738,-0.0108246645,0.000371742,0.0,0.0,1.894877e-05,5.328455e-06,5.3606573e-06,5.1723662e-05,0.009917811,0.009917445,0.01378369,0.06783518,0.067833036,0.17512837,1.0389502e-11,1.0355281e-11,2.2734772e-11,5.000052e-08,5.0000505e-08,5.0000185e-08,0.0,0.0,0.0,0.0,0.0,0.0,0.0,0.0,24
21836144000,21836064000,0.8655474,0.010054966,-0.00013676952,-0.5007261,-0.01665158,0.013255708,1.0166293,-193.06172,344.72192,-350.6101,3.6010108e-06,-2.1302374e-07,-6.5745207e-06,-0.000120244484,-7.610195e-05,0.0007027396,0.19516933,-0.017009905,0.48596686,0.014594738,-0.0108246645,0.000371742,0.0,0.0,1.9075635e-05,5.348506e-06,5.3801627e-06,5.2137973e-05,0.010144724,0.010143862,0.013879958,0.06933625,0.06933451,0.17361523,1.0382828e-11,1.0353646e-11,2.2774291e-11,5.0000555e-08,5.0000526e-08,5.000004e-08,0.0,0.0,0.0,0.0,0.0,0.0,0.0,0.0,24
21837144000,21837064000,0.8655127,0.0077421386,-0.0011040156,-0.500826,-0.020563068,0.016402062,1.01908,-193.06403,344.72778,-349.6027,3.564073e-06,-1.3421717e-07,-6.5724894e-06,-0.000119760494,-7.589133e-05,0.0007081773,0.19516933,-0.017009905,0.48596686,0.014594738,-0.0108246645,0.000371742,0.0,0.0,1.9253403e-05,5.398041e-06,5.4273696e-06,5.2687785e-05,0.010542627,0.01054178,0.014136312,0.07136316,0.07136153,0.17492951,1.0398208e-11,1.0373263e-11,2.2837274e-11,5.000063e-08,5.0000608e-08,5e-08,0.0,0.0,0.0,0.0,0.0,0.0,0.0,0.0,24
21838144000,21838064000,0.86553216,0.010140081,-0.0007469628,-0.5007502,-0.019940397,0.012030267,1.007709,-193.0637,344.71448,-348.58337,3.5472378e-06,9.9633874e-09,-6.6219072e-06,-0.000118944336,-7.577308e-05,0.0007061585,0.19516933,-0.017009905,0.48596686,0.014594738,-0.0108246645,0.000371742,0.0,0.0,1.9419358e-05,5.4470615e-06,5.479208e-06,5.3210795e-05,0.010959914,0.010958976,0.014467538,0.07349051,0.07348888,0.17867082,1.0415386e-11,1.0394165e-11,2.2892015e-11,5.00014e-08,5.0001336e-08,5.0000185e-08,0.0,0.0,0.0,0.0,0.0,0.0,0.0,0.0,24
21839144000,21839064000,0.865576,0.009400593,0.0007295923,-0.50068873,-0.022269335,0.020915678,0.98997986,-193.0461,344.69293,-347.58267,3.4857742e-06,2.4910585e-07,-6.6663647e-06,-0.00011760825,-7.5436976e-05,0.0007036015,0.19516933,-0.017009905,0.48596686,0.014594738,-0.0108246645,0.000371742,0.0,0.0,1.9635298e-05,5.266947e-06,5.2970213e-06,5.3884112e-05,0.009795252,0.009794351,0.013673735,0.06714836,0.06714737,0.17432973,1.0291549e-11,1.027449e-11,2.2972188e-11,5.000048e-08,5.0000466e-08,5.0000075e-08,0.0,0.0,0.0,0.0,0.0,0.0,0.0,0.0,24
21840144000,21840064000,0.8655078,0.009947864,0.0014833669,-0.5007945,-0.02713842,0.025713172,0.99412143,-193.04794,344.68463,-346.5826,3.4459767e-06,4.5585782e-07,-6.6518164e-06,-0.00011652137,-7.526385e-05,0.00070022047,0.19516933,-0.017009905,0.48596686,0.014594738,-0.0108246645,0.000371742,0.0,0.0,1.9786334e-05,5.2960368e-06,5.3262906e-06,5.435965e-05,0.01008613,0.010085181,0.013873442,0.06883674,0.06883571,0.1751467,1.0300416e-11,1.0286422e-11,2.3012136e-11,5.0000555e-08,5.000054e-08,5.000011e-08,0.0,0.0,0.0,0.0,0.0,0.0,0.0,0.0,24
21841144000,21841064000,0.86550546,0.012673919,-0.00018006902,-0.5007391,-0.03553314,0.037715543,0.99148303,-193.06229,344.68314,-345.56537,3.4424445e-06,6.3243937e-07,-6.698784e-06,-0.000115675575,-7.522545e-05,0.00068684237,0.19516933,-0.017009905,0.48596686,0.014594738,-0.0108246645,0.000371742,0.0,0.0,1.9865645e-05,5.3232893e-06,5.357658e-06,5.4632426e-05,0.010377268,0.010376166,0.014072456,0.070554286,0.07055327,0.17599551,1.03096e-11,1.0298272e-11,2.3011456e-11,5.000059e-08,5.0000555e-08,5.000011e-08,0.0,0.0,0.0,0.0,0.0,0.0,0.0,0.0,24
21842144000,21842064000,0.86545116,0.0137903895,-0.0018940275,-0.50079995,-0.027909221,0.039773583,0.97539055,-193.0706,344.69528,-344.5746,3.4109657e-06,7.9366185e-07,-6.711862e-06,-0.000114903036,-7.508838e-05,0.00068097713,0.19516933,-0.017009905,0.48596686,0.014594738,-0.0108246645,0.000371742,0.0,0.0,2.0000774e-05,5.3832287e-06,5.418853e-06,5.5056782e-05,0.010850414,0.010849401,0.014358019,0.07284047,0.0728393,0.17730641,1.0342041e-11,1.0332841e-11,2.303926e-11,5.0001365e-08,5.0001287e-08,5.0000146e-08,0.0,0.0,0.0,0.0,0.0,0.0,0.0,0.0,24
21843144000,21843064000,0.8654128,0.012063181,-0.0013779694,-0.50091267,-0.011776443,0.028171597,0.9976974,-193.03444,344.71246,-343.59482,3.1957939e-06,9.965235e-07,-6.694408e-06,-0.00011397074,-7.423375e-05,0.0006851938,0.19516933,-0.017009905,0.48596686,0.014594738,-0.0108246645,0.000371742,0.0,0.0,2.0127693e-05,5.2202686e-06,5.252124e-06,5.546735e-05,0.009737206,0.009736898,0.013617813,0.06680344,0.06680273,0.17329401,1.0235354e-11,1.0228329e-11,2.3061969e-11,5.000048e-08,5.0000452e-08,5.0000036e-08,0.0,0.0,0.0,0.0,0.0,0.0,0.0,0.0,24
21844144000,21844064000,0.8655079,0.01063946,0.0010275214,-0.5007812,-0.035846233,0.012830757,1.0019884,-193.01706,344.71704,-342.58008,3.0335461e-06,1.1736856e-06,-6.6783123e-06,-0.00011324617,-7.369304e-05,0.0006786992,0.19516933,-0.017009905,0.48596686,0.014594738,-0.0108246645,0.000371742,0.0,0.0,2.0230418e-05,5.236929e-06,5.2668643e-06,5.5872464e-05,0.009937577,0.009938097,0.013785234,0.0681685,0.068167925,0.17424327,1.024136e-11,1.0236072e-11,2.3079616e-11,5.0000516e-08,5.000048e-08,5.000011e-08,0.0,0.0,0.0,0.0,0.0,0.0,0.0,0.0,24
21845144000,21845064000,0.8655123,0.012059856,0.00027735365,-0.50074244,-0.05399603,0.010378265,0.99284434,-193.03413,344.719,-341.59186,2.9182563e-06,1.2914061e-06,-6.724927e-06,-0.00011277901,-7.32396e-05,0.0006823299,0.19516933,-0.017009905,0.48596686,0.014594738,-0.0108246645,0.000371742,0.0,0.0,2.03418e-05,5.2770833e-06,5.3098074e-06,5.6232362e-05,0.010281835,0.010282651,0.014018322,0.07001621,0.070015915,0.1754123,1.0263198e-11,1.0259612e-11,2.3092575e-11,5.000059e-08,5.0000555e-08,5.0000146e-08,0.0,0.0,0.0,0.0,0.0,0.0,0.0,0.0,24
21846144000,21846064000,0.86555403,0.011291304,3.853949e-05,-0.5006884,-0.04132842,0.012260311,1.0036063,-193.05103,344.72272,-340.60663,2.815172e-06,1.4041865e-06,-6.7269484e-06,-0.000112369446,-7.287193e-05,0.000690654,0.19516933,-0.017009905,0.48596686,0.014594738,-0.0108246645,0.000371742,0.0,0.0,2.0437583e-05,5.316682e-06,5.3486324e-06,5.658381e-05,0.0106125465,0.010612825,0.014255426,0.07190819,0.07190805,0.1767438,1.0285058e-11,1.02828674e-11,2.3101717e-11,5.0000626e-08,5.0000843e-08,5.0000146e-08,0.0,0.0,0.0,0.0,0.0,0.0,0.0,0.0,24
21847144000,21847064000,0.86564124,0.0091816215,-0.00164794,-0.5005778,-0.031659145,0.0021297212,1.0095205,-193.06218,344.73648,-339.5905,2.709111e-06,1.4538915e-06,-6.735662e-06,-0.00011220481,-7.255033e-05,0.0006870921,0.19516933,-0.017009905,0.48596686,0.014594738,-0.0108246645,0.000371742,0.0,0.0,2.0523852e-05,5.1796364e-06,5.208503e-06,5.6920922e-05,0.009627879,0.009627942,0.013554765,0.06620005,0.066199936,0.17304996,1.0196753e-11,1.01958286e-11,2.3107898e-11,5.000044e-08,5.0000413e-08,5.000011e-08,0.0,0.0,0.0,0.0,0.0,0.0,0.0,0.0,24
21848144000,21848064000,0.8655553,0.009298626,-0.002454386,-0.5007212,-0.016506394,-0.0026359651,1.0086213,-193.07074,344.73264,-338.60028,2.6488815e-06,1.5060714e-06,-6.7463243e-06,-0.000112039306,-7.234849e-05,0.0006933452,0.19516933,-0.017009905,0.48596686,0.014594738,-0.0108246645,0.000371742,0.0,0.0,2.0623356e-05,5.2070086e-06,5.2359715e-06,5.7214707e-05,0.009884978,0.009884993,0.013736198,0.067748316,0.067748256,0.17395355,1.0211848e-11,1.02115955e-11,2.3110841e-11,5.000052e-08,5.000058e-08,5.000004e-08,0.0,0.0,0.0,0.0,0.0,0.0,0.0,0.0,24
21849144000,21849064000,0.8655452,0.00911282,-0.0026082871,-0.5007412,-0.011848103,-0.0015010452,1.0024945,-193.07486,344.71408,-337.60455,2.6397481e-06,1.612222e-06,-6.7431047e-06,-0.000111709094,-7.2313596e-05,0.00069970574,0.19516933,-0.017009905,0.48596686,0.014594738,-0.0108246645,0.000371742,0.0,0.0,2.0704803e-05,5.230854e-06,5.2595487e-06,5.7501282e-05,0.010125284,0.010125302,0.0138999075,0.06927051,0.06927042,0.17467299,1.0225122e-11,1.022535e-11,2.3111043e-11,5.0000565e-08,5.0001322e-08,5e-08,0.0,0.0,0.0,0.0,0.0,0.0,0.0,0.0,24
21850144000,21850064000,0.865523,0.010917576,-0.002279387,-0.50074506,-0.0063984976,0.016528586,1.0186208,-193.08424,344.70523,-336.61685,2.6836926e-06,1.684542e-06,-6.7500823e-06,-0.00011146742,-7.241768e-05,0.00071327866,0.19516933,-0.017009905,0.48596686,0.014594738,-0.0108246645,0.000371742,0.0,0.0,2.0780974e-05,5.283461e-06,5.314367e-06,5.7765967e-05,0.01051512,0.010514892,0.0142167,0.07131161,0.07131143,0.17804663,1.0257706e-11,1.0258264e-11,2.3108937e-11,5.0001308e-08,5.000261e-08,5.0000185e-08,0.0,0.0,0.0,0.0,0.0,0.0,0.0,0.0,24
21851144000,21851064000,0.86548716,0.010301122,-0.0037426276,-0.5008111,-0.004856732,0.030843163,1.0249505,-193.09058,344.70035,-335.6236,2.7577398e-06,1.7892995e-06,-6.720225e-06,-0.00011113759,-7.261509e-05,0.00072760717,0.19516933,-0.017009905,0.48596686,0.014594738,-0.0108246645,0.000371742,0.0,0.0,2.0848915e-05,5.3374742e-06,5.366459e-06,5.8018104e-05,0.010920059,0.010919403,0.014380084,0.07344625,0.07344599,0.17653164,1.02905965e-11,1.0291404e-11,2.3105077e-11,5.00024e-08,5.0004353e-08,5.000004e-08,0.0,0.0,0.0,0.0,0.0,0.0,0.0,0.0,24
