timestamp,timestamp_sample,lat,lon,alt,alt_ellipsoid,delta_alt,eph,epv,terrain_alt,lat_lon_reset_counter,alt_reset_counter,terrain_alt_valid,dead_reckoning
174027076,174024720,36.45363704341757,127.40688781218384,34.242622,54.173996,4.5001507e-05,0.92670786,1.3148727,nan,2,2,0,0
174225795,174223559,36.4536371174165,127.40688779550733,34.240715,54.173115,4.5001507e-05,0.9279359,1.3154057,nan,2,2,0,0
174424168,174422400,36.45363722232547,127.4068877947187,34.24139,54.17505,4.5001507e-05,0.92701656,1.3150314,nan,2,2,0,0
174624041,174621241,36.45363737100944,127.40688777518483,34.24036,54.175842,4.5001507e-05,0.9261295,1.3146156,nan,2,2,0,0
174821783,174820081,36.45363742963912,127.40688775965984,34.24263,54.17923,4.5001507e-05,0.9273866,1.3151697,nan,2,2,0,0
175030656,175028863,36.45363748262533,127.40688776503418,34.250378,54.189426,4.5001507e-05,0.9266611,1.3148383,nan,2,2,0,0
175229564,175227704,36.45363749830334,127.40688777322337,34.2582,54.198997,4.5001507e-05,0.9279086,1.3153822,nan,2,2,0,0
175428487,175426544,36.4536375578592,127.40688778572056,34.26381,54.20685,4.5001507e-05,0.92699844,1.3149618,nan,2,2,0,0
175627087,175625385,36.45363762515131,127.4068877490617,34.266983,54.21279,4.5001507e-05,0.9261213,1.3145508,nan,2,2,0,0
175825959,175824225,36.45363767914969,127.40688770500269,34.274338,54.221554,4.5001507e-05,0.92739207,1.3151082,nan,2,2,0,0
176024812,176023066,36.45363774681906,127.40688770065248,34.284466,54.234474,4.5001507e-05,0.9265087,1.3146989,nan,2,2,0,0
176223602,176221906,36.4536377900451,127.40688771197671,34.29513,54.247,4.5001507e-05,0.9277473,1.3152375,nan,2,2,0,0
176422387,176420747,36.4536378269587,127.40688774168378,34.305256,54.259315,4.5001507e-05,0.92685556,1.3148266,nan,2,2,0,0
176621370,176619587,36.453637854043485,127.40688778299207,34.31761,54.274574,4.5001507e-05,0.92598,1.314418,nan,2,2,0,0
176820272,176818428,36.45363791207239,127.4068879228473,34.328003,54.286247,4.5001507e-05,0.92724234,1.3149698,nan,2,2,0,0
177029382,177027210,36.453637940836984,127.406888419676,34.336746,54.297455,4.5001507e-05,0.92653793,1.3146507,nan,2,2,0,0
177228274,177226051,36.45363798667033,127.40688841651996,34.342094,54.30449,4.5001507e-05,0.92776704,1.3151822,nan,2,2,0,0
177427208,177424891,36.453638001749454,127.40688786998086,34.343517,54.307312,4.5001507e-05,0.92685556,1.3147665,nan,2,2,0,0
177625862,177623732,36.45363798852533,127.40688749626642,34.337093,54.302727,4.5001507e-05,0.925977,1.314403,nan,2,2,0,0
177824204,177822572,36.453638374375224,127.40688528317678,34.382126,54.348473,4.5001507e-05,0.92725146,1.3149605,nan,2,2,0,0
178023094,178021413,36.453638491241705,127.40688462299258,34.40828,54.376213,4.5001507e-05,0.9263713,1.3145449,nan,2,2,0,0
178222012,178220254,36.453638726289746,127.40688546918238,34.424866,54.394043,4.5001507e-05,0.9276878,1.3150696,nan,2,2,0,0
178420992,178419094,36.45363889488503,127.40688679552366,34.418472,54.38903,4.5001507e-05,0.92678976,1.3146262,nan,2,2,0,0
178620733,178617934,36.453639065591005,127.4068877987142,34.39476,54.366653,4.5001507e-05,0.9259411,1.3141978,nan,2,2,0,0
178818474,178816779,36.45363922726133,127.40688725722993,34.366623,54.33914,4.5001507e-05,0.9272204,1.3146551,nan,2,2,0,0
179017415,179015615,36.45363938080913,127.40688364842566,34.45803,54.431023,4.5001507e-05,0.9263708,1.3142213,nan,2,2,0,0
179226553,179224397,36.45364117922315,127.40686863464241,34.808895,54.779762,4.5001507e-05,0.9289893,1.314907,nan,2,2,0,0
179425037,179423237,36.453644820276175,127.40684936034171,34.895454,54.86897,4.5001507e-05,0.92799157,1.3144826,nan,2,2,0,0
179623948,179622076,36.45364868854343,127.40682729358869,34.734833,54.715652,4.5001507e-05,0.9269966,1.3140655,nan,2,2,0,0
179822632,179820916,36.45365171953012,127.40680244864659,34.561855,54.546196,4.5001507e-05,0.92847234,1.3145586,nan,2,2,0,0
180021712,180019756,36.453653703348074,127.40677477829983,34.361458,54.353203,4.5001507e-05,0.9275252,1.314178,nan,2,2,0,0
180220340,180218595,36.45365418991183,127.40674480035095,34.16292,54.160126,4.5001507e-05,0.92906237,1.3146505,nan,2,2,0,0
180419017,180417434,36.45365342583085,127.40671277139498,34.02375,54.025482,4.5001507e-05,0.928249,1.3143263,nan,2,2,0,0
180628332,180626215,36.45365101351125,127.40667678942168,33.882202,53.889603,4.5001507e-05,0.92755634,1.3140736,nan,2,2,0,0
180827143,180825054,36.45364742066333,127.40664097898416,33.91711,53.926647,4.5001507e-05,0.9291677,1.3146003,nan,2,2,0,0
181026178,181023893,36.453643240119284,127.4066041340161,34.13049,54.14364,4.5001507e-05,0.92826986,1.3142847,nan,2,2,0,0
181226469,181222731,36.453638665880845,127.40656671367812,34.50202,54.517998,4.5001507e-05,0.92742306,1.3139747,nan,2,2,0,0
181423496,181421570,36.453633229768066,127.40652863916259,34.969086,54.987003,4.5001507e-05,0.92894644,1.3145065,nan,2,2,0,0
181622159,181620409,36.45362743783422,127.40649031371989,35.570534,55.59125,4.5001507e-05,0.9281686,1.3142138,nan,2,2,0,0
181820941,181819247,36.45362146276008,127.40645147361566,36.225727,56.24832,4.5001507e-05,0.9297331,1.3147663,nan,2,2,0,0
182030160,182028026,36.453614985561224,127.40640981774854,36.874474,56.900764,4.5001507e-05,0.9292392,1.3145729,nan,2,2,0,0
182230957,182226864,36.45360955383807,127.4063698063755,37.561913,57.58844,4.5001507e-05,0.92847025,1.3142662,nan,2,2,0,0
182427813,182425702,36.45360601797514,127.4063293815686,38.333786,58.361183,4.5001507e-05,0.92986685,1.3148202,nan,2,2,0,0
182626828,182624540,36.45360509804702,127.40628892052328,39.24414,59.26968,4.5001507e-05,0.92908263,1.3145242,nan,2,2,0,0
182827232,182823378,36.4536067459387,127.4062483391265,40.256725,60.280006,4.5001507e-05,0.93051386,1.3150896,nan,2,2,0,0
183025093,183022215,36.45360989861383,127.40620727296304,41.29832,61.315975,4.5001507e-05,0.9296757,1.3148352,nan,2,2,0,0
183222723,183221053,36.45361354537102,127.40616569102785,42.26023,62.271553,4.5001507e-05,0.931149,1.3154054,nan,2,2,0,0
183421717,183419890,36.4536178137284,127.40612406788368,43.213436,63.219894,4.5001507e-05,0.9302694,1.3150958,nan,2,2,0,0
183622124,183618727,36.45362388376041,127.40608315764696,44.254337,64.25297,4.5001507e-05,0.9294324,1.3147937,nan,2,2,0,0
183830077,183827506,36.453632064715705,127.40604135038123,45.4302,65.425354,4.5001507e-05,0.93113655,1.3154827,nan,2,2,0,0
184028468,184026343,36.45363988296119,127.4060014673418,46.355747,66.34295,4.5001507e-05,0.9302589,1.3151809,nan,2,2,0,0
184227299,184225180,36.45364749403671,127.40596207474817,47.200066,67.18085,4.5001507e-05,0.93171626,1.3157811,nan,2,2,0,0
184427834,184424024,36.453654965596265,127.40592341469146,48.00742,67.98761,4.5001507e-05,0.93084234,1.3154713,nan,2,2,0,0
184624847,184622855,36.45366246922226,127.40588517905444,48.852825,68.832756,4.5001507e-05,0.9300335,1.315164,nan,2,2,0,0
184823463,184821691,36.45367031711946,127.4058471997864,49.72751,69.706985,4.5001507e-05,0.93146783,1.3157798,nan,2,2,0,0
185022468,185020527,36.453678331014096,127.4058093497865,50.639923,70.61784,4.5001507e-05,0.9306525,1.3154645,nan,2,2,0,0
185221213,185219364,36.453686038524054,127.40577158124675,51.607517,71.58058,4.5001507e-05,0.932058,1.316067,nan,2,2,0,0
185420597,185418200,36.453693644648276,127.40573403977855,52.65408,72.62363,4.5001507e-05,0.93122333,1.3157336,nan,2,2,0,0
185621132,185617047,36.45370102646591,127.40569654820803,53.650246,73.61531,4.5001507e-05,0.9304303,1.3154539,nan,2,2,0,0
185829692,185825815,36.453708901516045,127.40565732999602,54.562706,74.52593,4.5001507e-05,0.9319944,1.3160968,nan,2,2,0,0
186026798,186024650,36.453716599686906,127.40562029751055,55.370422,75.32854,4.5001507e-05,0.93116,1.3158047,nan,2,2,0,0
186225256,186223494,36.45372415019011,127.4055830857116,56.069496,76.023605,4.5001507e-05,0.93253773,1.3164073,nan,2,2,0,0
186424188,186422326,36.453731274561854,127.40554585429119,56.765205,76.7153,4.5001507e-05,0.93167615,1.3160483,nan,2,2,0,0
186622784,186621159,36.453738145189256,127.40550832106345,57.469864,77.41611,4.5001507e-05,0.93085897,1.3156945,nan,2,2,0,0
186822130,186819994,36.453744588790656,127.4054705126458,58.207253,78.15193,4.5001507e-05,0.9322392,1.316298,nan,2,2,0,0
187021762,187018830,36.453750574386135,127.4054323236041,58.939766,78.88158,4.5001507e-05,0.9313898,1.3159287,nan,2,2,0,0
187219287,187217665,36.45375593792059,127.40539359800643,59.62171,79.561165,4.5001507e-05,0.93278044,1.31652,nan,2,2,0,0
187418369,187416501,36.45376071582867,127.40535450901935,60.315735,80.25314,4.5001507e-05,0.9319004,1.3161418,nan,2,2,0,0
187627485,187625278,36.45376543503434,127.40531296226153,61.032593,80.96816,4.5001507e-05,0.9312344,1.3158598,nan,2,2,0,0
187826456,187824114,36.45376989327527,127.40527311833326,61.769882,81.70443,4.5001507e-05,0.93265086,1.3164574,nan,2,2,0,0
188026511,188022954,36.453774570751655,127.40523296227077,62.479225,82.41357,4.5001507e-05,0.93176246,1.3160793,nan,2,2,0,0
188223737,188221784,36.453779064126344,127.40519279545849,63.199123,83.13124,4.5001507e-05,0.93318367,1.3166671,nan,2,2,0,0
188422565,188420619,36.45378339604445,127.40515286254697,63.980064,83.912224,4.5001507e-05,0.93223196,1.3162693,nan,2,2,0,0
188621337,188619454,36.453787537581675,127.40511281618076,64.78013,84.71301,4.5001507e-05,0.93132424,1.3158827,nan,2,2,0,0
188820105,188818289,36.45379177592144,127.40507303151988,65.63626,85.569374,4.5001507e-05,0.932732,1.3165234,nan,2,2,0,0
189029346,189027066,36.45379627769894,127.40503151689208,66.51136,86.44548,4.5001507e-05,0.931938,1.3161453,nan,2,2,0,0
189228110,189225900,36.45380059742688,127.40499219337201,67.31542,87.248245,4.5001507e-05,0.9333226,1.3167754,nan,2,2,0,0
189426923,189424737,36.453805473695596,127.40495294575618,68.12068,88.05345,4.5001507e-05,0.93229294,1.3163518,nan,2,2,0,0
189627256,189623569,36.45381042761792,127.40491346303696,68.86519,88.79821,4.5001507e-05,0.93132263,1.3159393,nan,2,2,0,0
189824208,189822404,36.45381531462941,127.40487395540546,69.595825,89.5297,4.5001507e-05,0.9326687,1.3165158,nan,2,2,0,0
190023041,190021238,36.453819826689475,127.40483418606583,70.31154,90.24614,4.5001507e-05,0.9316699,1.3160962,nan,2,2,0,0
190221832,190220073,36.453823902735294,127.40479434490588,71.07358,91.005714,4.5001507e-05,0.9329998,1.3166618,nan,2,2,0,0
190430914,190428848,36.45382819078731,127.40475262808006,71.857414,91.78987,4.5001507e-05,0.93216085,1.3163214,nan,2,2,0,0
190629924,190627682,36.453832037436115,127.40471295854796,72.62299,92.55828,4.5001507e-05,0.93119866,1.3159094,nan,2,2,0,0
190828797,190826516,36.45383559325688,127.40467331546316,73.39455,93.331635,4.5001507e-05,0.932529,1.3164752,nan,2,2,0,0
191028581,191025351,36.453838757457774,127.40463371827788,74.169235,94.111,4.5001507e-05,0.9315237,1.3160468,nan,2,2,0,0
191226752,191224184,36.45384156150033,127.40459432190339,75.00975,94.95412,4.5001507e-05,0.93286365,1.316606,nan,2,2,0,0
191424606,191423018,36.45384416631775,127.4045552251177,75.9014,95.85366,4.5001507e-05,0.9318596,1.316236,nan,2,2,0,0
191624054,191621852,36.45384676666482,127.40451625969716,76.84849,96.81149,4.5001507e-05,0.93089575,1.3158163,nan,2,2,0,0
191822437,191820685,36.45384948367891,127.4044775017294,77.81834,97.78771,4.5001507e-05,0.932258,1.3163805,nan,2,2,0,0
192021289,192019519,36.45385251711955,127.40443856853649,78.77063,98.75006,4.5001507e-05,0.93127114,1.3159565,nan,2,2,0,0
192220104,192218352,36.45385600149944,127.40439932055732,79.64137,99.62317,4.5001507e-05,0.9326056,1.3165052,nan,2,2,0,0
192429223,192427128,36.45386008557215,127.40435797084527,80.54318,100.53242,4.5001507e-05,0.9317642,1.3161573,nan,2,2,0,0
192629733,192625961,36.453863991850824,127.40431823235016,81.32449,101.323135,4.5001507e-05,0.93080306,1.3157378,nan,2,2,0,0
192826922,192824795,36.45386765989111,127.4042784107723,82.0762,102.07931,4.5001507e-05,0.932122,1.3162924,nan,2,2,0,0
193026069,193023628,36.45387125422579,127.40423847420351,82.773315,102.78691,4.5001507e-05,0.93113756,1.315869,nan,2,2,0,0
193224227,193222461,36.45387492214304,127.40419897472492,83.471954,103.48982,4.5001507e-05,0.9324265,1.3164083,nan,2,2,0,0
193422904,193421300,36.45387832822972,127.40415991661212,84.077126,104.10458,4.5001507e-05,0.93141973,1.3159766,nan,2,2,0,0
193622822,193620127,36.453881524765116,127.40412109922958,84.554214,104.59441,4.5001507e-05,0.9304532,1.3155533,nan,2,2,0,0
193820988,193818961,36.453884684796094,127.40408277080593,85.03868,105.08444,4.5001507e-05,0.931729,1.3161011,nan,2,2,0,0
194020893,194017793,36.45388806912,127.40404491478381,85.42158,105.47846,4.5001507e-05,0.930739,1.3156734,nan,2,2,0,0
194218394,194216626,36.453892178370005,127.4040075086263,85.68965,105.753235,4.5001507e-05,0.9320041,1.3162669,nan,2,2,0,0
194428404,194425401,36.453898058029075,127.40396874249342,85.887634,105.960625,4.5001507e-05,0.93119013,1.3158733,nan,2,2,0,0
194626582,194624233,36.45390606432601,127.40393295252973,86.06165,106.14489,4.5001507e-05,0.9302503,1.3155137,nan,2,2,0,0
194824716,194823066,36.45391715376876,127.40389898488174,86.26509,106.352806,4.5001507e-05,0.9315736,1.316065,nan,2,2,0,0
195023701,195021899,36.453931316009985,127.40386735768163,86.509415,106.60395,4.5001507e-05,0.93059623,1.3156476,nan,2,2,0,0
195222589,195220740,36.45394786701926,127.40383820027154,86.77721,106.87457,4.5001507e-05,0.9319823,1.3162017,nan,2,2,0,0
195421198,195419565,36.453966076928744,127.40381146695348,87.05578,107.156166,4.5001507e-05,0.93097174,1.3157998,nan,2,2,0,0
195621091,195618398,36.45398595005744,127.40378693320761,87.28317,107.38893,4.5001507e-05,0.93002236,1.315419,nan,2,2,0,0
195818885,195817231,36.45400742289073,127.40376543074888,87.478714,107.58734,4.5001507e-05,0.9314684,1.3160243,nan,2,2,0,0
196028520,196026008,36.454031904240395,127.40374626600668,87.66214,107.775894,4.5001507e-05,0.930682,1.3157398,nan,2,2,0,0
196227393,196224838,36.45405656592593,127.40373103290273,87.81479,107.93152,4.5001507e-05,0.932168,1.3163711,nan,2,2,0,0
196425547,196423671,36.454081908506566,127.40371799599902,87.85832,107.979195,4.5001507e-05,0.9311208,1.3159811,nan,2,2,0,0
196624212,196622504,36.45410819438543,127.4037082917071,87.87196,107.99657,4.5001507e-05,0.9301625,1.3156089,nan,2,2,0,0
196824104,196821337,36.45413521154565,127.40370174670014,87.816315,107.94269,4.5001507e-05,0.93162006,1.316268,nan,2,2,0,0
197022200,197020170,36.454162745526865,127.40369930905804,87.74779,107.87626,4.5001507e-05,0.9306156,1.3158828,nan,2,2,0,0
197220853,197219003,36.45419038999409,127.40370054903838,87.648415,107.77797,4.5001507e-05,0.93203527,1.316541,nan,2,2,0,0
197430424,197427780,36.454219276996355,127.40370574640068,87.52179,107.6506,4.5001507e-05,0.93117535,1.3162338,nan,2,2,0,0
197629241,197626611,36.454246578771915,127.40371397041515,87.34634,107.47252,4.5001507e-05,0.9301832,1.3158381,nan,2,2,0,0
197828216,197825445,36.454273384837435,127.40372584069392,87.12811,107.2523,4.5001507e-05,0.93157256,1.3165692,nan,2,2,0,0
198026902,198024278,36.45429956591964,127.4037411183935,86.852325,106.97108,4.5001507e-05,0.93053496,1.3161492,nan,2,2,0,0
198226958,198223111,36.45432509963345,127.40375911835449,86.51059,106.626434,4.5001507e-05,0.93187207,1.3168112,nan,2,2,0,0
198423668,198421944,36.454349713578665,127.40377957682824,86.08451,106.195015,4.5001507e-05,0.9308076,1.3163716,nan,2,2,0,0
198622845,198620777,36.454373667929204,127.40380229556,85.589035,105.69299,4.5001507e-05,0.9298092,1.3159461,nan,2,2,0,0
198821534,198819609,36.45439708322938,127.40382696659859,85.02368,105.12465,4.5001507e-05,0.9311009,1.3166081,nan,2,2,0,0
199020265,199018442,36.45442020675211,127.40385330689689,84.42639,104.522156,4.5001507e-05,0.93009794,1.3161769,nan,2,2,0,0
199230022,199227216,36.45444418710567,127.40388270977726,83.870865,103.964485,4.5001507e-05,0.9315585,1.3169266,nan,2,2,0,0
199428570,199426048,36.454467110531176,127.40391168994364,83.33807,103.427055,4.5001507e-05,0.930535,1.3164742,nan,2,2,0,0
199628710,199624891,36.45449054382588,127.40394133258371,82.86693,102.950745,4.5001507e-05,0.9295601,1.3160294,nan,2,2,0,0
199826233,199823712,36.45451453919161,127.40397108373003,82.48666,102.56802,4.5001507e-05,0.93084276,1.3166531,nan,2,2,0,0
200024262,200022544,36.45453933895598,127.4040003515332,82.16455,102.24185,4.5001507e-05,0.92987484,1.3161914,nan,2,2,0,0
200223516,200221375,36.454564880947096,127.40402870776732,81.88254,101.95914,4.5001507e-05,0.9311447,1.3167624,nan,2,2,0,0
200422095,200420207,36.45459119383639,127.40405570680063,81.66999,101.74442,4.5001507e-05,0.9301654,1.3162807,nan,2,2,0,0
200620746,200619038,36.45461851914127,127.40408132064502,81.50219,101.57489,4.5001507e-05,0.92924976,1.3158749,nan,2,2,0,0
200820698,200817869,36.45464678947651,127.40410514564094,81.40317,101.47507,4.5001507e-05,0.93055034,1.3164177,nan,2,2,0,0
201030629,201026642,36.45467726308676,127.40412826869878,81.37335,101.44498,4.5001507e-05,0.9298076,1.3159918,nan,2,2,0,0
201227850,201225473,36.45470678045451,127.40414890653985,81.35746,101.42951,4.5001507e-05,0.93114436,1.3165715,nan,2,2,0,0
201426922,201424304,36.45473667350995,127.40416792598512,81.35415,101.42797,4.5001507e-05,0.9302007,1.3161283,nan,2,2,0,0
201624751,201623137,36.45476707412913,127.40418540175588,81.37945,101.45593,4.5001507e-05,0.9292891,1.3157036,nan,2,2,0,0
201823628,201821966,36.454797856478265,127.404201404828,81.4137,101.49183,4.5001507e-05,0.9306457,1.3162488,nan,2,2,0,0
202022474,202020797,36.45482901424608,127.40421596113285,81.46695,101.5484,4.5001507e-05,0.9296874,1.3158306,nan,2,2,0,0
202221543,202219627,36.454860425163105,127.40422896813621,81.57155,101.65434,4.5001507e-05,0.9310239,1.3163671,nan,2,2,0,0
202421247,202418458,36.45489210720112,127.40424015507823,81.69913,101.78405,4.5001507e-05,0.9300498,1.3159623,nan,2,2,0,0
202618856,202617288,36.454924196223935,127.40425003719415,81.86232,101.94934,4.5001507e-05,0.92912906,1.315574,nan,2,2,0,0
202817916,202816119,36.45495646828715,127.40425899904358,82.04135,102.12936,4.5001507e-05,0.9304999,1.3161472,nan,2,2,0,0
203027224,203024891,36.45499045236693,127.40426748263023,82.21931,102.30914,4.5001507e-05,0.9297358,1.3158531,nan,2,2,0,0
203226189,203223721,36.45502285833525,127.40427509803703,82.37659,102.46718,4.5001507e-05,0.9310962,1.316428,nan,2,2,0,0
203424171,203422551,36.45505520131327,127.40428254130657,82.51898,102.61065,4.5001507e-05,0.9301079,1.3160362,nan,2,2,0,0
203624511,203621385,36.455087692772636,127.40429018146197,82.62009,102.712265,4.5001507e-05,0.9291628,1.3156512,nan,2,2,0,0
203823128,203820212,36.455120392970244,127.40429880364967,82.660034,102.75263,4.5001507e-05,0.93049175,1.3162372,nan,2,2,0,0
204020620,204019042,36.45515303722858,127.4043100440307,82.7227,102.81622,4.5001507e-05,0.9295634,1.3159142,nan,2,2,0,0
204219784,204217872,36.45518514170393,127.40432467582819,82.828026,102.92052,4.5001507e-05,0.93084556,1.3164842,nan,2,2,0,0
204429215,204426644,36.45521758961451,127.40434461395137,83.006485,103.0988,4.5001507e-05,0.93008053,1.3161895,nan,2,2,0,0
204627807,204625475,36.45524666623213,127.40436828326646,83.26346,103.355545,4.5001507e-05,0.92918295,1.3158239,nan,2,2,0,0
204826834,204824305,36.45527341378545,127.40439582501088,83.6357,103.72811,4.5001507e-05,0.930474,1.3164068,nan,2,2,0,0
205024928,205023136,36.45529793310869,127.40442589989063,84.041855,104.13721,4.5001507e-05,0.9295773,1.3160553,nan,2,2,0,0
205223728,205221967,36.45531954041121,127.40445886944791,84.49643,104.593414,4.5001507e-05,0.93088335,1.3166419,nan,2,2,0,0
205422433,205420797,36.45533765096596,127.40449436278963,84.99373,105.09603,4.5001507e-05,0.9299741,1.316303,nan,2,2,0,0
205621588,205619628,36.45535236191454,127.4045316805771,85.49863,105.607,4.5001507e-05,0.92910075,1.315978,nan,2,2,0,0
205830783,205828400,36.45536538529624,127.40457169680086,85.9604,106.07161,4.5001507e-05,0.9306526,1.3166958,nan,2,2,0,0
206029664,206027231,36.45537648968225,127.4046105056745,86.25557,106.37097,4.5001507e-05,0.92972344,1.3163564,nan,2,2,0,0
206228581,206226062,36.45538578035667,127.40465003611693,86.45491,106.570786,4.5001507e-05,0.9310746,1.3169804,nan,2,2,0,0
206427344,206424892,36.455392963522364,127.4046905153863,86.594406,106.7095,4.5001507e-05,0.9301117,1.3166251,nan,2,2,0,0
206627863,206623723,36.455398108886115,127.40473175717096,86.64222,106.75467,4.5001507e-05,0.92920434,1.3162764,nan,2,2,0,0
206824334,206822553,36.45540095200845,127.40477342810048,86.65408,106.76485,4.5001507e-05,0.93055123,1.3169122,nan,2,2,0,0
207023097,207021384,36.45540179382088,127.4048152731013,86.58416,106.69013,4.5001507e-05,0.9296205,1.3166087,nan,2,2,0,0
207221912,207220214,36.45540094870302,127.40485700963183,86.442184,106.545265,4.5001507e-05,0.930929,1.3172334,nan,2,2,0,0
207420626,207419044,36.45539890655329,127.40489885008918,86.19268,106.29126,4.5001507e-05,0.9299788,1.3168555,nan,2,2,0,0
208027811,208025475,36.45538376748147,127.40502669159227,85.19266,105.27728,4.5001507e-05,0.9295468,1.3167979,nan,2,2,0,0
208625426,208621964,36.45535974068422,127.4051514213542,84.2634,104.33711,4.5001507e-05,0.93073046,1.3174697,nan,2,2,0,0
208822454,208820794,36.45535040654058,127.40519344250234,83.938866,104.00914,4.5001507e-05,0.93198496,1.3180732,nan,2,2,0,0
209021811,209019623,36.45534060293628,127.40523571691995,83.643196,103.70418,4.5001507e-05,0.9307454,1.3175392,nan,2,2,0,0
209220332,209218452,36.45533061626008,127.40527816919146,83.37229,103.42786,4.5001507e-05,0.9319562,1.3181114,nan,2,2,0,0
209419109,209417282,36.45532073413657,127.40532079734987,83.18233,103.229034,4.5001507e-05,0.93076783,1.3176465,nan,2,2,0,0
209628837,209626052,36.45531039025837,127.40536587120707,83.0025,103.0398,4.5001507e-05,0.9298414,1.3171684,nan,2,2,0,0
209829125,209824891,36.455300873539755,127.40540894753161,82.92523,102.95743,4.5001507e-05,0.9310714,1.3177973,nan,2,2,0,0
210025452,210023711,36.455291415401305,127.4054520586493,82.96225,102.982956,4.5001507e-05,0.92997265,1.3172843,nan,2,2,0,0
210224406,210222540,36.45528216349615,127.4054950295118,83.116516,103.12769,4.5001507e-05,0.931193,1.3178248,nan,2,2,0,0
210423260,210421369,36.455273529363524,127.40553780611576,83.289314,103.2895,4.5001507e-05,0.9301214,1.3173258,nan,2,2,0,0
210623005,210620198,36.4552653804453,127.40558058287462,83.456375,103.44478,4.5001507e-05,0.92911464,1.3168492,nan,2,2,0,0
210822133,210819028,36.45525766624212,127.40562331389562,83.62465,103.60751,4.5001507e-05,0.9303757,1.3174055,nan,2,2,0,0
211019742,211017857,36.45525037975496,127.40566592513458,83.77405,103.747444,4.5001507e-05,0.9293635,1.3169398,nan,2,2,0,0
211218298,211216686,36.4552434962824,127.40570828667272,83.90628,103.87412,4.5001507e-05,0.9306225,1.3174857,nan,2,2,0,0
211428024,211425456,36.45523662790263,127.40575254300235,84.150246,104.11205,4.5001507e-05,0.9298037,1.3171259,nan,2,2,0,0
211626806,211624286,36.45523037851749,127.4057946856258,84.31964,104.27609,4.5001507e-05,0.9288566,1.3166958,nan,2,2,0,0
211825074,211823115,36.455224541617085,127.40583673414699,84.48732,104.44143,4.5001507e-05,0.93013716,1.3172641,nan,2,2,0,0
212023807,212021945,36.455218841103004,127.40587858381424,84.53893,104.490364,4.5001507e-05,0.929177,1.3168432,nan,2,2,0,0
212223689,212220777,36.45521336823001,127.40592014471541,84.46823,104.41891,4.5001507e-05,0.9304399,1.3174082,nan,2,2,0,0
212421419,212419615,36.45520790810338,127.40596146684146,84.34267,104.293175,4.5001507e-05,0.92945176,1.3170441,nan,2,2,0,0
212620436,212618431,36.455202408441444,127.4060027684887,84.12952,104.081085,4.5001507e-05,0.92852026,1.3166289,nan,2,2,0,0
212829777,212827202,36.455196891484626,127.40604630721535,83.90452,103.85672,4.5001507e-05,0.92994404,1.3172419,nan,2,2,0,0
213028512,213026030,36.455191854245186,127.4060879804371,83.666664,103.61975,4.5001507e-05,0.9289725,1.31688,nan,2,2,0,0
213227662,213224859,36.455187053294104,127.40612976066741,83.46097,103.41502,4.5001507e-05,0.9302232,1.3174587,nan,2,2,0,0
213426144,213423688,36.45518240135636,127.4061718154464,83.210526,103.16576,4.5001507e-05,0.9292449,1.3170304,nan,2,2,0,0
213625273,213622516,36.455177847932454,127.40621408066765,83.01526,102.97262,4.5001507e-05,0.92832047,1.3166174,nan,2,2,0,0
213823196,213821345,36.45517343803233,127.40625661664184,82.80603,102.765175,4.5001507e-05,0.9295805,1.317198,nan,2,2,0,0
214021987,214020173,36.45516926044098,127.4062995747428,82.60997,102.57272,4.5001507e-05,0.9286308,1.3167719,nan,2,2,0,0
214220951,214219001,36.45516521237574,127.40634281989051,82.43835,102.40468,4.5001507e-05,0.9298815,1.3173424,nan,2,2,0,0
214430201,214427771,36.45516105712551,127.40638856387677,82.278915,102.24898,4.5001507e-05,0.92909926,1.3170011,nan,2,2,0,0
214629314,214626599,36.45515715970278,127.40643262231397,82.15149,102.12641,4.5001507e-05,0.9281697,1.3165743,nan,2,2,0,0
214828004,214825427,36.45515350940754,127.40647717853372,82.00616,101.98389,4.5001507e-05,0.92944896,1.3171517,nan,2,2,0,0
215028148,215024255,36.455150008397304,127.40652203509784,81.87088,101.85397,4.5001507e-05,0.92849207,1.3167138,nan,2,2,0,0
215225193,215223083,36.455146600820896,127.40656704683084,81.74948,101.73546,4.5001507e-05,0.92976445,1.317281,nan,2,2,0,0
215423767,215421910,36.45514333237428,127.40661223964072,81.59459,101.584076,4.5001507e-05,0.9287987,1.316836,nan,2,2,0,0
215622494,215620738,36.45514004071933,127.40665765639163,81.47229,101.46532,4.5001507e-05,0.9278694,1.3164563,nan,2,2,0,0
215821336,215819566,36.45513669429396,127.4067032605379,81.35518,101.34976,4.5001507e-05,0.9291408,1.317027,nan,2,2,0,0
216020082,216018393,36.45513323189566,127.40674884548095,81.274,101.27182,4.5001507e-05,0.92819834,1.3165835,nan,2,2,0,0
216229783,216227162,36.45512978868776,127.406796462707,81.28443,101.28312,4.5001507e-05,0.9296576,1.3172387,nan,2,2,0,0
216429858,216425989,36.45512675261473,127.40684169172924,81.33252,101.33249,4.5001507e-05,0.9286758,1.3167808,nan,2,2,0,0
216627357,216624817,36.45512353140722,127.40688695339767,81.45972,101.45933,4.5001507e-05,0.9277576,1.3163414,nan,2,2,0,0
216825312,216823644,36.4551202664081,127.40693206925447,81.63844,101.63748,4.5001507e-05,0.9290639,1.316908,nan,2,2,0,0
217024062,217022471,36.45511699494259,127.40697713172776,81.762184,101.76088,4.5001507e-05,0.9281102,1.3164638,nan,2,2,0,0
217223086,217221298,36.455113605309805,127.40702195832806,81.85834,101.856514,4.5001507e-05,0.9293808,1.317017,nan,2,2,0,0
217421817,217420125,36.45511020440871,127.40706655413155,81.934006,101.932594,4.5001507e-05,0.92841774,1.3165716,nan,2,2,0,0
217622395,217618953,36.455106632919424,127.40711119437384,81.97644,101.97562,4.5001507e-05,0.92749155,1.3161345,nan,2,2,0,0
217819642,217817779,36.45510304906362,127.40715575233521,82.05864,102.056984,4.5001507e-05,0.9287625,1.3166986,nan,2,2,0,0
218018455,218016606,36.455099530373495,127.407200294213,82.16798,102.16367,4.5001507e-05,0.9278257,1.316262,nan,2,2,0,0
218228069,218225375,36.455095396060784,127.40724697084016,82.27061,102.263374,4.5001507e-05,0.9292618,1.3169048,nan,2,2,0,0
218426735,218424201,36.45509024339248,127.40729138128178,82.34416,102.33298,4.5001507e-05,0.92828995,1.3164605,nan,2,2,0,0
218624833,218623028,36.455082449255116,127.40733537173472,82.49083,102.47248,4.5001507e-05,0.9273702,1.3160871,nan,2,2,0,0
218823823,218821855,36.45507153473558,127.40737838258869,82.6669,102.64428,4.5001507e-05,0.9286524,1.316649,nan,2,2,0,0
219022569,219020682,36.455056823045545,127.40741940134642,82.9155,102.88328,4.5001507e-05,0.927721,1.3162204,nan,2,2,0,0
219221285,219219509,36.455038769917934,127.40745779316852,83.28653,103.245224,4.5001507e-05,0.92903376,1.3167796,nan,2,2,0,0
219421683,219418336,36.45501850801343,127.40749379529844,83.64636,103.594185,4.5001507e-05,0.92808115,1.316359,nan,2,2,0,0
219620041,219617165,36.45499557392798,127.40752683217687,83.98953,103.92212,4.5001507e-05,0.92717427,1.3159597,nan,2,2,0,0
219828275,219825932,36.45496917284377,127.40755807545584,84.33635,104.261856,4.5001507e-05,0.9287312,1.3166391,nan,2,2,0,0
220027173,220024759,36.45494223866741,127.40758491330669,84.620895,104.53474,4.5001507e-05,0.9278027,1.3162479,nan,2,2,0,0
220225237,220223588,36.45491419119833,127.40760893290772,84.87226,104.77504,4.5001507e-05,0.9291604,1.316836,nan,2,2,0,0
220424268,220422412,36.454885883424375,127.40763104601048,84.950516,104.843155,4.5001507e-05,0.928183,1.3164315,nan,2,2,0,0
220624132,220621239,36.4548565124472,127.40765042446678,84.98429,104.86571,4.5001507e-05,0.92726934,1.3160405,nan,2,2,0,0
220823550,220820066,36.4548264047304,127.40766678183023,84.97348,104.849884,4.5001507e-05,0.928613,1.316647,nan,2,2,0,0
221020658,221018893,36.45479546764824,127.40768008543081,84.92532,104.79246,4.5001507e-05,0.92765754,1.3162962,nan,2,2,0,0
221219556,221217719,36.45476404591928,127.40768960174182,84.90318,104.7652,4.5001507e-05,0.9289737,1.3169,nan,2,2,0,0
221429075,221426487,36.45473096323284,127.40769680490014,84.82274,104.67856,4.5001507e-05,0.92819655,1.316586,nan,2,2,0,0
221627849,221625314,36.45469896862718,127.40770194292892,84.64174,104.49347,4.5001507e-05,0.9272861,1.316183,nan,2,2,0,0
221826569,221824140,36.45466650363171,127.4077049986619,84.43608,104.28667,4.5001507e-05,0.92859095,1.3168046,nan,2,2,0,0
222024957,222022966,36.4546338572523,127.4077050648068,84.221954,104.07275,4.5001507e-05,0.9276523,1.3163936,nan,2,2,0,0
222223515,222221793,36.4546013467519,127.40770241579659,84.04593,103.89901,4.5001507e-05,0.92891324,1.3169999,nan,2,2,0,0
222422348,222420620,36.45456909328854,127.40769832651172,83.847946,103.70273,4.5001507e-05,0.92796636,1.3165914,nan,2,2,0,0
222622193,222619446,36.45453671482237,127.40769318772804,83.55912,103.416565,4.5001507e-05,0.92705977,1.3161862,nan,2,2,0,0
222830663,222828213,36.45450272904866,127.40768633447772,83.238434,103.097206,4.5001507e-05,0.9284986,1.3169072,nan,2,2,0,0
223029501,223027039,36.45447031170417,127.40767842800294,82.948715,102.80936,4.5001507e-05,0.92756534,1.3164965,nan,2,2,0,0
223228520,223225865,36.454437772033145,127.4076693665125,82.64856,102.51088,4.5001507e-05,0.9288119,1.3171085,nan,2,2,0,0
223427294,223424691,36.45440513761729,127.40765918976011,82.42761,102.289665,4.5001507e-05,0.9278912,1.316698,nan,2,2,0,0
223625441,223623517,36.45437226573943,127.40764815638765,82.261154,102.123276,4.5001507e-05,0.92703426,1.3163046,nan,2,2,0,0
223824509,223822343,36.454339211971764,127.40763670144862,82.160095,102.02092,4.5001507e-05,0.928313,1.3169194,nan,2,2,0,0
224023971,224021168,36.45430595401324,127.40762503197656,82.073074,101.92958,4.5001507e-05,0.9274384,1.3165703,nan,2,2,0,0
224221735,224219994,36.45427265447371,127.40761342137382,82.05111,101.90293,4.5001507e-05,0.9286945,1.3171598,nan,2,2,0,0
224420527,224418820,36.454239310608415,127.40760190052039,82.01912,101.865005,4.5001507e-05,0.9278057,1.3167374,nan,2,2,0,0
224621175,224617645,36.45420575801941,127.4075906713287,82.033676,101.870285,4.5001507e-05,0.927251,1.3164797,nan,2,2,0,0
224828944,224826412,36.454170361598834,127.4075793145932,82.05144,101.883064,4.5001507e-05,0.92913777,1.3173782,nan,2,2,0,0
225027885,225025237,36.454136466551454,127.40756926210014,82.12499,101.94556,4.5001507e-05,0.92922854,1.3174652,nan,2,2,0,0
225226905,225224062,36.45410256497922,127.40755991209383,82.26056,102.07243,4.5001507e-05,0.9311389,1.3183444,nan,2,2,0,0
225426885,225422889,36.45406861571512,127.4075512025569,82.45192,102.25237,4.5001507e-05,0.9313953,1.3185278,nan,2,2,0,0
225623332,225621713,36.45403468346925,127.4075421365429,82.62126,102.40399,4.5001507e-05,0.93172497,1.3187487,nan,2,2,0,0
225822510,225820537,36.4540011378674,127.40753162634758,82.75695,102.53035,4.5001507e-05,0.93349427,1.319544,nan,2,2,0,0
226021292,226019362,36.45396842195098,127.40751853283105,82.87767,102.63139,4.5001507e-05,0.93210405,1.3189014,nan,2,2,0,0
226219963,226218187,36.45393717663631,127.40750220999837,83.03696,102.77603,4.5001507e-05,0.9330881,1.319302,nan,2,2,0,0
226418960,226417012,36.453907806944834,127.40748246797119,83.15813,102.877,4.5001507e-05,0.9315791,1.3186014,nan,2,2,0,0
226619548,226615838,36.453881419980554,127.40745877011904,83.363754,103.056984,4.5001507e-05,0.9300427,1.3178691,nan,2,2,0,0
226827219,226824604,36.45385758318088,127.40742985019045,83.67987,103.36043,4.5001507e-05,0.9313143,1.3184317,nan,2,2,0,0
227027373,227023432,36.45383903454458,127.4073993648435,84.10521,103.76121,4.5001507e-05,0.9299171,1.3177893,nan,2,2,0,0
227224142,227222255,36.453823560380336,127.40736750717772,84.57251,104.210556,4.5001507e-05,0.93103105,1.3183445,nan,2,2,0,0
227422801,227421080,36.45381098705784,127.40733499100925,85.03067,104.65675,4.5001507e-05,0.9321628,1.3188407,nan,2,2,0,0
227622819,227619905,36.4538017389475,127.40730167686736,85.47246,105.084564,4.5001507e-05,0.9304951,1.3181367,nan,2,2,0,0
227820519,227818730,36.45379586565395,127.40726786540107,85.88022,105.48678,4.5001507e-05,0.9316578,1.3186625,nan,2,2,0,0
228019355,228017555,36.4537929360119,127.40723393560638,86.268295,105.86602,4.5001507e-05,0.93013644,1.3180158,nan,2,2,0,0
228228760,228226326,36.45379204650137,127.40719842366205,86.568756,106.160934,4.5001507e-05,0.931454,1.3186402,nan,2,2,0,0
228427527,228425147,36.45379358363294,127.40716499689867,86.777596,106.36711,4.5001507e-05,0.9300369,1.318031,nan,2,2,0,0
228629102,228623974,36.45379719831605,127.40713161710866,86.8816,106.47077,4.5001507e-05,0.9287512,1.3174583,nan,2,2,0,0
228824517,228822796,36.45380299556133,127.40709857794779,86.94971,106.53938,4.5001507e-05,0.92990524,1.3180208,nan,2,2,0,0
229023285,229021621,36.45381058784485,127.40706567237896,86.926926,106.51963,4.5001507e-05,0.9286825,1.3174748,nan,2,2,0,0
229222377,229220446,36.45382034097412,127.40703334159255,86.89088,106.486275,4.5001507e-05,0.92981845,1.318037,nan,2,2,0,0
229421213,229419270,36.453832049042674,127.40700156920661,86.8029,106.40281,4.5001507e-05,0.9286401,1.3175111,nan,2,2,0,0
229630835,229628036,36.45384613800505,127.4069685992451,86.6669,106.273384,4.5001507e-05,0.92772245,1.3171098,nan,2,2,0,0
229829226,229826860,36.45386069575008,127.40693732400223,86.44504,106.05547,4.5001507e-05,0.9288799,1.317763,nan,2,2,0,0
230028378,230025685,36.45387665054523,127.40690644400838,86.23307,105.85103,4.5001507e-05,0.92780626,1.3172675,nan,2,2,0,0
230228395,230224509,36.45389366334077,127.40687593138783,85.98715,105.61189,4.5001507e-05,0.92893714,1.3178456,nan,2,2,0,0
230424972,230423333,36.45391173904227,127.40684600573275,85.817154,105.448166,4.5001507e-05,0.92790353,1.3173645,nan,2,2,0,0
230624993,230622158,36.45393056227263,127.4068161063183,85.637535,105.274666,4.5001507e-05,0.9269494,1.3169098,nan,2,2,0,0
230822630,230820982,36.45394987642035,127.40678605485809,85.432846,105.07217,4.5001507e-05,0.9281273,1.317508,nan,2,2,0,0
231021648,231019806,36.453969757096324,127.4067560393611,85.2616,104.903885,4.5001507e-05,0.9271748,1.3170468,nan,2,2,0,0
231220442,231218630,36.4539899232282,127.40672610137985,85.11898,104.762276,4.5001507e-05,0.92834514,1.3176236,nan,2,2,0,0
231429861,231427395,36.454011196112994,127.40669451865188,84.98241,104.62645,4.5001507e-05,0.9275685,1.3172545,nan,2,2,0,0
231630086,231626219,36.45403122723411,127.40666423514712,84.903366,104.54718,4.5001507e-05,0.92665714,1.3167932,nan,2,2,0,0
231828910,231825043,36.45405107206398,127.40663368559032,84.78026,104.424286,4.5001507e-05,0.92786276,1.3173689,nan,2,2,0,0
232026409,232023867,36.45407075701827,127.40660312377675,84.66809,104.313965,4.5001507e-05,0.92695093,1.3169061,nan,2,2,0,0
232224604,232222691,36.454089936014036,127.4065724959167,84.55342,104.20124,4.5001507e-05,0.9281262,1.3174475,nan,2,2,0,0
232423523,232421514,36.45410854894638,127.40654169132458,84.41599,104.06703,4.5001507e-05,0.9272219,1.3169848,nan,2,2,0,0
232623069,232620338,36.45412663416972,127.40651068489917,84.29544,103.951164,4.5001507e-05,0.9263448,1.3165877,nan,2,2,0,0
232821142,232819161,36.454144047459685,127.40647933246706,84.17552,103.83352,4.5001507e-05,0.927564,1.3171415,nan,2,2,0,0
233020020,233017992,36.454160795059906,127.4064477497117,84.09413,103.75662,4.5001507e-05,0.92666966,1.3166815,nan,2,2,0,0
233218532,233216809,36.45417705996084,127.40641619453956,83.99563,103.661125,4.5001507e-05,0.9278887,1.3172191,nan,2,2,0,0
233427949,233425573,36.454193752994705,127.40638296707377,83.893845,103.56273,4.5001507e-05,0.92716557,1.3168571,nan,2,2,0,0
233626834,233624396,36.45420922629195,127.4063509451676,83.760735,103.43309,4.5001507e-05,0.926298,1.3164132,nan,2,2,0,0
233824886,233823220,36.45422446334599,127.40631854307044,83.63976,103.313866,4.5001507e-05,0.92755824,1.3169701,nan,2,2,0,0
234023709,234022044,36.454239284597094,127.40628586884192,83.55521,103.23285,4.5001507e-05,0.9266666,1.3165262,nan,2,2,0,0
234222547,234220867,36.45425360352451,127.40625299661215,83.43369,103.11434,4.5001507e-05,0.9279059,1.317068,nan,2,2,0,0
234421926,234419691,36.454267645658,127.40621981126263,83.29335,102.977394,4.5001507e-05,0.92698616,1.3166202,nan,2,2,0,0
234621212,234618513,36.45428146218242,127.40618630991432,83.199234,102.887245,4.5001507e-05,0.92609847,1.3161843,nan,2,2,0,0
234820736,234817337,36.454295062977856,127.40615251617518,83.16138,102.851425,4.5001507e-05,0.9273763,1.3167473,nan,2,2,0,0
235018141,235016160,36.454308551443724,127.40611848800897,83.07097,102.76595,4.5001507e-05,0.92648417,1.3163141,nan,2,2,0,0
235227362,235224925,36.45432262838432,127.40608259776461,82.931274,102.63024,4.5001507e-05,0.9279128,1.3169596,nan,2,2,0,0
235426352,235423748,36.45433577767544,127.40604813977116,82.77812,102.48303,4.5001507e-05,0.9269629,1.3165104,nan,2,2,0,0
235624499,235622571,36.45434882506518,127.40601336140674,82.61534,102.32732,4.5001507e-05,0.9260645,1.3160768,nan,2,2,0,0
235823288,235821394,36.45436216260717,127.40597834507221,82.473755,102.189705,4.5001507e-05,0.9273023,1.3166904,nan,2,2,0,0
236021906,236020217,36.454375669748806,127.40594314932943,82.33951,102.06281,4.5001507e-05,0.9263919,1.3162509,nan,2,2,0,0
236220698,236219040,36.45438903725152,127.4059076705787,82.215836,101.94489,4.5001507e-05,0.9276317,1.3168064,nan,2,2,0,0
236420796,236417863,36.45440232597478,127.40587194217342,82.1241,101.86102,4.5001507e-05,0.926697,1.3163606,nan,2,2,0,0
236630588,236626627,36.454416274179984,127.40583399524077,82.03241,101.77909,4.5001507e-05,0.925969,1.316012,nan,2,2,0,0
236827863,236825449,36.454429676225026,127.40579755046622,81.99841,101.75021,4.5001507e-05,0.92722034,1.3165746,nan,2,2,0,0
237026896,237024272,36.454443268795565,127.40576093566557,81.96948,101.7312,4.5001507e-05,0.9263026,1.3161327,nan,2,2,0,0
237224910,237223095,36.45445693868113,127.40572426344143,81.96761,101.7359,4.5001507e-05,0.9275363,1.31668,nan,2,2,0,0
237423705,237421917,36.454470658573285,127.40568746469742,81.919174,101.69666,4.5001507e-05,0.9265947,1.3162298,nan,2,2,0,0
237622364,237620740,36.45448452398076,127.40565052117715,81.9281,101.71532,4.5001507e-05,0.92570883,1.3157991,nan,2,2,0,0
237822345,237819563,36.454498456959,127.405613394409,81.94263,101.73576,4.5001507e-05,0.9269532,1.3163537,nan,2,2,0,0
238032230,238028327,36.45451310039569,127.40557439612505,81.99638,101.79996,4.5001507e-05,0.9262116,1.3160031,nan,2,2,0,0
238231403,238227149,36.454527142308,127.40553733040608,82.03273,101.84226,4.5001507e-05,0.92747426,1.3165559,nan,2,2,0,0
238428562,238425972,36.45454142531591,127.4055004561788,82.10966,101.926994,4.5001507e-05,0.92653316,1.3161052,nan,2,2,0,0
238627633,238624794,36.45455574872603,127.40546364949851,82.18301,102.00841,4.5001507e-05,0.9256522,1.315674,nan,2,2,0,0
238826161,238823617,36.45457020509754,127.40542695728125,82.27251,102.10214,4.5001507e-05,0.9269103,1.3162851,nan,2,2,0,0
239024286,239022439,36.45458460986088,127.40539025327908,82.300896,102.13869,4.5001507e-05,0.9259993,1.3158431,nan,2,2,0,0
239223346,239221262,36.45459895025546,127.40535367423539,82.323,102.16584,4.5001507e-05,0.927221,1.3163886,nan,2,2,0,0
239422952,239420088,36.45461336131292,127.40531737096651,82.35222,102.20095,4.5001507e-05,0.92627615,1.315937,nan,2,2,0,0
239621724,239618906,36.45462791548668,127.40528116091963,82.41736,102.2715,4.5001507e-05,0.92539,1.315504,nan,2,2,0,0
239830036,239827669,36.45464307781233,127.4052430533344,82.48604,102.343254,4.5001507e-05,0.92680764,1.3161445,nan,2,2,0,0
240028822,240026492,36.45465745356881,127.40520670336335,82.50534,102.368286,4.5001507e-05,0.925896,1.315704,nan,2,2,0,0
240227784,240225314,36.45467168289783,127.40517063480127,82.59332,102.45885,4.5001507e-05,0.92711383,1.3162447,nan,2,2,0,0
240426512,240424136,36.45468589575211,127.405134830244,82.68007,102.549324,4.5001507e-05,0.9261844,1.3157998,nan,2,2,0,0
240625335,240622958,36.45470021824169,127.40509925198464,82.81743,102.69003,4.5001507e-05,0.92530906,1.3153738,nan,2,2,0,0
240823563,240821780,36.454714362190536,127.40506369794213,82.98146,102.85536,4.5001507e-05,0.926571,1.3159276,nan,2,2,0,0
241023446,241020603,36.454728210408966,127.40502824216348,83.222725,103.09802,4.5001507e-05,0.9256686,1.3154933,nan,2,2,0,0
241221441,241219425,36.454741934157745,127.40499312418116,83.51228,103.38631,4.5001507e-05,0.92691976,1.3160348,nan,2,2,0,0
241419918,241418247,36.45475566997605,127.4049583013403,83.777016,103.65178,4.5001507e-05,0.9260057,1.3156548,nan,2,2,0,0
241619784,241617069,36.45476953395847,127.4049238807813,84.0573,103.932816,4.5001507e-05,0.92514634,1.3152342,nan,2,2,0,0
241828067,241825832,36.45478444370934,127.4048881862469,84.27076,104.14698,4.5001507e-05,0.92658603,1.3158826,nan,2,2,0,0
242027001,242024654,36.454798427752706,127.40485437302955,84.375,104.25345,4.5001507e-05,0.9256962,1.3154612,nan,2,2,0,0
242225309,242223476,36.45481170575765,127.40482033699996,84.429665,104.30939,4.5001507e-05,0.92693037,1.3160164,nan,2,2,0,0
242423906,242422298,36.454824179601104,127.40478563713566,84.44809,104.330414,4.5001507e-05,0.92600954,1.3155818,nan,2,2,0,0
242623977,242621130,36.454835638502786,127.40475019308526,84.46617,104.35149,4.5001507e-05,0.92513716,1.3151621,nan,2,2,0,0
242821747,242819942,36.454845680798314,127.4047137199415,84.46705,104.35455,4.5001507e-05,0.9263543,1.3157139,nan,2,2,0,0
243020412,243018765,36.45485375799502,127.404676147087,84.48981,104.38098,4.5001507e-05,0.9254865,1.3152932,nan,2,2,0,0
243219422,243217586,36.45486023017846,127.40463789216756,84.537285,104.431046,4.5001507e-05,0.9266853,1.3158305,nan,2,2,0,0
243418060,243416408,36.454865502715535,127.40459914455171,84.5388,104.43603,4.5001507e-05,0.9258019,1.3154054,nan,2,2,0,0
243627449,243625175,36.45487066198883,127.4045580024278,84.52039,104.422165,4.5001507e-05,0.92513245,1.315083,nan,2,2,0,0
243826020,243823993,36.45487556150792,127.40451849457477,84.38554,104.29001,4.5001507e-05,0.92639023,1.3156443,nan,2,2,0,0
244026887,244022816,36.45488007800962,127.40447854092412,84.17621,104.08704,4.5001507e-05,0.9255409,1.3152348,nan,2,2,0,0
244223579,244221637,36.454884500767974,127.40443830849523,83.953735,103.870804,4.5001507e-05,0.9267617,1.3157805,nan,2,2,0,0
244422207,244420459,36.45488925847604,127.40439783071577,83.752914,103.67597,4.5001507e-05,0.92590386,1.3153641,nan,2,2,0,0
244622219,244619281,36.45489492706719,127.40435699053042,83.62794,103.55699,4.5001507e-05,0.92509264,1.3150071,nan,2,2,0,0
244819794,244818103,36.45490173873373,127.40431615900698,83.588585,103.52022,4.5001507e-05,0.92636293,1.3155645,nan,2,2,0,0
245029049,245026866,36.45491008110447,127.4042735865299,83.59244,103.52853,4.5001507e-05,0.9256835,1.3152257,nan,2,2,0,0
245228042,245225687,36.45491912171091,127.40423342729684,83.59851,103.53759,4.5001507e-05,0.9269401,1.3157605,nan,2,2,0,0
245427064,245424508,36.45492924282979,127.40419385389515,83.60766,103.55081,4.5001507e-05,0.9260477,1.3153224,nan,2,2,0,0
245627205,245623330,36.454940441308324,127.40415500707651,83.56995,103.518875,4.5001507e-05,0.9252134,1.3149058,nan,2,2,0,0
245823761,245822151,36.45495271852809,127.40411730841633,83.49284,103.44487,4.5001507e-05,0.92647415,1.3154453,nan,2,2,0,0
246023080,246020973,36.45496587167426,127.40408092597077,83.40012,103.35782,4.5001507e-05,0.9255859,1.3150165,nan,2,2,0,0
246221450,246219795,36.4549796858499,127.40404572411141,83.25572,103.218,4.5001507e-05,0.9268257,1.3155438,nan,2,2,0,0
246430632,246428557,36.454994780594404,127.40401005557929,83.07641,103.04292,4.5001507e-05,0.9260839,1.3151987,nan,2,2,0,0
246629567,246627379,36.45500983380515,127.40397698439985,82.862976,102.83162,4.5001507e-05,0.92742246,1.3157623,nan,2,2,0,0
246828803,246826201,36.455025483274135,127.403944925928,82.66713,102.64058,4.5001507e-05,0.92645705,1.3153208,nan,2,2,0,0
247027225,247025023,36.45504165311186,127.40391367560481,82.4431,102.4209,4.5001507e-05,0.9255508,1.3149003,nan,2,2,0,0
247227607,247223848,36.45505815147711,127.40388321125755,82.21251,102.19417,4.5001507e-05,0.92678106,1.3154309,nan,2,2,0,0
247424591,247422667,36.455074967527416,127.40385343359165,81.9249,101.9095,4.5001507e-05,0.9258795,1.3150166,nan,2,2,0,0
247623391,247621489,36.45509222188068,127.40382417267523,81.64472,101.6322,4.5001507e-05,0.9250259,1.3146172,nan,2,2,0,0
247822023,247820312,36.45510981065102,127.40379514751706,81.29905,101.28833,4.5001507e-05,0.92628527,1.3152198,nan,2,2,0,0
248020974,248019134,36.455127435643234,127.40376618052245,80.961365,100.954315,4.5001507e-05,0.925405,1.314809,nan,2,2,0,0
248219596,248217956,36.45514513679065,127.40373729728152,80.648865,100.645485,4.5001507e-05,0.92662233,1.315349,nan,2,2,0,0
248428992,248426719,36.45516382523779,127.40370709824478,80.357315,100.35608,4.5001507e-05,0.9258893,1.3150156,nan,2,2,0,0
248629132,248625541,36.45518172493658,127.4036782228175,80.01565,100.01743,4.5001507e-05,0.92502904,1.3146079,nan,2,2,0,0
248826583,248824364,36.455199679926835,127.40364920508577,79.63673,99.63986,4.5001507e-05,0.926267,1.3151673,nan,2,2,0,0
249024785,249023186,36.455217544062265,127.40362000479098,79.21492,99.2218,4.5001507e-05,0.92537606,1.3147535,nan,2,2,0,0
249223784,249222008,36.4552351433412,127.4035906434367,78.77069,98.781746,4.5001507e-05,0.9265735,1.3152982,nan,2,2,0,0
249422735,249420830,36.45525262596269,127.40356094392374,78.303925,98.31825,4.5001507e-05,0.92567545,1.3148791,nan,2,2,0,0
249622525,249619652,36.4552699425196,127.40353068138931,77.8365,97.8552,4.5001507e-05,0.9248073,1.3144681,nan,2,2,0,0
249820468,249818474,36.45528695345222,127.40349982239908,77.40093,97.421585,4.5001507e-05,0.92600894,1.3150169,nan,2,2,0,0
250020089,250017296,36.45530347693491,127.40346831748329,76.966995,96.99182,4.5001507e-05,0.9251412,1.314607,nan,2,2,0,0
250217950,250216118,36.455319446555905,127.40343639389808,76.50084,96.53112,4.5001507e-05,0.92632306,1.3151397,nan,2,2,0,0
250427158,250424891,36.4553352567888,127.4034021714987,76.03276,96.066925,4.5001507e-05,0.9256021,1.3148084,nan,2,2,0,0
250626001,250623703,36.45534940015198,127.40336867083722,75.580185,95.6192,4.5001507e-05,0.9247517,1.3144033,nan,2,2,0,0
250824440,250822525,36.455362467498105,127.4033343601489,75.180984,95.22232,4.5001507e-05,0.9259683,1.3149472,nan,2,2,0,0
251023009,251021347,36.45537467194055,127.40329933837995,74.80089,94.84648,4.5001507e-05,0.9250938,1.3145801,nan,2,2,0,0
251223851,251220168,36.45538585677114,127.40326375431046,74.42966,94.478905,4.5001507e-05,0.9263216,1.3151207,nan,2,2,0,0
251420857,251418991,36.455395853612515,127.40322756904963,74.10283,94.155075,4.5001507e-05,0.9254479,1.314712,nan,2,2,0,0
251620716,251617811,36.455404879142804,127.40319076450461,73.79429,93.850525,4.5001507e-05,0.9246068,1.3143153,nan,2,2,0,0
251818311,251816633,36.45541275868001,127.40315357715092,73.499306,93.55709,4.5001507e-05,0.9258839,1.3148713,nan,2,2,0,0
252029092,252025396,36.455419976439586,127.40311415754734,73.164955,93.226746,4.5001507e-05,0.9252213,1.314567,nan,2,2,0,0
252226768,252224218,36.45542556043092,127.40307654102516,72.8784,92.94416,4.5001507e-05,0.92650574,1.3151201,nan,2,2,0,0
252424802,252423039,36.45542991226021,127.4030388672284,72.57782,92.64758,4.5001507e-05,0.92564124,1.3147224,nan,2,2,0,0
252623726,252621862,36.45543284419869,127.40300099763152,72.27913,92.35371,4.5001507e-05,0.9248294,1.3143399,nan,2,2,0,0
252822635,252820683,36.4554342658204,127.402963128102,72.00392,92.08081,4.5001507e-05,0.9261421,1.3149078,nan,2,2,0,0
253021292,253019504,36.455434194971026,127.4029254678101,71.722015,91.80397,4.5001507e-05,0.9253087,1.3145177,nan,2,2,0,0
253220403,253218326,36.45543273786847,127.40288818292794,71.43555,91.52309,4.5001507e-05,0.92658085,1.3150661,nan,2,2,0,0
253429318,253427089,36.45543003469945,127.40284939809648,71.09155,91.18352,4.5001507e-05,0.92590594,1.3147578,nan,2,2,0,0
253629635,253625911,36.45542607582784,127.40281256852859,70.782585,90.87995,4.5001507e-05,0.92510027,1.3143753,nan,2,2,0,0
253827131,253824734,36.45542073673611,127.40277593352832,70.46362,90.56387,4.5001507e-05,0.9264256,1.3149519,nan,2,2,0,0
254026027,254023555,36.45541391780615,127.40273972718045,70.19398,90.298996,4.5001507e-05,0.92560697,1.3145678,nan,2,2,0,0
254224231,254222377,36.455405982963065,127.40270402590251,69.8997,90.008995,4.5001507e-05,0.9269307,1.3151894,nan,2,2,0,0
254422845,254421199,36.45539673391679,127.40266884335463,69.59114,89.7045,4.5001507e-05,0.9261156,1.3148043,nan,2,2,0,0
254622806,254620021,36.45538619001441,127.40263411334054,69.25426,89.3732,4.5001507e-05,0.92532486,1.314421,nan,2,2,0,0
254830824,254828784,36.455373625419924,127.40259831848732,68.91606,89.03767,4.5001507e-05,0.9268322,1.3150977,nan,2,2,0,0
255029799,255027606,36.45536045861041,127.40256488049265,68.552704,88.68017,4.5001507e-05,0.92599833,1.3146998,nan,2,2,0,0
255230015,255226428,36.45534605747307,127.40253220452077,68.17753,88.31062,4.5001507e-05,0.9273002,1.3152713,nan,2,2,0,0
255427276,255425250,36.455330034474606,127.40250002921765,67.797714,87.935974,4.5001507e-05,0.92646223,1.3148688,nan,2,2,0,0
255626533,255624072,36.455311797479844,127.40246814442408,67.47623,87.61913,4.5001507e-05,0.9256558,1.3144757,nan,2,2,0,0
255824571,255822893,36.45529136213833,127.40243671358668,67.21359,87.35861,4.5001507e-05,0.92701024,1.3150698,nan,2,2,0,0
256023759,256021715,36.45526909718038,127.40240587419997,66.968445,87.118774,4.5001507e-05,0.92616385,1.3146621,nan,2,2,0,0
256222347,256220536,36.45524495898942,127.40237621862738,66.819664,86.9738,4.5001507e-05,0.92749417,1.3152395,nan,2,2,0,0
256421276,256419357,36.45521905969559,127.40234820000497,66.753204,86.911766,4.5001507e-05,0.9266189,1.3148263,nan,2,2,0,0
256620063,256618179,36.45519160624118,127.40232195822213,66.75311,86.913895,4.5001507e-05,0.9280403,1.3154815,nan,2,2,0,0
256829187,256826942,36.45516156046526,127.40229607556466,66.77275,86.93834,4.5001507e-05,0.9272927,1.3150929,nan,2,2,0,0
257028089,257025762,36.45513204598384,127.4022729779383,66.7552,86.92643,4.5001507e-05,0.92639494,1.314715,nan,2,2,0,0
257226695,257224583,36.45510196111383,127.40225161887824,66.7688,86.94347,4.5001507e-05,0.9276953,1.3152858,nan,2,2,0,0
257425359,257423405,36.455071332485225,127.40223219970134,66.8264,87.00548,4.5001507e-05,0.9267678,1.3148532,nan,2,2,0,0
257624959,257622226,36.45504010190696,127.40221449110916,66.83968,87.02477,4.5001507e-05,0.9258728,1.3144265,nan,2,2,0,0
257823785,257821048,36.45500834650432,127.40219859546161,66.826065,87.01388,4.5001507e-05,0.92717135,1.31501,nan,2,2,0,0
258021683,258019877,36.45497595541976,127.40218505939701,66.849976,87.043205,4.5001507e-05,0.92623013,1.31457,nan,2,2,0,0
258220413,258218689,36.45494327829812,127.4021736993168,66.90973,87.106125,4.5001507e-05,0.92747825,1.3151277,nan,2,2,0,0
258419218,258417510,36.454910390883846,127.40216438725678,66.96631,87.16702,4.5001507e-05,0.9265158,1.3146873,nan,2,2,0,0
258619870,258616331,36.45487721893965,127.402157158023,67.01918,87.224335,4.5001507e-05,0.92560637,1.3142654,nan,2,2,0,0
258827487,258825093,36.45484209323268,127.40215143607136,67.041336,87.24866,4.5001507e-05,0.9270469,1.3149297,nan,2,2,0,0
259026213,259023914,36.45480855488779,127.40214772006044,67.06795,87.27965,4.5001507e-05,0.9260989,1.314499,nan,2,2,0,0
259224820,259222735,36.45477491794416,127.4021458077408,67.05357,87.26816,4.5001507e-05,0.9273554,1.3150703,nan,2,2,0,0
259424227,259421556,36.45474113602799,127.40214592602312,67.04056,87.25725,4.5001507e-05,0.92640173,1.3146898,nan,2,2,0,0
259623168,259620377,36.45470714944669,127.40214808958059,67.00647,87.225876,4.5001507e-05,0.92548835,1.3142749,nan,2,2,0,0
259820807,259819198,36.454673134281656,127.40215287028238,66.98551,87.20639,4.5001507e-05,0.926747,1.31486,nan,2,2,0,0
260019903,260018018,36.45463934754387,127.40215993610511,66.969635,87.192726,4.5001507e-05,0.9258124,1.31444,nan,2,2,0,0
260218538,260216839,36.45460592714506,127.40216929829823,66.962555,87.186745,4.5001507e-05,0.9270704,1.3150201,nan,2,2,0,0
260427951,260425601,36.45457126510207,127.40218168886229,66.96613,87.19145,4.5001507e-05,0.92631286,1.3146933,nan,2,2,0,0
260626837,260624421,36.45453871949269,127.40219608804468,66.97128,87.196655,4.5001507e-05,0.9254353,1.3142934,nan,2,2,0,0
260826782,260823242,36.45450673330285,127.40221295657527,67.00374,87.228714,4.5001507e-05,0.92673445,1.3148953,nan,2,2,0,0
261023930,261022062,36.454475426794446,127.40223187304112,67.03285,87.25729,4.5001507e-05,0.92583495,1.3144922,nan,2,2,0,0
261222468,261220883,36.4544452114404,127.40225291896826,67.06906,87.29306,4.5001507e-05,0.9271198,1.3150855,nan,2,2,0,0
261421437,261419704,36.45441615124857,127.40227590599966,67.12822,87.35161,4.5001507e-05,0.9262002,1.3146797,nan,2,2,0,0
261620271,261618524,36.45438821260116,127.40230093479506,67.19508,87.41806,4.5001507e-05,0.9253533,1.3142992,nan,2,2,0,0
261829550,261827285,36.45436021238874,127.40232944364749,67.30275,87.52472,4.5001507e-05,0.9268337,1.3149985,nan,2,2,0,0
262028162,262026106,36.45433495607573,127.40235829286473,67.40173,87.621346,4.5001507e-05,0.9259352,1.3145951,nan,2,2,0,0
262228876,262224927,36.45431103089191,127.40238851641243,67.45445,87.671974,4.5001507e-05,0.9272502,1.3152014,nan,2,2,0,0
262426108,262423746,36.45428826550233,127.40241988977945,67.48923,87.7038,4.5001507e-05,0.9263287,1.3147844,nan,2,2,0,0
262624149,262622567,36.45426661962743,127.40245232800545,67.49111,87.70288,4.5001507e-05,0.9254762,1.3144304,nan,2,2,0,0
262823218,262821387,36.45424639468958,127.40248604228802,67.498985,87.70932,4.5001507e-05,0.9267686,1.3150369,nan,2,2,0,0
263021931,263020207,36.45422767555537,127.40252084529581,67.512695,87.71944,4.5001507e-05,0.92587656,1.3146219,nan,2,2,0,0
263220759,263219028,36.45421023750413,127.4025563531734,67.50926,87.71391,4.5001507e-05,0.9271448,1.3152115,nan,2,2,0,0
263429943,263427789,36.45419353409378,127.40259435870003,67.51117,87.713104,4.5001507e-05,0.92640364,1.314877,nan,2,2,0,0
263628892,263626609,36.4541790798356,127.40263139674833,67.48183,87.68071,4.5001507e-05,0.9255458,1.3144706,nan,2,2,0,0
263827699,263825429,36.45416611715915,127.40266903934273,67.44413,87.641136,4.5001507e-05,0.9268204,1.3150687,nan,2,2,0,0
264026263,264024249,36.454154527016144,127.40270714591001,67.378075,87.571304,4.5001507e-05,0.9259308,1.3146502,nan,2,2,0,0
264224840,264223069,36.45414442144604,127.40274556597019,67.29785,87.48908,4.5001507e-05,0.9271762,1.3152299,nan,2,2,0,0
264423596,264421889,36.45413597575925,127.40278445852347,67.204956,87.39316,4.5001507e-05,0.9262681,1.314804,nan,2,2,0,0
264624885,264620709,36.45412930062996,127.40282389453976,67.114044,87.29891,4.5001507e-05,0.9254092,1.3143946,nan,2,2,0,0
264821317,264819531,36.45412414011074,127.40286318921348,66.97839,87.1617,4.5001507e-05,0.9266648,1.3149824,nan,2,2,0,0
265019995,265018349,36.454119566206096,127.4029020941857,66.66466,86.84683,4.5001507e-05,0.9257931,1.3145689,nan,2,2,0,0
265229348,265227110,36.45411524701573,127.40294219544427,66.18388,86.36675,4.5001507e-05,0.9271817,1.3152324,nan,2,2,0,0
265428183,265425930,36.45411127519025,127.40297972800934,65.59509,85.77812,4.5001507e-05,0.926293,1.3148088,nan,2,2,0,0
265627120,265624750,36.45410716954536,127.40301683200957,65.00178,85.185326,4.5001507e-05,0.9254616,1.3143989,nan,2,2,0,0
265825927,265823570,36.454103119114556,127.4030536725848,64.417404,84.601,4.5001507e-05,0.9266687,1.3149691,nan,2,2,0,0
266023976,266022391,36.454099118682116,127.40309020094146,63.88301,84.066025,4.5001507e-05,0.92582935,1.314596,nan,2,2,0,0
266224134,266221211,36.454094988963725,127.40312643960787,63.385475,83.57011,4.5001507e-05,0.9270421,1.3151485,nan,2,2,0,0
266421780,266420032,36.45409067314866,127.40316240359995,62.946716,83.13045,4.5001507e-05,0.9262235,1.3147284,nan,2,2,0,0
266621968,266618853,36.45408630785203,127.40319833312734,62.53681,82.71954,4.5001507e-05,0.9254508,1.3143256,nan,2,2,0,0
266819462,266817673,36.45408187392808,127.40323412787345,62.139168,82.321526,4.5001507e-05,0.92670906,1.314881,nan,2,2,0,0
267018356,267016494,36.4540775760528,127.40326992909279,61.777668,81.95831,4.5001507e-05,0.92593074,1.3144791,nan,2,2,0,0
267227409,267225256,36.45407329008601,127.40330753704471,61.384888,81.566574,4.5001507e-05,0.927359,1.3151028,nan,2,2,0,0
267426127,267424077,36.45406912721707,127.40334327478425,61.047684,81.227554,4.5001507e-05,0.92655,1.3146939,nan,2,2,0,0
267626644,267622897,36.45406468707984,127.40337926298368,60.70681,80.884125,4.5001507e-05,0.92578626,1.3143072,nan,2,2,0,0
267824505,267821718,36.45406031033402,127.40341540301735,60.39263,80.568535,4.5001507e-05,0.927094,1.3148669,nan,2,2,0,0
268022283,268020539,36.4540559547124,127.4034516327858,60.073814,80.24727,4.5001507e-05,0.92629814,1.3144743,nan,2,2,0,0
268221414,268219359,36.45405176210101,127.40348775369596,59.774597,79.94713,4.5001507e-05,0.92759055,1.3150216,nan,2,2,0,0
268420041,268418179,36.45404774787007,127.40352379782166,59.451725,79.6219,4.5001507e-05,0.9267837,1.3146348,nan,2,2,0,0
268619920,268617000,36.45404369431573,127.40355994499228,59.16333,79.3304,4.5001507e-05,0.925995,1.3142577,nan,2,2,0,0
268827896,268825761,36.454039144584655,127.40359778119503,58.919456,79.08488,4.5001507e-05,0.9274767,1.3149012,nan,2,2,0,0
269027053,269024582,36.45403474588132,127.40363375127997,58.730476,78.89194,4.5001507e-05,0.9266558,1.31452,nan,2,2,0,0
269225215,269223403,36.45403046064475,127.40366938969514,58.57438,78.73373,4.5001507e-05,0.92795986,1.3151177,nan,2,2,0,0
269425078,269422223,36.454026352137866,127.40370476604635,58.403946,78.559845,4.5001507e-05,0.9270994,1.3147238,nan,2,2,0,0
269623896,269621044,36.45402209589156,127.40373990320714,58.22032,78.37327,4.5001507e-05,0.9262929,1.3143481,nan,2,2,0,0
269821606,269819865,36.454017742881696,127.40377464472826,58.042046,78.194016,4.5001507e-05,0.92760277,1.3149157,nan,2,2,0,0
270020712,270018686,36.454013248715825,127.4038089773038,57.83764,77.98848,4.5001507e-05,0.92675465,1.3145317,nan,2,2,0,0
270229442,270227448,36.454008337810784,127.40384439939082,57.65048,77.800865,4.5001507e-05,0.928204,1.3151711,nan,2,2,0,0
270428301,270426268,36.454003777112916,127.4038775638096,57.448288,77.59737,4.5001507e-05,0.927338,1.3147846,nan,2,2,0,0
270628818,270625089,36.453999368992186,127.40391034264591,57.230537,77.37836,4.5001507e-05,0.9265085,1.3144101,nan,2,2,0,0
270825948,270823912,36.453995118662846,127.40394270774955,56.98369,77.13092,4.5001507e-05,0.92780054,1.3149812,nan,2,2,0,0
271024443,271022731,36.45399082309721,127.4039745311718,56.743916,76.88956,4.5001507e-05,0.926932,1.3145958,nan,2,2,0,0
271223438,271221552,36.453986466585626,127.40400591732515,56.45979,76.60542,4.5001507e-05,0.9282006,1.3151579,nan,2,2,0,0
271422669,271420373,36.45398235452229,127.40403678686704,56.17901,76.32214,4.5001507e-05,0.9273285,1.3147813,nan,2,2,0,0
271622053,271619195,36.45397826042306,127.4040674404158,55.865906,76.00738,4.5001507e-05,0.9265029,1.3144212,nan,2,2,0,0
271830106,271827957,36.45397414198033,127.40409915650638,55.562477,75.7034,4.5001507e-05,0.92795163,1.3150849,nan,2,2,0,0
272030390,272026780,36.45397028168114,127.40412900409086,55.26114,75.40182,4.5001507e-05,0.9270858,1.3147129,nan,2,2,0,0
272229205,272225599,36.45396647903443,127.4041583968307,54.98591,75.12689,4.5001507e-05,0.928351,1.3153305,nan,2,2,0,0
272426628,272424420,36.453962842108446,127.40418747427971,54.70533,74.84529,4.5001507e-05,0.92747957,1.3149554,nan,2,2,0,0
272626825,272623241,36.453959191038415,127.404216411487,54.416725,74.55475,4.5001507e-05,0.9266436,1.3145874,nan,2,2,0,0
272824140,272822063,36.45395565165703,127.40424503937665,54.138668,74.27589,4.5001507e-05,0.92792743,1.3151699,nan,2,2,0,0
273022647,273020884,36.45395218338356,127.40427354032954,53.84404,73.97954,4.5001507e-05,0.92707187,1.3147942,nan,2,2,0,0
273221721,273219705,36.45394890117811,127.40430187834421,53.57264,73.70802,4.5001507e-05,0.9283328,1.3153627,nan,2,2,0,0
273421260,273418526,36.453945826108104,127.40433022249238,53.30883,73.443535,4.5001507e-05,0.9274785,1.3149884,nan,2,2,0,0
273620751,273617348,36.45394286376112,127.40435850692245,53.06465,73.199615,4.5001507e-05,0.92664814,1.3146194,nan,2,2,0,0
273828181,273826110,36.45393982002308,127.40438814870632,52.83022,72.96503,4.5001507e-05,0.92811203,1.3152868,nan,2,2,0,0
274026954,274024932,36.453936916841045,127.40441643739553,52.588455,72.72283,4.5001507e-05,0.92725915,1.314912,nan,2,2,0,0
274225962,274223753,36.45393409059944,127.40444460580218,52.3658,72.50064,4.5001507e-05,0.92853904,1.3154814,nan,2,2,0,0
274424280,274422574,36.45393142545513,127.40447283579176,52.134354,72.26863,4.5001507e-05,0.9276781,1.3151042,nan,2,2,0,0
274623176,274621396,36.45392886061933,127.40450125344499,51.9125,72.045616,4.5001507e-05,0.92685455,1.3147366,nan,2,2,0,0
274823139,274820217,36.45392629848952,127.40452982020727,51.697834,71.83065,4.5001507e-05,0.9281381,1.315309,nan,2,2,0,0
275022420,275019038,36.453923825239535,127.40455831275106,51.500748,71.63223,4.5001507e-05,0.9272664,1.3149699,nan,2,2,0,0
275219492,275217860,36.4539212775717,127.40458677475621,51.309143,71.441086,4.5001507e-05,0.92850596,1.315521,nan,2,2,0,0
275418443,275416681,36.45391859935749,127.40461500490719,51.156136,71.28687,4.5001507e-05,0.9297844,1.3160788,nan,2,2,0,0
275628623,275625444,36.45391575525647,127.40464482665767,50.97747,71.105034,4.5001507e-05,0.92877233,1.3156617,nan,2,2,0,0
275826378,275824265,36.453912987215226,127.40467310628298,50.82698,70.95288,4.5001507e-05,0.9300596,1.3162223,nan,2,2,0,0
276024739,276023086,36.45391018101704,127.40470128610181,50.66815,70.790886,4.5001507e-05,0.92888653,1.3157254,nan,2,2,0,0
276224845,276221908,36.45390722139072,127.4047292506156,50.516895,70.6387,4.5001507e-05,0.93009245,1.316254,nan,2,2,0,0
276422471,276420729,36.45390411704687,127.40475677632826,50.358162,70.47975,4.5001507e-05,0.93130535,1.3167815,nan,2,2,0,0
276621243,276619550,36.453900833376146,127.40478423345859,50.197212,70.31784,4.5001507e-05,0.9325833,1.3173274,nan,2,2,0,0
276820332,276818372,36.45389759631965,127.40481156399484,50.016006,70.13501,4.5001507e-05,0.93105316,1.3167083,nan,2,2,0,0
277018870,277017193,36.453894258635316,127.40483882765292,49.813076,69.93015,4.5001507e-05,0.92971116,1.3161443,nan,2,2,0,0
277228095,277225956,36.453890749910165,127.4048672940949,49.60428,69.72105,4.5001507e-05,0.93104064,1.3167455,nan,2,2,0,0
277426745,277424777,36.453887374093824,127.40489420561524,49.39312,69.5082,4.5001507e-05,0.9321804,1.317246,nan,2,2,0,0
277627643,277623598,36.4538839830756,127.40492125464316,49.15822,69.27214,4.5001507e-05,0.9334002,1.3177713,nan,2,2,0,0
277824423,277822420,36.4538806934937,127.4049481866299,48.925797,69.0374,4.5001507e-05,0.9317669,1.3171016,nan,2,2,0,0
278023102,278021241,36.45387734815883,127.40497519061184,48.6899,68.7989,4.5001507e-05,0.9303127,1.3164846,nan,2,2,0,0
278222025,278220062,36.4538739979808,127.40500220551041,48.43592,68.54426,4.5001507e-05,0.93142533,1.3170379,nan,2,2,0,0
278420659,278418884,36.45387059482652,127.40502913578644,48.187904,68.2948,4.5001507e-05,0.93252623,1.317526,nan,2,2,0,0
278621356,278617705,36.453867248582945,127.40505625833352,47.94586,68.05062,4.5001507e-05,0.93091464,1.3168453,nan,2,2,0,0
278828501,278826467,36.45386388375951,127.40508502451014,47.66539,67.76936,4.5001507e-05,0.932257,1.3174493,nan,2,2,0,0
279027704,279025289,36.45386074478836,127.40511262713773,47.40621,67.5081,4.5001507e-05,0.9307952,1.3168211,nan,2,2,0,0
279227805,279224115,36.45385775936773,127.40514034978256,47.14617,67.24747,4.5001507e-05,0.9319374,1.3173233,nan,2,2,0,0
279424669,279422932,36.453854864373376,127.40516816156594,46.89853,66.99726,4.5001507e-05,0.9305779,1.3167306,nan,2,2,0,0
279623606,279621752,36.45385195263224,127.40519607596785,46.66595,66.76137,4.5001507e-05,0.92934483,1.3161832,nan,2,2,0,0
279822381,279820574,36.45384900812354,127.40522412966916,46.432686,66.52673,4.5001507e-05,0.9305221,1.3167061,nan,2,2,0,0
280021069,280019395,36.453846137572754,127.40525217116867,46.2409,66.33132,4.5001507e-05,0.92933244,1.3161833,nan,2,2,0,0
280230239,280228157,36.45384303107115,127.40528162231314,46.031227,66.120636,4.5001507e-05,0.93070483,1.3168001,nan,2,2,0,0
280429147,280426979,36.45384004111819,127.40530942948111,45.875988,65.9633,4.5001507e-05,0.92958283,1.3163087,nan,2,2,0,0
280629456,280625800,36.45383684278115,127.4053371818,45.7058,65.79071,4.5001507e-05,0.9285244,1.3158386,nan,2,2,0,0
280828331,280824621,36.453833540522936,127.40536486621652,45.533653,65.6176,4.5001507e-05,0.9297608,1.3163905,nan,2,2,0,0
281025477,281023442,36.45383037915454,127.40539253331185,45.308376,65.39029,4.5001507e-05,0.9287255,1.3159329,nan,2,2,0,0
281224137,281222263,36.45382737911982,127.40541989783053,45.106274,65.18743,4.5001507e-05,0.9299171,1.3165249,nan,2,2,0,0
281422736,281421085,36.45382441619693,127.40544710666738,44.869568,64.948654,4.5001507e-05,0.92890364,1.3160768,nan,2,2,0,0
281623494,281619905,36.453821311135556,127.40547421595481,44.663734,64.73869,4.5001507e-05,0.927948,1.3156499,nan,2,2,0,0
281820411,281818727,36.453818018240604,127.40550133411422,44.46736,64.54027,4.5001507e-05,0.9291945,1.3162125,nan,2,2,0,0
282021160,282017548,36.453814553738795,127.40552843811325,44.284023,64.35309,4.5001507e-05,0.92826277,1.3157945,nan,2,2,0,0
282229998,282226310,36.453810750431096,127.4055567491607,44.109764,64.176636,4.5001507e-05,0.92968327,1.3164389,nan,2,2,0,0
282427574,282425133,36.45380713060944,127.40558357771125,43.934795,63.998394,4.5001507e-05,0.9287296,1.3160172,nan,2,2,0,0
282627413,282623952,36.453803583443815,127.40561054137935,43.73424,63.794174,4.5001507e-05,0.927811,1.3156068,nan,2,2,0,0
282824443,282822779,36.45379995640694,127.405637518268,43.558372,63.61739,4.5001507e-05,0.92908,1.3161807,nan,2,2,0,0
283023450,283021595,36.45379653249274,127.40566457269276,43.342773,63.400375,4.5001507e-05,0.9281708,1.315779,nan,2,2,0,0
283222234,283220416,36.4537932321087,127.40569148013559,43.16308,63.220932,4.5001507e-05,0.9294204,1.3163426,nan,2,2,0,0
283422365,283419237,36.45378983504298,127.4057183571238,42.93016,62.987682,4.5001507e-05,0.9284962,1.3159364,nan,2,2,0,0
283621483,283618058,36.45378627052195,127.40574526831819,42.736637,62.793808,4.5001507e-05,0.92761254,1.3155932,nan,2,2,0,0
283818614,283816879,36.45378253816932,127.40577238193728,42.540985,62.59829,4.5001507e-05,0.9288772,1.3161703,nan,2,2,0,0
284027867,284025641,36.453779007472974,127.40580095987333,42.34395,62.400208,4.5001507e-05,0.92815846,1.3158044,nan,2,2,0,0
284226502,284224471,36.45377590977603,127.40582806230636,42.13273,62.189255,4.5001507e-05,0.92943156,1.3164303,nan,2,2,0,0
284425186,284423283,36.45377283042731,127.40585523916444,41.862656,61.918625,4.5001507e-05,0.92851436,1.3160192,nan,2,2,0,0
284623851,284622104,36.453769459124075,127.40588225215474,41.602432,61.658222,4.5001507e-05,0.9276535,1.3156255,nan,2,2,0,0
284822847,284820926,36.45376591206385,127.40590940487148,41.310497,61.36626,4.5001507e-05,0.92893577,1.3162059,nan,2,2,0,0
285022592,285019746,36.453762215833734,127.40593664873384,41.063587,61.11907,4.5001507e-05,0.92805415,1.315803,nan,2,2,0,0
285220353,285218567,36.45375854062933,127.40596430597454,40.803406,60.85916,4.5001507e-05,0.9293404,1.3163745,nan,2,2,0,0
285419195,285417388,36.453755273254146,127.40599219988437,40.59288,60.6484,4.5001507e-05,0.9284534,1.3159732,nan,2,2,0,0
285628622,285626150,36.45375226530581,127.40602192376481,40.31718,60.37267,4.5001507e-05,0.92778105,1.3156707,nan,2,2,0,0
285826971,285824971,36.453749351652995,127.4060504015705,40.144115,60.198807,4.5001507e-05,0.92910016,1.3162615,nan,2,2,0,0
286025864,286023792,36.45374650588728,127.40607924438751,39.94795,60.001694,4.5001507e-05,0.92823994,1.3158739,nan,2,2,0,0
286224219,286222613,36.453743575411934,127.40610803734303,39.80478,59.85842,4.5001507e-05,0.9295524,1.3164545,nan,2,2,0,0
286423616,286421434,36.4537405400212,127.40613696759303,39.640152,59.692543,4.5001507e-05,0.9286784,1.3160688,nan,2,2,0,0
286623157,286620255,36.453737469905576,127.40616594335037,39.50554,59.555466,4.5001507e-05,0.9278435,1.3156954,nan,2,2,0,0
286821339,286819076,36.453734515704454,127.4061949824854,39.3233,59.37256,4.5001507e-05,0.9291654,1.3162845,nan,2,2,0,0
287030231,287027838,36.45373130365311,127.40622530375299,39.156525,59.20289,4.5001507e-05,0.9284784,1.3159901,nan,2,2,0,0
287228912,287226658,36.45372816552009,127.40625399111372,38.952034,58.997105,4.5001507e-05,0.9298036,1.3165776,nan,2,2,0,0
287427584,287425479,36.45372487372122,127.40628241273086,38.7744,58.81694,4.5001507e-05,0.9289097,1.3162334,nan,2,2,0,0
287626359,287624300,36.45372150356001,127.4063109286702,38.575615,58.616367,4.5001507e-05,0.9280625,1.3158455,nan,2,2,0,0
287824893,287823120,36.45371811345994,127.406339413514,38.3768,58.41678,4.5001507e-05,0.9293634,1.3164293,nan,2,2,0,0
288023583,288021941,36.45371466671315,127.4063678407969,38.154305,58.19221,4.5001507e-05,0.9284394,1.3160098,nan,2,2,0,0
288222535,288220762,36.453711005064285,127.40639623365779,37.92565,57.962364,4.5001507e-05,0.9297111,1.3165787,nan,2,2,0,0
288421531,288419582,36.45370757161484,127.40642461676966,37.69448,57.728474,4.5001507e-05,0.9287785,1.3161582,nan,2,2,0,0
288620025,288618403,36.453704203787005,127.40645319494669,37.41984,57.451927,4.5001507e-05,0.92791736,1.3157613,nan,2,2,0,0
288829339,288827165,36.45370070977458,127.40648334125588,37.19792,57.228325,4.5001507e-05,0.9293737,1.3164295,nan,2,2,0,0
289028030,289025985,36.45369735002924,127.40651232719462,36.931,56.958733,4.5001507e-05,0.9284817,1.3160233,nan,2,2,0,0
289226855,289224806,36.45369380395884,127.40654114958276,36.7336,56.759037,4.5001507e-05,0.9297543,1.3165905,nan,2,2,0,0
289425312,289423627,36.453690385055296,127.40656997363756,36.56514,56.58748,4.5001507e-05,0.9288436,1.3161807,nan,2,2,0,0
289627116,289622457,36.453687368078576,127.40659877591784,36.415253,56.434372,4.5001507e-05,0.92798966,1.315788,nan,2,2,0,0
289823121,289821268,36.45368461360751,127.4066275627087,36.2216,56.239044,4.5001507e-05,0.92929596,1.3163699,nan,2,2,0,0
290021767,290020088,36.45368143702369,127.40665624239584,36.015038,56.029514,4.5001507e-05,0.9284117,1.3160211,nan,2,2,0,0
290221015,290218911,36.45367765861332,127.40668463874421,35.837936,55.85189,4.5001507e-05,0.9296749,1.3165866,nan,2,2,0,0
290419575,290417729,36.45367353913945,127.40671280761147,35.619778,55.633064,4.5001507e-05,0.9287768,1.3161776,nan,2,2,0,0
290628642,290626491,36.45366921330397,127.40674238838642,35.460903,55.471794,4.5001507e-05,0.9280979,1.3158695,nan,2,2,0,0
290828950,290825311,36.45366510472597,127.40677055429393,35.299347,55.30915,4.5001507e-05,0.92939526,1.3164499,nan,2,2,0,0
291026138,291024132,36.45366103272947,127.40679853866213,35.14678,55.153744,4.5001507e-05,0.9285384,1.3160447,nan,2,2,0,0
291224705,291222953,36.453656712845905,127.40682637338293,34.94512,54.951958,4.5001507e-05,0.92983985,1.316615,nan,2,2,0,0
291423450,291421780,36.45365224353511,127.40685388985423,34.77741,54.782715,4.5001507e-05,0.9289887,1.3162142,nan,2,2,0,0
291624085,291620593,36.45364744839352,127.40688120504753,34.603928,54.60755,4.5001507e-05,0.92818433,1.315832,nan,2,2,0,0
291821154,291819415,36.453642645871206,127.40690803228037,34.4368,54.43977,4.5001507e-05,0.92950594,1.3164198,nan,2,2,0,0
292019826,292018234,36.453638284009514,127.40693454956191,34.252445,54.254036,4.5001507e-05,0.92868924,1.3160433,nan,2,2,0,0
292218762,292217055,36.45363427486459,127.40696062603672,33.981358,53.98386,4.5001507e-05,0.93000734,1.3166276,nan,2,2,0,0
292427975,292425816,36.45363064287631,127.40698734186012,33.633533,53.635826,4.5001507e-05,0.92934394,1.3163389,nan,2,2,0,0
292628541,292624636,36.45362729901274,127.40701179074398,33.278725,53.2806,4.5001507e-05,0.92854506,1.3159747,nan,2,2,0,0
292825516,292823456,36.45362426981704,127.4070324736945,33.003883,53.006813,4.5001507e-05,0.92988396,1.3165832,nan,2,2,0,0
293024408,293022277,36.45362200497724,127.40704993776606,32.81057,52.820152,4.5001507e-05,0.9290689,1.3162295,nan,2,2,0,0
293222831,293221097,36.45361995043053,127.40706387923308,32.66751,52.684708,4.5001507e-05,0.9304905,1.3169148,nan,2,2,0,0
293422744,293419917,36.4536179986418,127.40707499800979,32.58285,52.61009,4.5001507e-05,0.9297105,1.3165586,nan,2,2,0,0
293620682,293618737,36.45361630345677,127.40708378186248,32.52146,52.55478,4.5001507e-05,0.9312837,1.3172289,nan,2,2,0,0
293819299,293817557,36.453614963728626,127.40709050627937,32.492016,52.538864,4.5001507e-05,0.930415,1.3168515,nan,2,2,0,0
294028524,294026318,36.45361393063933,127.40709526820773,32.478756,52.538445,4.5001507e-05,0.9297956,1.3165761,nan,2,2,0,0
294227238,294225138,36.45361325842922,127.40709767324772,32.455746,52.52468,4.5001507e-05,0.93128735,1.3171967,nan,2,2,0,0
294426166,294423959,36.4536130872055,127.4070977846528,32.464073,52.54388,4.5001507e-05,0.93038416,1.3167828,nan,2,2,0,0
294624519,294622779,36.45361304398163,127.40709728434796,32.46795,52.559692,4.5001507e-05,0.92954266,1.3163792,nan,2,2,0,0
294824409,294821599,36.45361294387718,127.40709691882215,32.47091,52.56864,4.5001507e-05,0.9309871,1.3169457,nan,2,2,0,0
295022271,295020420,36.45361284195383,127.40709670381419,32.47188,52.58055,4.5001507e-05,0.9300801,1.3165044,nan,2,2,0,0
295221121,295219239,36.4536127344208,127.40709661833945,32.466763,52.583744,4.5001507e-05,0.93145984,1.3170141,nan,2,2,0,0
295430300,295428000,36.45361254909833,127.40709646466408,32.47917,52.605957,4.5001507e-05,0.9306861,1.3166286,nan,2,2,0,0
295629019,295626821,36.45361241885456,127.40709635756475,32.4884,52.62613,4.5001507e-05,0.9297625,1.3161697,nan,2,2,0,0
295827972,295825639,36.45361227593459,127.40709624863132,32.496548,52.639587,4.5001507e-05,0.9311071,1.316641,nan,2,2,0,0
296026663,296024459,36.45361217466254,127.40709615087293,32.50779,52.66083,4.5001507e-05,0.93014896,1.3161752,nan,2,2,0,0
296225005,296223279,36.453612075019876,127.40709609022153,32.513115,52.67292,4.5001507e-05,0.93145496,1.3166779,nan,2,2,0,0
296424119,296422099,36.45361193901293,127.40709591564716,32.5313,52.698807,4.5001507e-05,0.9304515,1.3162066,nan,2,2,0,0
296623750,296620919,36.45361180417226,127.40709577412788,32.55064,52.727043,4.5001507e-05,0.929492,1.3157588,nan,2,2,0,0
296821344,296819739,36.45361170077352,127.40709560420278,32.574165,52.754654,4.5001507e-05,0.93079525,1.316213,nan,2,2,0,0
297020434,297018559,36.45361160612288,127.40709544681732,32.592842,52.780815,4.5001507e-05,0.9297997,1.315772,nan,2,2,0,0
297224028,297222350,36.45361151471392,127.40709534479383,32.60724,52.8004,4.5001507e-05,0.9310597,1.3162162,nan,2,2,0,0
297422950,297421177,36.453611394333755,127.40709511997586,32.633224,52.831,4.5001507e-05,0.9300638,1.3157897,nan,2,2,0,0
297623639,297619991,36.453611282186955,127.4070949361036,32.652065,52.85545,4.5001507e-05,0.92911124,1.3153938,nan,2,2,0,0
297820621,297818810,36.45361116950852,127.40709472591521,32.672634,52.87874,4.5001507e-05,0.93044496,1.3159765,nan,2,2,0,0
298019767,298017630,36.45361109312624,127.40709451640951,32.695717,52.906387,4.5001507e-05,0.92943144,1.3156842,nan,2,2,0,0
