timestamp,timestamp_sample,xyz[0],xyz[1],xyz[2]
829264000,829264000,0.22549108,-0.22105311,-9.829144
829268000,829268000,0.22727497,-0.23027988,-9.83877
829316000,829316000,0.18904085,-0.22805169,-9.597463
829364000,829364000,0.16951036,-0.19310966,-9.7087145
829416000,829416000,0.14028206,-0.13379563,-9.801682
829464000,829464000,0.13574895,-0.13046299,-9.7477665
829516000,829516000,0.116607614,-0.19080043,-9.987348
829564000,829564000,0.1366276,-0.20894013,-9.831541
829612000,829612000,0.12629373,-0.15917866,-9.767398
829664000,829664000,0.11300049,-0.15301844,-9.798059
829712000,829712000,0.12812257,-0.10754256,-9.847868
829764000,829764000,0.15503848,-0.12417297,-9.8388195
829816000,829816000,0.16267627,-0.19593155,-9.865243
829864000,829864000,0.14291558,-0.19709311,-9.670128
829916000,829916000,0.18143563,-0.11903584,-9.809757
829964000,829964000,0.13653925,-0.12485238,-9.757132
830016000,830016000,0.14423586,-0.14807034,-9.912475
830064000,830064000,0.16252859,-0.16024734,-9.748053
830116000,830116000,0.1497521,-0.16636162,-9.78471
830164000,830164000,0.13571133,-0.16516705,-9.795663
830212000,830212000,0.124873914,-0.1645904,-9.759103
830264000,830264000,0.1400846,-0.10102899,-9.700104
830316000,830316000,0.18179521,-0.15777704,-9.961083
830364000,830364000,0.09476201,-0.1652705,-9.794923
830416000,830416000,0.17605363,-0.2023101,-9.802748
830464000,830464000,0.16465273,-0.1558506,-9.76248
830516000,830516000,0.11326818,-0.19301814,-9.742518
830564000,830564000,0.111059,-0.11861942,-9.878193
830616000,830616000,0.14103332,-0.14424156,-9.992011
830664000,830664000,0.18266647,-0.124590375,-9.80184
830716000,830716000,0.127714,-0.14151673,-9.711693
830764000,830764000,0.15741092,-0.14660311,-9.773782
830816000,830816000,0.19723044,-0.14531784,-9.785285
830864000,830864000,0.16071853,-0.12566364,-9.868624
830916000,830916000,0.1321504,-0.18180619,-9.836448
830964000,830964000,0.121355236,-0.13974541,-9.94342
831016000,831016000,0.1503911,-0.18907388,-9.81594
831064000,831064000,0.16683827,-0.16274166,-9.786707
831116000,831116000,0.14207067,-0.13847862,-9.820504
831164000,831164000,0.09144691,-0.09318946,-9.76202
831216000,831216000,0.19341235,-0.12727676,-9.987911
831264000,831264000,0.21803072,-0.13801953,-9.84352
831316000,831316000,0.12955584,-0.1623108,-9.725654
831364000,831364000,0.14861764,-0.16064404,-9.795892
831416000,831416000,0.18260771,-0.16173178,-9.827522
831464000,831464000,0.17528395,-0.1750058,-9.7365
831516000,831516000,0.18281049,-0.13439512,-9.712436
831564000,831564000,0.13995898,-0.13501264,-9.927875
831616000,831616000,0.21588013,-0.13226642,-9.858699
831664000,831664000,0.13904533,-0.23205897,-9.700932
831716000,831716000,0.19917753,-0.20451836,-9.713575
831764000,831764000,0.16839272,-0.11249921,-9.814438
831816000,831816000,0.09900132,-0.12293771,-9.843244
831860000,831860000,0.17657748,-0.14182322,-9.821219
831916000,831916000,0.14273317,-0.16903113,-9.769089
831964000,831964000,0.13066033,-0.15060386,-9.811876
832016000,832016000,0.14723977,-0.1591478,-9.849579
832064000,832064000,0.15758044,-0.150196,-9.69227
832116000,832116000,0.16647902,-0.1869633,-9.7924385
832164000,832164000,0.14139448,-0.16275091,-9.817027
832212000,832212000,0.13944986,-0.12855062,-9.790178
832264000,832264000,0.15627575,-0.10578566,-9.786232
832316000,832316000,0.17055924,-0.1786585,-9.804022
832364000,832364000,0.21315232,-0.2004872,-9.870977
832416000,832416000,0.1348924,-0.12507823,-9.804059
832464000,832464000,0.207187,-0.13850994,-9.822629
832512000,832512000,0.17017731,-0.16711256,-9.792017
832564000,832564000,0.12023222,-0.14096257,-9.773651
832616000,832616000,0.10439356,-0.17095181,-9.706485
832664000,832664000,0.12519062,-0.1985473,-9.959983
832716000,832716000,0.13670418,-0.093065694,-9.960818
832764000,832764000,0.1502135,-0.16623817,-9.746365
832816000,832816000,0.16600843,-0.15101326,-9.758378
832864000,832864000,0.1575781,-0.1509224,-9.833013
832912000,832912000,0.1654849,-0.16007115,-9.792911
832964000,832964000,0.15808716,-0.12557703,-9.808883
833016000,833016000,0.18444322,-0.07690111,-9.81418
833064000,833064000,0.11155491,-0.11202465,-9.837269
833116000,833116000,0.17293341,-0.10098377,-9.8335085
833164000,833164000,0.1663939,-0.21225618,-9.658874
833216000,833216000,0.09843545,-0.12707952,-9.777699
833260000,833260000,0.12578546,-0.18521434,-9.794549
833316000,833316000,0.15493004,-0.16360782,-9.756054
833364000,833364000,0.15526098,-0.03977325,-9.827952
833416000,833416000,0.17278631,-0.08938469,-9.810667
833464000,833464000,0.131075,-0.14796007,-9.861986
833516000,833516000,0.086807,-0.16421871,-9.876333
833564000,833564000,0.16618085,-0.14977367,-9.803934
833616000,833616000,0.15063924,-0.20573239,-9.786142
833664000,833664000,0.18959887,-0.16084829,-9.78595
833716000,833716000,0.1262023,-0.17243397,-9.744991
833764000,833764000,0.12560868,-0.07123216,-9.789862
833816000,833816000,0.12523286,-0.11512821,-9.962865
833864000,833864000,0.18216282,-0.10255359,-9.843683
833916000,833916000,0.17240177,-0.1567608,-9.76185
833960000,833960000,0.18759178,-0.17338313,-9.773285
834016000,834016000,0.12584135,-0.091983706,-9.861644
834064000,834064000,0.21903746,-0.1453862,-9.80137
834116000,834116000,0.15354097,-0.13577655,-9.7954
834164000,834164000,0.12886913,-0.16123776,-9.922595
834216000,834216000,0.1551337,-0.15984517,-9.970143
834260000,834260000,0.18695487,-0.10209364,-9.844158
834316000,834316000,0.14328986,-0.14192133,-9.797698
834364000,834364000,0.1774239,-0.17680436,-9.817387
834416000,834416000,0.14693995,-0.18410759,-9.797861
834464000,834464000,0.19069862,-0.12336661,-9.664172
834516000,834516000,0.10951462,-0.11528363,-9.954653
834564000,834564000,0.2036391,-0.11276431,-9.961725
834616000,834616000,0.1915563,-0.17544863,-9.659432
834664000,834664000,0.10801584,-0.14470097,-9.744548
834716000,834716000,0.1901378,-0.10118222,-9.760578
834760000,834760000,0.19542766,-0.13950333,-9.810351
834812000,834812000,0.17565295,-0.14683482,-9.7678795
834864000,834864000,0.12665413,-0.107369296,-9.926442
834916000,834916000,0.14998746,-0.11607724,-9.815796
834964000,834964000,0.18781853,-0.16321039,-9.807863
835016000,835016000,0.19632408,-0.13903168,-9.863696
835064000,835064000,0.1555,-0.12108914,-9.755752
835112000,835112000,0.1671626,-0.09552154,-9.722471
835164000,835164000,0.16221792,-0.15059467,-9.831329
835216000,835216000,0.20888653,-0.10446222,-9.769828
835264000,835264000,0.15110382,-0.14984418,-9.789808
835312000,835312000,0.17782144,-0.20879486,-9.838969
835364000,835364000,0.2191484,-0.18346134,-9.8680525
835416000,835416000,0.16530143,-0.114381045,-9.771921
835464000,835464000,0.18514538,-0.17546275,-9.648948
835516000,835516000,0.17101783,-0.16729343,-9.946006
835564000,835564000,0.13549387,-0.10650506,-9.771846
835616000,835616000,0.19545805,-0.11504845,-9.790115
835664000,835664000,0.16000937,-0.13415928,-9.94672
835716000,835716000,0.19607379,-0.08394165,-9.930558
835764000,835764000,0.15766643,-0.11168102,-9.833996
835816000,835816000,0.18473805,-0.1534651,-9.709305
835864000,835864000,0.17757584,-0.16804622,-9.698908
835916000,835916000,0.20934878,-0.13644718,-9.907949
835964000,835964000,0.17248863,-0.15951733,-9.817972
836016000,836016000,0.1496138,-0.11653067,-9.817049
836064000,836064000,0.16952164,-0.13044079,-9.775695
836116000,836116000,0.17304252,-0.14127629,-9.835109
836164000,836164000,0.21639891,-0.13452494,-9.858616
836216000,836216000,0.15884148,-0.17054601,-9.622272
836264000,836264000,0.20060845,-0.11235121,-9.804697
836316000,836316000,0.18405235,-0.1480258,-10.170296
836360000,836360000,0.19469456,-0.16564687,-9.7295885
836416000,836416000,0.26047653,-0.16334009,-10.175815
836464000,836464000,0.108875126,-0.21232042,-9.518678
836516000,836516000,0.15155718,-0.12286416,-9.903324
836564000,836564000,0.10717851,-0.20689495,-9.5627575
836616000,836616000,0.18108773,-0.13959727,-10.709502
836664000,836664000,0.17445508,-0.17765771,-9.23255
836716000,836716000,0.23293625,-0.17396028,-10.338452
836760000,836760000,0.2816173,-0.21528,-9.556986
836816000,836816000,0.13757783,-0.15891284,-9.86394
836860000,836860000,0.16783477,-0.20446289,-9.33008
836916000,836916000,0.18137982,-0.16385837,-9.797509
836964000,836964000,0.21050207,-0.13055362,-9.793679
837016000,837016000,0.26050016,-0.41565785,-9.609476
837064000,837064000,0.31268674,-0.1742941,-10.127869
837116000,837116000,0.26010403,-0.48406753,-11.0094
837164000,837164000,0.24541934,-0.13695432,-11.242878
837216000,837216000,0.19501524,0.18997905,-11.579538
837264000,837264000,0.22666703,-0.09357946,-11.529055
837316000,837316000,0.21202384,-0.064389944,-11.859947
837364000,837364000,0.244964,0.0038323838,-11.817894
837416000,837416000,0.24046513,-0.08221588,-11.804864
837464000,837464000,0.20425507,-0.102179796,-12.026901
837516000,837516000,0.24237639,-0.029875226,-11.879511
837560000,837560000,0.2586526,-0.049259577,-11.802382
837616000,837616000,0.21760258,-0.094472766,-11.598988
837664000,837664000,0.19361617,-0.07128328,-11.879436
837716000,837716000,0.30230695,-0.090412326,-11.833213
837764000,837764000,0.2197135,-0.08613584,-11.7691345
837816000,837816000,0.2796401,-0.08121086,-12.033336
837860000,837860000,0.19509809,-0.018024381,-11.437464
837916000,837916000,0.2740067,-0.04371468,-10.258338
837964000,837964000,0.21223855,-0.036076594,-9.64154
838016000,838016000,0.29551503,-0.11852665,-8.998449
838064000,838064000,0.14977054,-0.124182545,-8.666693
838116000,838116000,0.2518086,-0.060903315,-8.569733
838164000,838164000,0.24623552,-0.063921094,-8.632054
838216000,838216000,0.19671324,-0.1207225,-8.562698
838260000,838260000,0.22577597,-0.04811219,-8.526415
838316000,838316000,0.26602173,0.03090532,-8.682099
838364000,838364000,0.2632363,-0.15250997,-8.759197
838416000,838416000,0.20781745,-0.036324143,-8.772851
838464000,838464000,0.26410717,-0.12986214,-8.710677
838516000,838516000,0.23430838,-0.09570824,-8.890902
838560000,838560000,0.20405884,-0.06568224,-8.812802
838616000,838616000,0.21433112,-0.017794719,-8.987939
838664000,838664000,0.24887116,-0.112508096,-9.383058
838716000,838716000,0.15789981,-0.12004182,-9.080486
838764000,838764000,0.2447218,-0.121444725,-8.989148
838816000,838816000,0.26814145,-0.1232074,-9.025796
838864000,838864000,0.17719774,-0.1406243,-9.0384
838912000,838912000,0.23263644,-0.10946612,-9.117345
838964000,838964000,0.24092281,-0.14841066,-9.171494
839012000,839012000,0.21657237,-0.12906437,-9.496452
839060000,839060000,0.22369847,-0.15718807,-9.361833
839116000,839116000,0.22467257,-0.10436714,-9.256466
839164000,839164000,0.26832628,-0.14053003,-9.268006
839216000,839216000,0.2367934,-0.05147516,-9.270898
839264000,839264000,0.24534106,-0.17391141,-9.344782
839316000,839316000,0.26924354,-0.0385476,-9.334883
839364000,839364000,0.2767809,-0.14673011,-9.704458
839416000,839416000,0.21504694,-0.2033603,-9.545985
839464000,839464000,0.29330668,-0.101527475,-9.454143
839516000,839516000,0.23611185,-0.09432486,-9.47698
839564000,839564000,0.23606767,-0.13700429,-9.208065
839616000,839616000,0.29701132,-0.1540674,-9.570975
839664000,839664000,0.21502165,-0.1846385,-9.521986
839716000,839716000,0.21896254,-0.22721529,-9.8773575
839764000,839764000,0.25125128,-0.15737613,-9.702275
839812000,839812000,0.22083515,-0.12592284,-9.553111
839860000,839860000,0.30353096,-0.1778327,-9.564967
839916000,839916000,0.26365432,-0.1570774,-9.257961
839964000,839964000,0.28463247,-0.08995607,-9.610388
840016000,840016000,0.27476805,-0.16464934,-9.550423
840064000,840064000,0.23180996,-0.14155164,-9.717069
840116000,840116000,0.27698678,-0.22025527,-9.791647
840164000,840164000,0.29356897,-0.12005448,-9.707672
840216000,840216000,0.30604693,-0.16826656,-9.618888
840260000,840260000,0.29616833,-0.2662586,-7.7812805
840316000,840316000,0.2481019,-0.0924213,-8.037838
840364000,840364000,0.19326194,-0.15182206,-8.418118
840416000,840416000,0.29433894,-0.10679908,-8.936586
840464000,840464000,0.33944482,-0.18320905,-9.480784
840516000,840516000,0.18335435,-0.15064575,-9.605759
840564000,840564000,0.2483729,-0.07320481,-9.711557
840616000,840616000,0.32826674,-0.15056953,-9.462711
840664000,840664000,0.28455213,-0.1467278,-10.081073
840716000,840716000,0.26147225,-0.14669333,-10.130191
840764000,840764000,0.28296384,-0.15999992,-10.1117735
840816000,840816000,0.2534715,-0.15519202,-10.500709
840864000,840864000,0.31429264,-0.14214098,-10.35387
840916000,840916000,0.33113158,-0.18245149,-10.4119835
840964000,840964000,0.36083633,-0.098132096,-10.324751
841016000,841016000,0.38516155,-0.19694221,-10.618377
841064000,841064000,0.3388256,-0.20658748,-10.47756
841116000,841116000,0.3837892,-0.1993398,-10.463837
841164000,841164000,0.4302687,-0.19454339,-10.725306
841212000,841212000,0.39176401,-0.2085231,-10.561858
841260000,841260000,0.47182348,-0.20662159,-10.408632
841316000,841316000,0.5046743,-0.3475676,-9.971499
841364000,841364000,0.5461529,-0.2730614,-10.507768
841416000,841416000,0.60614187,-0.31309825,-10.485037
841464000,841464000,0.65924144,-0.52049017,-10.710109
841516000,841516000,0.6853148,-0.44536927,-10.558842
841564000,841564000,0.741735,-0.393633,-10.390611
841616000,841616000,0.84413487,-0.45039347,-10.353016
841664000,841664000,0.9340298,-0.46404213,-10.394348
841716000,841716000,0.9529261,-0.52266216,-10.415588
841764000,841764000,1.0455911,-0.5680628,-10.231433
841816000,841816000,1.1476274,-0.55763113,-10.057235
841864000,841864000,1.0923496,-0.66085184,-10.286341
841916000,841916000,1.352883,-0.68169487,-10.154719
841964000,841964000,1.3595548,-0.6370792,-10.227053
842016000,842016000,1.3531268,-0.74696827,-10.364373
842060000,842060000,1.4388032,-0.7952536,-10.163729
842116000,842116000,1.5149989,-0.8296111,-9.90359
842164000,842164000,1.6229973,-0.7383315,-9.881455
842216000,842216000,1.6978601,-0.8647654,-10.066657
842264000,842264000,1.7288536,-0.89507186,-10.000601
842316000,842316000,1.8487604,-0.9782278,-9.848659
842364000,842364000,1.9176655,-0.9215083,-10.0334635
842416000,842416000,1.9454705,-0.9453451,-9.82899
842460000,842460000,2.0273309,-0.95619905,-9.767834
842516000,842516000,2.071466,-1.0459052,-9.780997
842560000,842560000,2.1270287,-1.0429513,-9.730146
842616000,842616000,2.1262407,-0.9879691,-9.65792
842664000,842664000,2.2513428,-1.1292233,-9.64851
842716000,842716000,2.3204682,-1.1168519,-9.255076
842764000,842764000,2.3031914,-1.0919708,-9.612061
842816000,842816000,2.4083595,-1.1653005,-9.562365
842864000,842864000,2.4117775,-1.154271,-9.436858
842916000,842916000,2.4710944,-1.2326654,-9.525602
842960000,842960000,2.488467,-1.1633226,-9.451426
843016000,843016000,2.561372,-1.161316,-9.471202
843064000,843064000,2.5533588,-1.0648599,-9.223858
843116000,843116000,2.6033573,-1.1650276,-9.49162
843160000,843160000,2.6413155,-1.1442631,-9.457337
843216000,843216000,2.7457535,-1.1913698,-9.27337
843264000,843264000,2.6858928,-1.15954,-9.327318
843316000,843316000,2.6674693,-1.1651188,-9.401137
843364000,843364000,2.7195709,-1.09331,-9.375841
843416000,843416000,2.816068,-1.219713,-9.465445
843464000,843464000,2.7865448,-1.1887059,-9.52037
843516000,843516000,2.7544665,-1.2213879,-9.363658
843564000,843564000,2.847013,-1.200075,-9.310732
843612000,843612000,2.8535988,-1.0941446,-9.567001
843664000,843664000,2.8562331,-1.0939571,-9.468166
843716000,843716000,2.834971,-1.1252075,-9.332858
843764000,843764000,2.9086888,-1.132803,-9.329429
843812000,843812000,2.9074779,-1.1690707,-9.078145
843864000,843864000,2.8832712,-1.0727229,-9.339213
843916000,843916000,2.9305098,-1.1130733,-9.282074
843964000,843964000,2.9467816,-1.0397776,-9.245201
844016000,844016000,2.9201016,-1.1163408,-9.411993
844064000,844064000,2.8498523,-1.0317229,-9.273791
844112000,844112000,2.9609165,-1.0832076,-9.316096
844164000,844164000,2.9966023,-0.92276007,-9.08499
844216000,844216000,2.9195232,-1.0548084,-9.357982
844264000,844264000,2.933728,-1.0159302,-9.344589
844316000,844316000,2.9754217,-1.0672174,-9.256632
844364000,844364000,3.050987,-1.0467068,-9.268089
844416000,844416000,2.9699557,-0.9978451,-9.346414
844464000,844464000,2.9724832,-0.98549646,-9.295283
844516000,844516000,3.0274029,-1.026365,-9.587772
844564000,844564000,3.0483944,-1.0541711,-9.324498
844612000,844612000,2.9837427,-0.92618406,-9.267246
844664000,844664000,2.9787412,-1.0510373,-9.2242
844716000,844716000,2.9927564,-1.0290197,-9.065064
844760000,844760000,2.9991508,-0.9821312,-9.435319
844816000,844816000,3.0012689,-0.9753745,-9.281712
844864000,844864000,3.04214,-1.0007845,-9.359518
844916000,844916000,3.0859418,-0.99346143,-9.596977
844964000,844964000,3.0200543,-0.9899405,-9.399728
845016000,845016000,2.9866922,-0.997037,-9.371088
845060000,845060000,3.0498443,-0.949869,-9.710949
845116000,845116000,3.0019302,-1.03897,-9.590785
845164000,845164000,3.00778,-0.90836865,-9.406759
845216000,845216000,3.025882,-0.9808104,-9.395903
845264000,845264000,2.9129329,-0.9671134,-9.297263
845312000,845312000,3.0417056,-0.95896786,-9.501003
845364000,845364000,2.9958344,-0.9863534,-9.393752
845416000,845416000,2.9667923,-0.9357878,-9.438597
845464000,845464000,2.940382,-0.9732006,-9.588193
845516000,845516000,2.9692864,-0.9633663,-9.332698
845564000,845564000,3.011492,-0.9764247,-9.346473
845616000,845616000,3.027649,-0.94598925,-8.85586
845664000,845664000,3.0096345,-0.94344395,-9.426578
845716000,845716000,2.946545,-0.8773501,-9.329621
845764000,845764000,2.9794326,-0.95015055,-9.316007
845816000,845816000,2.972198,-0.9078484,-9.541292
845860000,845860000,2.9998393,-0.88198996,-9.456451
845916000,845916000,3.0254092,-0.91486573,-9.34767
845964000,845964000,3.0643,-0.98798704,-9.669329
846012000,846012000,3.0084858,-0.9882076,-9.469891
846064000,846064000,2.9714084,-0.89253294,-9.337428
846116000,846116000,3.0093591,-0.94761115,-9.343754
846164000,846164000,2.962289,-0.9610918,-9.097746
846216000,846216000,2.985096,-0.9282275,-9.511595
846264000,846264000,3.0749485,-0.9163642,-9.329395
846312000,846312000,2.9853652,-0.9073538,-9.308678
846364000,846364000,2.983101,-1.0140482,-9.577468
846416000,846416000,2.9210842,-0.91044056,-9.414784
846464000,846464000,2.9224648,-0.8806683,-9.492069
846516000,846516000,3.0090795,-0.9318097,-8.960683
846564000,846564000,2.9511735,-0.9786193,-9.468954
846616000,846616000,2.9455829,-0.9448874,-9.284448
846664000,846664000,2.9278288,-0.94539076,-9.319692
846716000,846716000,2.9147906,-0.96641266,-9.524469
846764000,846764000,2.9196532,-0.9222061,-9.370384
846816000,846816000,2.9586704,-0.9742952,-9.332305
846864000,846864000,2.9017363,-0.9054011,-9.719048
846916000,846916000,2.971207,-0.9432414,-9.448821
846964000,846964000,2.9903293,-0.9418504,-9.315453
847016000,847016000,2.9189913,-0.9283964,-9.221071
847064000,847064000,2.907271,-0.94984883,-9.123661
847112000,847112000,2.8654768,-0.8849127,-9.400019
847164000,847164000,2.9302092,-0.8914232,-9.371902
847216000,847216000,2.9571283,-0.9720076,-9.373642
847264000,847264000,2.9355156,-1.0124432,-9.448736
847316000,847316000,2.8625674,-0.8580348,-9.406007
847360000,847360000,2.8886304,-0.93064994,-9.415925
847412000,847412000,2.9304705,-0.8478167,-9.275371
847464000,847464000,2.9104419,-0.91331977,-9.3726
847512000,847512000,2.9357362,-0.850898,-9.450535
847564000,847564000,2.837757,-0.9044947,-9.470977
847616000,847616000,2.93789,-0.9593481,-9.556792
847664000,847664000,2.8787668,-0.9006933,-9.494574
847716000,847716000,2.9170706,-0.8566707,-9.571944
847764000,847764000,2.9113634,-0.90479195,-9.779179
847812000,847812000,2.9311361,-0.9669312,-9.493458
847864000,847864000,2.899003,-0.93324655,-9.400088
847916000,847916000,2.9056776,-0.96375716,-9.45371
847964000,847964000,2.9115608,-0.9296987,-9.046365
848016000,848016000,2.8329577,-0.89972156,-9.361395
848064000,848064000,2.9299314,-0.9301346,-9.235277
848116000,848116000,2.8478782,-0.90886384,-9.332075
848164000,848164000,2.9166934,-0.9810501,-9.529271
848216000,848216000,2.9168036,-0.91356426,-9.296357
848264000,848264000,2.831293,-0.8755801,-9.36244
848316000,848316000,2.8949804,-0.8152789,-9.531499
848364000,848364000,2.9756436,-0.9989839,-9.499297
848416000,848416000,2.9408934,-0.88261193,-9.412098
848464000,848464000,2.9462466,-0.9056029,-9.336899
848516000,848516000,2.9387789,-0.82368064,-9.392363
848564000,848564000,2.8992255,-0.91466653,-9.470667
848616000,848616000,2.98854,-0.86854726,-9.361784
848664000,848664000,2.9424965,-0.9140031,-9.438738
848716000,848716000,2.887412,-0.9552223,-9.481742
848764000,848764000,2.928896,-0.8364102,-9.456555
848816000,848816000,2.9468691,-0.92367643,-9.337328
848860000,848860000,2.9453034,-0.7939435,-9.1775675
848916000,848916000,2.8697987,-0.9079899,-9.406104
848964000,848964000,2.925658,-0.89848435,-9.350091
849016000,849016000,2.9339328,-0.8668454,-9.211981
849060000,849060000,2.947432,-0.9068986,-9.358636
849116000,849116000,2.8235366,-0.8559189,-9.30361
849164000,849164000,2.8918033,-0.8798699,-9.309417
849216000,849216000,2.9152944,-0.8759468,-9.392818
849264000,849264000,2.9583812,-0.91071475,-9.345227
849316000,849316000,2.890958,-0.87119955,-9.328206
849364000,849364000,2.948522,-0.9019784,-9.265319
849416000,849416000,2.945865,-0.878493,-9.215199
849464000,849464000,2.821169,-0.8790749,-9.306441
849516000,849516000,2.8973029,-0.89365673,-9.290291
849564000,849564000,2.9364085,-0.94047725,-9.352368
849612000,849612000,2.8757548,-0.92321473,-9.438353
849664000,849664000,2.9097085,-0.87544507,-9.239009
849716000,849716000,2.8332312,-0.76694864,-9.300444
849764000,849764000,2.878277,-0.9166223,-8.873037
849816000,849816000,2.87108,-0.8337047,-9.350193
849864000,849864000,2.8672667,-0.8318702,-9.309702
849916000,849916000,2.9111493,-0.8224982,-9.221861
849964000,849964000,2.848072,-0.7452997,-9.546972
850016000,850016000,2.928849,-0.80380964,-9.371405
850064000,850064000,2.9070597,-0.809861,-9.305226
850116000,850116000,2.8953156,-0.75054854,-9.471922
850164000,850164000,2.911273,-0.8178363,-9.499241
850216000,850216000,2.889546,-0.78167516,-9.408438
850264000,850264000,2.945884,-0.83694255,-9.355926
850316000,850316000,2.879607,-0.8616402,-9.375574
850364000,850364000,2.9920301,-0.852347,-9.12163
850416000,850416000,2.9689856,-0.86641514,-8.690188
850464000,850464000,2.744486,-0.8550675,-8.63005
850516000,850516000,2.7209249,-0.76236033,-8.094558
850564000,850564000,2.688422,-0.74333817,-7.8165884
850616000,850616000,2.6005933,-0.72401667,-7.722803
850664000,850664000,2.6530755,-0.60406166,-7.477176
850716000,850716000,2.6317775,-0.6766464,-8.008603
850764000,850764000,2.5726612,-0.63057774,-8.053594
850816000,850816000,2.5183277,-0.6768884,-8.27006
850860000,850860000,2.495889,-0.6997019,-8.154466
850916000,850916000,2.3968709,-0.6604394,-8.501888
850964000,850964000,2.3943305,-0.62092495,-8.593362
851016000,851016000,2.1107154,-0.554542,-8.705533
851064000,851064000,2.0579045,-0.4901661,-8.724335
851116000,851116000,1.7641017,-0.3386161,-8.900713
851164000,851164000,1.5794061,-0.3430168,-8.895863
851216000,851216000,1.5954897,-0.30691785,-9.021905
851260000,851260000,1.479915,-0.28189012,-9.058059
851316000,851316000,1.3155296,-0.11896922,-9.1698
851364000,851364000,1.172729,-0.15490946,-9.317148
851416000,851416000,0.9665824,-0.13000798,-9.358085
851464000,851464000,0.77377576,-0.10428043,-9.587028
851516000,851516000,0.61686707,0.062252574,-9.47137
851564000,851564000,0.3005268,0.13231242,-9.433269
851616000,851616000,0.050550334,0.2433369,-9.674512
851664000,851664000,0.025490478,0.21146666,-9.568684
851716000,851716000,-0.061093807,0.26146823,-9.426377
851764000,851764000,-0.18753956,0.301597,-9.351173
851816000,851816000,-0.31591478,0.23648731,-9.230018
851864000,851864000,-0.46044123,0.46647993,-9.858214
851912000,851912000,-0.5598971,0.50919414,-9.93349
851964000,851964000,-0.6766418,0.41737553,-10.097735
852016000,852016000,-0.79413414,0.41793045,-10.370891
852064000,852064000,-0.93085337,0.525824,-10.36424
852112000,852112000,-0.9605969,0.49288636,-10.356844
852164000,852164000,-1.060334,0.5203853,-10.675303
852216000,852216000,-1.1168834,0.5360936,-10.42954
852264000,852264000,-1.1909716,0.605278,-10.145269
852316000,852316000,-1.1874453,0.59665024,-9.869379
852364000,852364000,-1.1908007,0.4701807,-9.257702
852416000,852416000,-1.2679706,0.5451866,-9.600263
852460000,852460000,-1.2358322,0.49400815,-9.542889
852516000,852516000,-1.3235637,0.5849206,-9.575399
852564000,852564000,-1.3190308,0.3961123,-9.6085825
852616000,852616000,-1.4112,0.45085955,-9.390402
852664000,852664000,-1.3729815,0.4820504,-9.415766
852712000,852712000,-1.3761659,0.39848596,-8.931513
852764000,852764000,-1.3321973,0.41719988,-9.447784
852816000,852816000,-1.3359839,0.39053547,-9.358553
852864000,852864000,-1.3223091,0.33915177,-9.708548
852916000,852916000,-1.3011597,0.33665606,-9.555498
852964000,852964000,-1.2815337,0.2190032,-9.462401
853016000,853016000,-1.0859511,0.14688691,-9.610149
853064000,853064000,-0.9744034,0.13028415,-9.768274
853116000,853116000,-1.1061879,0.116132714,-9.770519
853164000,853164000,-1.112135,0.12128351,-9.731833
853216000,853216000,-1.0708789,0.0660735,-9.401432
853260000,853260000,-1.1314309,0.0675614,-9.937958
853312000,853312000,-1.0858179,0.051326405,-9.809979
853364000,853364000,-1.0441276,0.028175633,-9.695633
853416000,853416000,-1.0101807,-0.06928921,-9.98368
853464000,853464000,-0.98960334,-0.01982698,-9.789206
853512000,853512000,-0.97217065,-0.03345773,-9.68399
853564000,853564000,-0.9465685,-0.14002235,-9.20317
853616000,853616000,-0.8964158,-0.16572021,-9.704159
853664000,853664000,-0.9607976,-0.12700647,-9.732763
853716000,853716000,-0.8780656,-0.17461126,-9.649989
853764000,853764000,-0.8886763,-0.2429797,-9.600337
853816000,853816000,-0.8367511,-0.14799516,-9.46166
853860000,853860000,-0.7627947,-0.249622,-9.47984
853916000,853916000,-0.77372813,-0.28811496,-9.032599
853964000,853964000,-0.7230417,-0.21509567,-9.579334
854016000,854016000,-0.6512437,-0.19542387,-9.538694
854064000,854064000,-0.6688635,-0.26066208,-9.648152
854112000,854112000,-0.62862223,-0.33212733,-9.671943
854164000,854164000,-0.62267953,-0.28102997,-9.603008
854212000,854212000,-0.52549094,-0.34670514,-9.605546
854264000,854264000,-0.51487976,-0.3622562,-9.220684
854316000,854316000,-0.4904208,-0.3362275,-9.695211
854364000,854364000,-0.45309046,-0.32443178,-9.681806
854416000,854416000,-0.43731332,-0.30646965,-9.840986
854464000,854464000,-0.44533643,-0.39592534,-9.972104
854516000,854516000,-0.36631787,-0.33495995,-9.774249
854560000,854560000,-0.32641536,-0.28819835,-9.80349
854616000,854616000,-0.23812842,-0.42881572,-9.309945
854664000,854664000,-0.2552429,-0.38278273,-9.880646
854716000,854716000,-0.21371977,-0.31789514,-9.770553
854764000,854764000,-0.20856589,-0.3569602,-9.8524685
854816000,854816000,-0.13991913,-0.43740335,-9.965452
854864000,854864000,-0.12310224,-0.32802215,-9.857774
854916000,854916000,-0.093951866,-0.3981055,-9.830696
854964000,854964000,-0.09786135,-0.27636376,-9.601615
855012000,855012000,-0.10978749,-0.33235836,-9.834855
855064000,855064000,-0.059917934,-0.326849,-9.776259
855116000,855116000,-0.043802064,-0.36576784,-9.629964
855164000,855164000,0.035897054,-0.32336932,-9.884346
855216000,855216000,-0.0072356183,-0.30021876,-9.676092
855264000,855264000,0.12451,-0.32157758,-9.709524
855316000,855316000,0.04964824,-0.26935074,-9.487786
855364000,855364000,0.07056506,-0.3133999,-9.762012
855416000,855416000,0.1361986,-0.31839752,-9.705336
855464000,855464000,0.14895289,-0.31533867,-9.730202
855516000,855516000,0.10756947,-0.34661683,-9.85014
855564000,855564000,0.13204235,-0.2741122,-9.672859
855616000,855616000,0.21286537,-0.30337456,-9.705173
855664000,855664000,0.1616113,-0.22326894,-9.859597
855716000,855716000,-2.4835505,0.7181858,-24.68988
855764000,855764000,2.2794673,-1.2539572,-32.93926
855812000,855812000,0.042128343,-0.110131234,-32.501938
855860000,855860000,-0.75710386,0.13850814,-26.610453
855916000,855916000,1.3175608,-0.59703904,-24.995987
855964000,855964000,0.22525741,-0.11492292,-16.747671
856016000,856016000,-0.036168706,-0.12313706,-11.941918
856064000,856064000,0.11551107,-0.16318014,-11.576986
856116000,856116000,0.36209017,-0.2686347,-11.881153
856164000,856164000,0.8408018,-0.30248523,-12.279171
856216000,856216000,1.3841997,-0.5177812,-12.527537
856264000,856264000,1.883475,-0.5854145,-12.237848
856316000,856316000,2.4201016,-0.8369512,-11.873651
856364000,856364000,2.8420007,-0.91155493,-11.523761
856416000,856416000,3.205975,-1.0678757,-10.918363
856460000,856460000,3.4853058,-1.1677583,-10.375092
856516000,856516000,3.6747258,-1.2406521,-9.943426
856564000,856564000,3.9338706,-1.4571217,-9.059339
856616000,856616000,4.0968676,-1.333268,-9.256889
856664000,856664000,4.166091,-1.3637096,-9.034015
856716000,856716000,4.2587934,-1.4901749,-8.830105
856764000,856764000,4.3551226,-1.4565977,-8.6627035
856812000,856812000,4.4558177,-1.4787947,-8.643587
856864000,856864000,4.439127,-1.5063728,-8.508548
856916000,856916000,4.5701957,-1.4801189,-8.2911825
856964000,856964000,4.7188773,-1.5101479,-7.5015993
857012000,857012000,4.775184,-1.475856,-7.4798336
857064000,857064000,4.8553996,-1.4700602,-7.2394824
857116000,857116000,4.8331366,-1.4692472,-6.478259
857164000,857164000,4.6346464,-1.4135256,-5.8218136
857216000,857216000,4.6173325,-1.3944571,-5.2806096
857264000,857264000,4.5380964,-1.2659945,-5.1495614
857316000,857316000,4.589003,-1.2236819,-5.0621433
857364000,857364000,4.616483,-1.2967895,-5.150376
857416000,857416000,4.6123915,-1.2317283,-5.1233063
857460000,857460000,4.638387,-1.254846,-5.2751746
857516000,857516000,4.718719,-1.2538506,-5.7395573
857564000,857564000,4.752265,-1.2736542,-5.6681767
857612000,857612000,4.7213225,-1.2371647,-5.9204288
857660000,857660000,4.6975017,-1.1615735,-6.1405935
857716000,857716000,4.6678104,-1.0778115,-6.170696
857764000,857764000,4.559685,-1.1054097,-6.6292715
857816000,857816000,4.491107,-1.0215302,-6.891996
857864000,857864000,4.430427,-1.0075904,-7.106088
857916000,857916000,4.3620114,-1.0595671,-6.8601766
857964000,857964000,4.2619743,-0.87589365,-7.545285
858016000,858016000,4.1214595,-0.9081193,-7.7818446
858064000,858064000,4.0359945,-0.8785532,-7.909893
858112000,858112000,3.9171834,-0.7820155,-7.872625
858164000,858164000,3.7840638,-0.77731144,-8.265121
858216000,858216000,3.59431,-0.65681356,-8.390348
858264000,858264000,3.550527,-0.63713896,-8.580996
858316000,858316000,3.466688,-0.52911985,-8.838437
858364000,858364000,3.2993584,-0.45934442,-8.839724
858412000,858412000,3.1400852,-0.46138433,-8.924737
858464000,858464000,3.0852215,-0.41858858,-8.936972
858516000,858516000,2.981174,-0.4500664,-9.221418
858564000,858564000,2.8293464,-0.35025653,-9.17485
858616000,858616000,2.7000911,-0.2666911,-9.190263
858664000,858664000,2.6434689,-0.20181388,-9.512941
858716000,858716000,2.5247526,-0.22590315,-9.399095
858764000,858764000,2.3948307,-0.14185384,-9.371637
858812000,858812000,2.264212,-0.19331984,-9.355389
858864000,858864000,2.2242315,-0.14244641,-8.933898
858916000,858916000,4.0782843,-0.42161676,-9.285867
858964000,858964000,2.7218947,-0.10356846,-7.833306
859016000,859016000,-0.29752943,0.31600666,-8.9591875
859060000,859060000,0.3666949,0.09051994,-9.17802
859116000,859116000,0.8060712,0.11552092,-9.214234
859164000,859164000,0.7514236,0.076037616,-9.555467
859216000,859216000,0.78946924,0.016839638,-9.383847
859264000,859264000,0.7093799,0.07388588,-10.050563
859316000,859316000,0.51928085,0.12869723,-10.147328
859364000,859364000,0.41447902,0.13597643,-10.160894
859416000,859416000,0.1861678,0.10798895,-10.375904
859464000,859464000,0.055619285,0.1756108,-10.226528
859516000,859516000,-0.13218799,0.2086978,-10.173635
859564000,859564000,-0.15191408,0.12601271,-10.502349
859616000,859616000,-0.19319254,0.14001894,-10.1856
859664000,859664000,-0.3382006,0.22902043,-10.0855875
859716000,859716000,-0.3662272,0.18100384,-9.966918
859764000,859764000,-0.45606646,0.18926811,-9.643307
859816000,859816000,-0.51165706,0.15666313,-10.002342
859860000,859860000,-0.4924604,0.15575722,-9.964314
859916000,859916000,-0.47434825,0.17504917,-10.13239
859964000,859964000,-0.50540453,0.12402136,-10.02029
860016000,860016000,-0.5314339,0.13459016,-9.830496
860064000,860064000,-0.49585706,0.14324692,-9.880177
860116000,860116000,-0.5170134,0.1976326,-9.804827
860164000,860164000,-0.58527684,0.07963848,-9.833143
860212000,860212000,-0.49574807,0.12691253,-9.8860035
860264000,860264000,-0.5341548,0.038610227,-10.162284
860316000,860316000,-0.4755436,0.06542415,-9.882953
860364000,860364000,-0.5194908,0.035531014,-9.795472
860416000,860416000,-0.46154293,-0.039623357,-9.789277
860464000,860464000,-0.40963808,-0.017444424,-9.959688
860516000,860516000,-0.3957474,-0.05758991,-9.826586
860564000,860564000,-0.41647214,-0.047666356,-9.870285
860616000,860616000,-0.32796848,-0.1204208,-9.348452
860660000,860660000,-0.33406153,-0.06669481,-9.912786
860716000,860716000,-0.3008031,-0.042985402,-9.792819
860764000,860764000,-0.34724778,-0.13257043,-9.841413
860816000,860816000,-0.25536203,-0.18399605,-10.003661
860864000,860864000,-0.28822514,-0.118856214,-9.833092
860916000,860916000,-0.19862261,-0.21842259,-9.815308
860964000,860964000,-0.2376669,-0.23733236,-9.381941
861016000,861016000,-0.19536433,-0.21298821,-9.924719
861060000,861060000,-0.18931253,-0.27825075,-9.84411
861116000,861116000,-0.13218671,-0.21190822,-9.870662
861164000,861164000,-0.14639449,-0.326654,-9.915482
861216000,861216000,-0.12809964,-0.23283851,-9.787864
861264000,861264000,-0.050017077,-0.25906995,-9.744961
861316000,861316000,-0.089929275,-0.32522705,-9.247293
861364000,861364000,-0.037241906,-0.27971047,-9.782172
861416000,861416000,-0.047689196,-0.24783464,-9.687935
861464000,861464000,0.0042427923,-0.3053753,-9.739733
861516000,861516000,-0.05722368,-0.29349065,-9.842323
861564000,861564000,0.04644194,-0.38261276,-9.748028
861616000,861616000,-0.019226395,-0.2961216,-9.728651
861664000,861664000,0.123291396,-0.33634138,-9.265568
861716000,861716000,0.036640555,-0.32375163,-9.7761545
861764000,861764000,0.086939126,-0.3701006,-9.711344
861812000,861812000,0.10632203,-0.35578734,-9.682478
861864000,861864000,0.11422306,-0.34541446,-9.917632
861912000,861912000,0.108800806,-0.30598697,-9.716349
861964000,861964000,0.08439574,-0.32883412,-9.721864
862016000,862016000,0.15596859,-0.33798313,-9.284023
862064000,862064000,0.08650706,-0.2556949,-9.796821
862116000,862116000,0.1416981,-0.29930744,-9.732416
862164000,862164000,0.10359502,-0.28509477,-9.789159
862216000,862216000,0.15421906,-0.36700603,-9.923564
862264000,862264000,0.20735772,-0.27160922,-9.807395
862312000,862312000,0.18261686,-0.25722402,-9.735467
862364000,862364000,0.17692652,-0.21311863,-9.57834
862416000,862416000,0.21727134,-0.24476917,-9.814723
862464000,862464000,0.10859521,-0.32379776,-9.693289
862512000,862512000,0.109215066,-0.25340363,-9.736485
862564000,862564000,0.19277777,-0.3369637,-9.950559
862612000,862612000,0.18884209,-0.22587946,-9.79121
862660000,862660000,0.21449074,-0.28179362,-9.739906
862716000,862716000,0.22107582,-0.22254452,-9.584805
862764000,862764000,0.21267341,-0.250448,-9.83997
862812000,862812000,0.15578137,-0.22187693,-9.750801
862864000,862864000,0.24933717,-0.23206265,-9.719626
862916000,862916000,0.17896436,-0.27099583,-9.8452635
862964000,862964000,0.17119382,-0.17855573,-9.702568
863016000,863016000,0.19243729,-0.21374016,-9.63928
863064000,863064000,0.22035618,-0.18355136,-9.836954
863116000,863116000,0.18950045,-0.22652178,-9.748349
863164000,863164000,0.19072576,-0.20946085,-9.727406
863216000,863216000,0.15846257,-0.20588157,-9.682483
863264000,863264000,0.22789879,-0.14203843,-9.8016205
863316000,863316000,0.20677133,-0.17534615,-9.723401
863364000,863364000,0.22529416,-0.19884661,-9.704992
863416000,863416000,0.10620857,-0.15704186,-9.746779
863464000,863464000,0.1463155,-0.20798434,-9.843833
863516000,863516000,0.23166457,-0.1835838,-9.711629
863560000,863560000,0.19474925,-0.24590749,-9.774228
863612000,863612000,0.17092161,-0.14334038,-9.707036
863664000,863664000,0.17010972,-0.19854318,-9.74644
863716000,863716000,0.22229593,-0.18350254,-9.7226305
863764000,863764000,0.17741683,-0.19133197,-10.013523
863816000,863816000,0.18663508,-0.15752704,-9.791354
863864000,863864000,0.21909904,-0.21235307,-9.687331
863916000,863916000,0.112521835,-0.15571676,-9.684905
863964000,863964000,0.2000374,-0.1336141,-9.660345
864016000,864016000,0.18568115,-0.17797334,-9.690273
864064000,864064000,0.17497234,-0.11978064,-9.623605
864116000,864116000,0.14284353,-0.14435422,-9.963568
864164000,864164000,0.20709297,-0.24699959,-9.820267
864216000,864216000,0.116416775,-0.13858418,-9.697141
864260000,864260000,0.15061006,-0.16578242,-9.653284
864316000,864316000,0.05625205,-0.19454533,-9.6355715
864364000,864364000,0.16332252,-0.19331995,-9.666913
864416000,864416000,0.15635486,-0.20040944,-9.645806
864464000,864464000,0.14241856,-0.21124774,-9.9939
864516000,864516000,0.13812669,-0.20421655,-9.774556
864564000,864564000,0.17254174,-0.19446968,-9.631027
864616000,864616000,0.17315347,-0.19844207,-9.667574
864660000,864660000,0.13759397,-0.15547463,-9.20092
864716000,864716000,0.15817933,-0.15559387,-9.729754
864764000,864764000,0.13465108,-0.16063328,-9.764048
864812000,864812000,0.13383038,-0.19338536,-9.88405
864864000,864864000,0.19821161,-0.20211574,-9.971953
864916000,864916000,0.08281694,-0.14627388,-9.692553
864964000,864964000,0.19787548,-0.11311487,-9.685262
865016000,865016000,0.19172546,-0.15331171,-9.481683
865064000,865064000,0.123968706,-0.10593372,-9.827921
865116000,865116000,0.15105878,-0.1474284,-9.742055
865164000,865164000,0.1312994,-0.18777926,-9.886849
865216000,865216000,0.13957284,-0.2602453,-9.914254
865264000,865264000,0.13581313,-0.17255414,-9.776951
865316000,865316000,0.15519811,-0.14159672,-9.730807
865364000,865364000,0.16514565,-0.2244548,-9.297103
865416000,865416000,0.14594711,-0.17415988,-9.827137
865464000,865464000,0.20683016,-0.099362135,-9.739942
865516000,865516000,0.15621142,-0.22044303,-9.828799
865564000,865564000,0.1364761,-0.27036396,-9.870392
865616000,865616000,0.118403465,-0.17968874,-9.71483
865660000,865660000,0.12768292,-0.21148531,-9.679266
865712000,865712000,0.15166815,-0.17164466,-9.243377
865764000,865764000,0.11786727,-0.17480096,-9.744761
865812000,865812000,0.17598078,-0.17117451,-9.705778
865864000,865864000,0.11191596,-0.15691182,-9.611993
865916000,865916000,0.14995167,-0.20990469,-9.836879
865964000,865964000,0.14691941,-0.14317495,-9.647581
866016000,866016000,0.14633873,-0.07304762,-9.600965
866064000,866064000,0.16177884,-0.17367394,-9.222939
866116000,866116000,0.127936,-0.10375998,-9.843453
866164000,866164000,0.13628718,-0.14620447,-9.765879
866216000,866216000,0.119326375,-0.20402038,-9.798497
866260000,866260000,0.17888577,-0.11355666,-9.912434
866316000,866316000,0.13637841,-0.11951827,-9.745122
866364000,866364000,0.14457837,-0.14964305,-9.747287
866416000,866416000,0.15237182,-0.14984259,-9.259722
866464000,866464000,0.16360815,-0.12079532,-9.757271
866516000,866516000,0.16228555,-0.18467478,-9.808844
866564000,866564000,0.19750777,-0.18521112,-9.725081
866616000,866616000,0.09595276,-0.12937674,-9.926345
866664000,866664000,0.10827587,-0.0905622,-9.725376
866716000,866716000,0.15502876,-0.091941625,-9.704534
866764000,866764000,0.17965011,0.009346534,-9.561359
866816000,866816000,0.14261468,-0.14281859,-9.811272
866864000,866864000,0.1481817,-0.11006761,-9.758396
866916000,866916000,0.14376579,-0.14203803,-9.684363
866964000,866964000,0.20284188,-0.1375396,-9.910909
867016000,867016000,0.14164628,-0.11080965,-9.698008
867060000,867060000,0.07818561,-0.09597977,-9.7765255
867116000,867116000,0.19468611,-0.08963902,-9.635501
867164000,867164000,0.120377764,-0.15896071,-9.798802
867216000,867216000,0.20041576,-0.16113123,-9.724958
867260000,867260000,0.12095083,-0.17920846,-9.682914
867316000,867316000,0.1330868,-0.12292199,-9.929175
867364000,867364000,0.09389714,-0.1465122,-9.776013
867416000,867416000,0.1576095,-0.12049439,-9.751114
867464000,867464000,0.09976128,-0.03444114,-9.890436
867516000,867516000,0.1010847,-0.14132006,-9.848588
867564000,867564000,0.1570587,-0.1734396,-9.826579
867612000,867612000,0.16067208,-0.16093382,-9.768475
867664000,867664000,0.080329165,-0.13910738,-9.845587
867716000,867716000,0.11615187,-0.07479064,-9.82252
867764000,867764000,0.11615842,-0.047984816,-9.737583
867816000,867816000,0.15558816,-0.03716231,-9.8981695
867864000,867864000,0.15967548,-0.10963016,-9.919084
867916000,867916000,0.15543586,-0.09995355,-9.758221
867964000,867964000,0.09546402,-0.111460365,-9.7986145
868016000,868016000,0.13231978,-0.083056934,-9.878593
868064000,868064000,0.14608206,-0.07690937,-9.800145
868116000,868116000,0.10825474,-0.13153946,-9.774189
868164000,868164000,0.09392435,-0.13479705,-10.09123
868216000,868216000,0.11593178,-0.08397577,-9.891041
868264000,868264000,0.087412365,-0.12092608,-9.842691
868316000,868316000,0.13099891,-0.121302456,-9.726055
868364000,868364000,0.090712264,-0.06876248,-9.730108
868416000,868416000,0.11140851,-0.08039652,-9.791917
868464000,868464000,0.09084111,-0.11776157,-9.775574
868516000,868516000,0.1502957,-0.096281596,-10.041407
868564000,868564000,0.13342437,-0.14046386,-9.906803
868616000,868616000,0.10334073,-0.05445664,-9.791972
868664000,868664000,0.0869725,-0.07495733,-9.7190275
868716000,868716000,0.15431616,-0.10058518,-9.775331
868760000,868760000,0.068137765,-0.09812035,-9.8533535
868812000,868812000,0.09653242,-0.08047721,-9.8224745
868864000,868864000,0.1115599,-0.14971477,-10.134941
868916000,868916000,0.098635055,-0.19583485,-9.922593
868964000,868964000,0.1287398,-0.04004176,-9.776943
869016000,869016000,0.11248478,-0.06603931,-9.79297
869064000,869064000,0.074209206,-0.06959995,-9.600031
869116000,869116000,0.08943718,-0.1361474,-9.83778
869164000,869164000,0.124493286,-0.056809414,-9.803842
869212000,869212000,0.052089002,-0.10650413,-9.895305
869264000,869264000,0.07408584,-0.18502426,-9.924884
869316000,869316000,0.105528004,-0.10305426,-9.7941885
869364000,869364000,0.063048884,-0.053287283,-9.867513
869416000,869416000,0.061717723,-0.11488804,-9.5756645
869464000,869464000,0.09393094,-0.03975846,-9.856151
869516000,869516000,0.060660847,-0.065050304,-9.795796
869564000,869564000,0.08143258,-0.14259392,-9.9183445
869616000,869616000,0.060636457,-0.16597666,-9.925055
869664000,869664000,0.051988915,-0.059112754,-9.846738
869716000,869716000,0.13088952,-0.113608174,-9.754167
869764000,869764000,0.03957151,-0.19113772,-9.349977
869816000,869816000,0.08904409,-0.13802703,-9.846646
869864000,869864000,-0.005198561,-0.035757713,-9.80966
869916000,869916000,0.099895604,-0.16426939,-9.858232
869964000,869964000,0.08415452,-0.15297827,-9.924129
870016000,870016000,0.017408371,-0.039284073,-9.895236
870064000,870064000,0.057941422,-0.090655185,-9.839941
870116000,870116000,0.11514428,-0.12517035,-9.353661
870164000,870164000,-0.007674084,-0.112966776,-9.871096
870216000,870216000,0.0901009,-0.07842783,-9.84253
870264000,870264000,0.09606095,-0.12454066,-9.763536
870316000,870316000,0.0061820485,-0.102583386,-9.999902
870364000,870364000,0.020487295,-0.0785978,-9.776821
870416000,870416000,0.08026463,-0.110129274,-9.814267
870464000,870464000,0.03479884,-0.09727488,-9.3221035
870512000,870512000,0.050905377,-0.10114323,-9.908042
870564000,870564000,0.011044578,-0.03731835,-9.808651
870616000,870616000,0.11715294,-0.058227748,-9.795948
870664000,870664000,0.06361634,-0.16107331,-9.95529
870716000,870716000,0.073671974,-0.09686449,-9.922522
870764000,870764000,0.03448413,-0.1223958,-9.822815
870816000,870816000,0.038002256,-0.08744563,-9.352956
870864000,870864000,0.039289102,-0.07841206,-9.9275055
870916000,870916000,0.041341234,-0.010214121,-9.82119
870964000,870964000,0.04657761,-0.09752757,-9.80989
871016000,871016000,0.036172733,-0.15843494,-9.991707
871064000,871064000,0.093793444,-0.017637597,-9.837797
871116000,871116000,0.069377534,0.012865396,-9.7489805
871164000,871164000,0.035759933,-0.005647752,-9.615745
871216000,871216000,0.11398888,-0.06462458,-9.9602585
871264000,871264000,0.06769738,-0.046861228,-9.788403
871316000,871316000,0.11678438,-0.11680402,-9.814155
871360000,871360000,0.119349495,-0.03769274,-9.911535
871412000,871412000,0.112566195,-0.015373488,-9.821113
871464000,871464000,0.1320782,-0.08738388,-9.821479
871516000,871516000,0.047576282,0.0134476535,-9.638772
871564000,871564000,0.04181096,-0.085716106,-9.918161
871616000,871616000,0.13622464,-0.039764453,-9.764255
871664000,871664000,0.06762542,-0.047764283,-9.825353
871716000,871716000,0.090717755,-0.0010057349,-10.016946
871764000,871764000,0.120479316,-0.096312486,-9.884837
871812000,871812000,0.12160885,-0.09492261,-9.771243
871864000,871864000,0.102238275,0.044518463,-9.937153
871916000,871916000,0.14094922,-0.108638994,-9.917626
871964000,871964000,0.14151838,-0.05866526,-9.831918
872016000,872016000,0.13486142,-0.013048531,-9.771529
872064000,872064000,0.107035756,-0.09340306,-9.926823
872116000,872116000,0.13196173,-0.10713729,-9.800752
872164000,872164000,0.14253817,0.017274912,-9.741648
872216000,872216000,0.12264044,0.016728561,-9.962689
872260000,872260000,0.13482127,-0.09677103,-9.962553
872316000,872316000,0.13813788,0.008042545,-9.808564
872364000,872364000,0.16875744,-0.104351096,-9.789952
872416000,872416000,0.1423553,0.04678925,-9.980699
872460000,872460000,0.135448,-0.027119037,-9.835183
872512000,872512000,0.120337866,-0.06462796,-9.829415
872564000,872564000,0.1433951,-0.06770315,-10.11691
872616000,872616000,0.120903224,-0.099042065,-9.89315
872664000,872664000,0.08426605,-0.04478728,-9.7773905
872716000,872716000,0.17693542,-0.028976046,-9.749345
872764000,872764000,0.13491108,-0.09598774,-9.81328
872816000,872816000,0.13026784,-0.029600203,-9.890684
872864000,872864000,0.14411335,-0.04327249,-9.791591
872916000,872916000,0.1330971,-0.079185694,-10.111582
872964000,872964000,0.14028591,-0.14385132,-9.878438
873012000,873012000,0.15037379,-0.050718103,-9.7657385
873064000,873064000,0.100627005,-0.054308735,-9.771657
873116000,873116000,0.12907758,-0.071075715,-9.811849
873164000,873164000,0.20263654,-0.040604644,-9.820413
873216000,873216000,0.11682836,-0.106588125,-9.819607
873264000,873264000,0.15679342,-0.09617541,-10.012255
873316000,873316000,0.108817846,-0.16335383,-9.903165
873364000,873364000,0.088096574,-0.10637247,-9.843864
873416000,873416000,0.16155462,-0.046277978,-9.802564
873464000,873464000,0.16466649,-0.13885485,-9.55873
873516000,873516000,0.12551822,-0.049917635,-9.894091
873564000,873564000,0.18164176,-0.030217443,-9.7748375
873612000,873612000,0.15608738,-0.12711401,-9.914319
873664000,873664000,0.18190373,-0.16959813,-9.999363
873716000,873716000,0.18306458,0.044489164,-9.824664
873764000,873764000,0.15450464,-0.06912291,-9.755518
873816000,873816000,0.20452316,-0.111388616,-9.53408
873864000,873864000,0.10302795,-0.09118558,-9.84845
873916000,873916000,0.21329795,-0.17612791,-9.764533
873964000,873964000,0.16560455,-0.13269748,-10.058565
874016000,874016000,0.11584013,-0.08623852,-9.851246
874060000,874060000,0.13467558,0.016600989,-9.721054
874116000,874116000,0.16406856,-0.0831099,-9.800272
874164000,874164000,0.1899793,-0.08260094,-9.511021
874216000,874216000,0.086901054,-0.016523171,-9.857042
874264000,874264000,0.14205761,-0.021930622,-9.8155575
874316000,874316000,0.15625383,-0.10859414,-10.083903
874364000,874364000,0.14632413,-0.06936649,-9.907425
874416000,874416000,0.1346415,0.05351451,-9.848523
874464000,874464000,0.19819805,-0.049775586,-9.874271
874516000,874516000,0.1671802,-0.056174554,-9.626712
874564000,874564000,0.14638227,-0.050283227,-9.874162
874616000,874616000,0.12213344,-0.010111962,-9.837716
874664000,874664000,0.15873753,-0.073379055,-10.011641
874716000,874716000,0.16685268,-0.06212196,-10.023818
874764000,874764000,0.19633853,0.026725044,-9.933383
874812000,874812000,0.22452039,-0.062011007,-9.868689
874864000,874864000,0.23649387,-0.12052088,-9.683563
874916000,874916000,0.1464987,-0.054661535,-9.922483
874964000,874964000,0.17992681,-0.034172032,-9.890327
875016000,875016000,0.11258749,-0.16358162,-10.221714
875064000,875064000,0.19306497,-0.17950897,-10.013922
875116000,875116000,0.16806373,-0.11216619,-9.850734
875164000,875164000,0.15134285,-0.20290923,-9.913726
875216000,875216000,0.14434871,-0.18447061,-9.918722
875264000,875264000,0.20662865,-0.22314547,-9.982528
875316000,875316000,0.22058658,-0.33260742,-9.873468
875364000,875364000,0.1467141,-0.2948667,-10.071943
875416000,875416000,0.14667447,-0.43137464,-10.057888
875464000,875464000,0.11250004,-0.5738044,-9.964597
875516000,875516000,0.15558772,-0.54518294,-10.013076
875564000,875564000,0.14802933,-0.5513933,-10.22118
875616000,875616000,0.16213568,-0.46184304,-10.189015
875660000,875660000,0.12797864,-0.8024129,-10.236982
875712000,875712000,0.0061047003,-1.1777934,-9.585065
875764000,875764000,0.014535652,-1.0786203,-10.06803
875816000,875816000,-0.004894792,-1.2154021,-10.010782
875864000,875864000,-0.03401632,-1.1856242,-10.078283
875916000,875916000,-0.010570331,-1.2628332,-10.00204
875964000,875964000,-0.030070916,-1.4183277,-9.872348
876016000,876016000,-0.039798163,-1.5044105,-9.797739
876064000,876064000,-0.101997636,-1.6140906,-9.957879
876116000,876116000,-0.14285198,-1.6567955,-9.811356
876160000,876160000,-0.12529641,-1.8236197,-9.82646
876216000,876216000,-0.16727544,-1.9315327,-9.27464
876264000,876264000,-0.24115251,-1.9336953,-9.731254
876316000,876316000,-0.16663879,-1.9702913,-9.761096
876364000,876364000,-0.25041205,-2.0798256,-9.651019
876416000,876416000,-0.27907926,-2.227078,-9.776496
876464000,876464000,-0.24593018,-2.216758,-9.587785
876516000,876516000,-0.25728554,-2.3200185,-9.4919815
876564000,876564000,-0.23037098,-2.3279133,-9.058857
876616000,876616000,-0.3009242,-2.3860886,-9.492686
876660000,876660000,-0.3251794,-2.4534917,-9.445572
876716000,876716000,-0.2970424,-2.5395942,-9.4602585
876764000,876764000,-0.357487,-2.5089066,-9.571012
876816000,876816000,-0.3683504,-2.567937,-9.370472
876864000,876864000,-0.3423303,-2.611778,-9.331039
876916000,876916000,-0.37164807,-2.72615,-9.680826
876960000,876960000,-0.40934706,-2.7812328,-9.479289
877016000,877016000,-0.38961092,-2.7540138,-9.350858
877064000,877064000,-0.46869463,-2.7500107,-9.260065
877116000,877116000,-0.3844829,-2.8669007,-8.843303
877164000,877164000,-0.38868386,-2.831184,-9.422959
877216000,877216000,-0.4446646,-2.8550487,-9.330867
877264000,877264000,-0.40517545,-2.8948953,-9.245273
877316000,877316000,-0.45853588,-2.918347,-9.184174
877360000,877360000,-0.4150161,-2.8915043,-9.304444
877416000,877416000,-0.37553236,-2.9887965,-9.230925
877464000,877464000,-0.40134108,-2.9263046,-9.238296
877516000,877516000,-0.39162928,-2.9597757,-9.413114
877564000,877564000,-0.38991985,-2.98833,-9.266403
877616000,877616000,-0.41935554,-3.0069082,-9.249833
877660000,877660000,-0.45534027,-2.9714377,-9.217259
877716000,877716000,-0.4141732,-3.0220046,-9.169449
877764000,877764000,-0.48815712,-3.0118756,-9.304998
877816000,877816000,-0.40530923,-3.0824459,-9.2287445
877864000,877864000,-0.44078916,-3.101219,-9.223271
877916000,877916000,-0.42961067,-3.0894191,-8.735984
877960000,877960000,-0.37503496,-3.162721,-9.279842
878016000,878016000,-0.36257425,-3.1433277,-9.325727
878060000,878060000,-0.41516,-3.0461233,-9.258265
878116000,878116000,-0.31899893,-3.1889849,-8.785042
878164000,878164000,-0.40825564,-3.1238616,-9.364171
878216000,878216000,-0.39010823,-3.037374,-9.25154
878264000,878264000,-0.37204918,-3.12802,-9.132416
878316000,878316000,-0.3978776,-3.097197,-9.127349
878364000,878364000,-0.3662393,-3.1050055,-9.336899
878416000,878416000,-0.34457353,-3.0864394,-9.216346
878464000,878464000,-0.3537982,-3.1083283,-9.245804
878516000,878516000,-0.38875467,-3.0721564,-9.0736685
878564000,878564000,-0.44380108,-3.3557246,-9.079454
878616000,878616000,-0.39637935,-3.2185493,-8.985295
878664000,878664000,-0.38741875,-3.0267944,-8.966371
878712000,878712000,-0.31735548,-3.1247346,-8.4850645
878760000,878760000,-0.33626845,-2.9723723,-9.046113
878816000,878816000,-0.25172055,-2.9090133,-9.067326
878864000,878864000,-0.3028914,-2.8493853,-9.187402
878916000,878916000,-0.29151422,-2.876531,-9.378882
878964000,878964000,-0.21005276,-2.7364967,-9.475078
879012000,879012000,-0.276156,-2.6995351,-9.418505
879064000,879064000,-0.21216978,-2.5477235,-9.646535
879116000,879116000,-0.20966692,-2.4939609,-9.704906
879164000,879164000,-0.13155876,-2.4190142,-9.626747
879216000,879216000,-0.16770312,-2.2639382,-9.669914
879264000,879264000,-0.14334315,-2.1681132,-10.026451
879316000,879316000,-0.06684313,-2.091541,-9.826484
879364000,879364000,-0.12590143,-1.9182545,-9.817972
879416000,879416000,-0.08945719,-1.8760524,-9.872438
879464000,879464000,-0.051490407,-1.8127975,-10.005068
879512000,879512000,0.043620326,-1.0285867,-10.117848
879564000,879564000,0.15737467,-1.0821604,-9.077951
879616000,879616000,-0.26553848,-2.802513,-8.610893
879664000,879664000,-0.18001552,-2.1454608,-8.485788
879716000,879716000,-0.07616411,-1.5363046,-8.12112
879764000,879764000,-0.04643018,-1.5891869,-7.95102
879816000,879816000,-0.004310754,-1.4044057,-7.6324935
879864000,879864000,-0.0013478309,-1.2521486,-8.331133
879916000,879916000,0.052104555,-1.2127448,-8.508067
879964000,879964000,0.03622054,-1.1293097,-8.710736
880016000,880016000,0.03506861,-1.0912726,-8.392021
880064000,880064000,0.11642282,-0.94253427,-9.158721
880116000,880116000,0.075079076,-0.8638433,-9.205088
880164000,880164000,0.15369582,-0.7600567,-9.281355
880212000,880212000,0.2234798,-0.29514372,-8.86064
880264000,880264000,0.20869397,-0.2554006,-9.380945
880316000,880316000,0.23291883,-0.34889925,-9.31915
880360000,880360000,0.18655817,-0.17148599,-9.24385
880416000,880416000,0.23779413,-0.14967133,-9.084908
880464000,880464000,0.22136417,-0.07288319,-9.276272
880516000,880516000,0.22226098,-0.04319457,-9.316534
880564000,880564000,0.22591093,0.08800045,-9.592477
880616000,880616000,0.2615703,0.12864056,-9.494992
880664000,880664000,0.2910062,0.27574354,-10.294516
880716000,880716000,0.28553683,0.3022532,-10.371119
880764000,880764000,0.26356596,0.32627735,-10.55427
880816000,880816000,0.22721317,0.39801934,-10.660854
880864000,880864000,0.2245956,0.42945498,-10.337946
880916000,880916000,0.3186153,0.38800004,-10.1876335
880964000,880964000,0.36385787,0.4167437,-10.148169
881016000,881016000,0.3174832,0.4481768,-9.978935
881060000,881060000,0.18421307,0.3290659,-9.879987
881116000,881116000,0.20386145,0.20534636,-9.882421
881160000,881160000,0.20837542,0.22768043,-10.06799
881212000,881212000,0.23033696,0.33234292,-9.938292
881260000,881260000,0.20527169,0.47115478,-9.844486
881316000,881316000,0.21236886,0.49469414,-9.413391
881364000,881364000,0.2080844,0.49614877,-9.936888
881412000,881412000,0.22353962,0.57991576,-9.865323
881464000,881464000,0.26787695,0.5356007,-9.775437
881516000,881516000,0.17926316,0.4886584,-9.934717
881564000,881564000,0.24045889,0.45592752,-9.830799
881616000,881616000,0.101772584,0.5186682,-9.736367
881664000,881664000,0.22482622,0.61941123,-9.569814
881716000,881716000,0.13173224,0.53265536,-9.823408
881764000,881764000,0.21474777,0.53896886,-9.695542
881816000,881816000,0.12550671,0.52526754,-9.686886
881864000,881864000,0.14804542,0.5154055,-9.849006
881916000,881916000,0.14011636,0.5440076,-9.750242
881964000,881964000,0.14900967,0.5048985,-9.673346
882016000,882016000,0.12520927,0.49142295,-9.300621
882064000,882064000,0.10895656,0.48170003,-9.773789
882116000,882116000,0.1430737,0.4925889,-9.730978
882164000,882164000,0.12184721,0.42835078,-9.678066
882216000,882216000,0.088081755,0.467765,-9.859256
882260000,882260000,0.1070075,0.46021724,-9.690537
882316000,882316000,0.05948528,0.41451412,-9.675794
882364000,882364000,0.031930774,0.38899502,-9.229685
882416000,882416000,0.036202185,0.37787777,-9.7159195
882464000,882464000,0.03639409,0.4205645,-9.675278
882516000,882516000,0.12222844,0.32324722,-9.939131
882564000,882564000,0.0588133,0.29802915,-9.868548
882616000,882616000,0.08937183,0.4002128,-9.62996
882664000,882664000,0.02566284,0.3449702,-9.740461
882716000,882716000,0.013747698,0.2957202,-9.674358
882764000,882764000,0.12597315,0.30677703,-9.899083
882816000,882816000,0.058740463,0.24331357,-9.850268
882864000,882864000,-0.044956103,0.28761768,-10.112059
882912000,882912000,0.025649913,0.18052922,-9.93897
882964000,882964000,0.08270651,0.22193423,-9.793199
883016000,883016000,0.05579138,0.21296474,-9.754621
883064000,883064000,0.015414105,0.22167194,-9.896815
883116000,883116000,0.018950002,0.18911384,-9.76989
883164000,883164000,0.037686754,0.0909254,-9.810711
883216000,883216000,0.016475081,0.17719024,-9.682749
883264000,883264000,0.036946096,0.09915439,-9.927535
883316000,883316000,0.026990445,0.07524705,-9.771833
883364000,883364000,0.07137884,0.09767007,-9.78406
883416000,883416000,0.012765949,-0.030279355,-10.009626
883464000,883464000,0.008346362,0.12798534,-9.8915205
883516000,883516000,-0.01522659,0.077611856,-9.7901
883564000,883564000,0.06634871,0.014889286,-9.348364
883616000,883616000,0.025220612,0.029864814,-9.83599
883664000,883664000,-0.0095215095,0.044994064,-9.752092
883712000,883712000,0.0045296415,-0.008205417,-9.774551
883764000,883764000,0.06131192,-0.081964105,-9.991342
883816000,883816000,0.024573382,-0.077901974,-9.895577
883864000,883864000,-0.024907408,-0.024090156,-9.847935
883916000,883916000,0.061897635,-0.13837202,-9.533684
883964000,883964000,0.037453067,-0.02216277,-9.824136
884016000,884016000,0.0067085056,-0.080848336,-9.759188
884064000,884064000,-0.025313374,-0.06559994,-9.906543
884116000,884116000,0.029613607,-0.1493632,-9.923243
884164000,884164000,0.077850334,-0.09255691,-9.757973
884212000,884212000,0.009133606,-0.049587503,-9.756672
884264000,884264000,0.057043344,-0.15817331,-9.363525
884316000,884316000,-0.031156383,-0.08405889,-9.835336
884364000,884364000,0.05556583,-0.12513848,-9.836086
884416000,884416000,0.01791193,-0.098220035,-9.921971
884464000,884464000,0.059782516,-0.14082134,-10.008734
884512000,884512000,0.05496369,-0.12971869,-9.873474
884564000,884564000,0.11102184,-0.09303639,-9.761277
884616000,884616000,0.046017468,-0.18313956,-9.32772
884664000,884664000,0.073180415,-0.13276117,-9.899429
884712000,884712000,0.008606643,-0.10185145,-9.812545
884764000,884764000,0.07951614,-0.10721315,-9.845073
884816000,884816000,0.014910364,-0.18148972,-9.980843
884864000,884864000,0.044768095,-0.061320275,-9.872457
884916000,884916000,0.10049659,-0.11550208,-9.813665
884964000,884964000,0.07624391,-0.08080361,-9.402113
885016000,885016000,0.091904804,-0.11254524,-9.926111
885064000,885064000,0.08057322,-0.10444478,-9.814832
885116000,885116000,0.08214593,-0.10266199,-9.823785
885164000,885164000,0.09354901,-0.16772452,-9.99307
885216000,885216000,0.06595585,-0.10639111,-9.858351
885264000,885264000,0.057655852,-0.13965636,-9.868719
885316000,885316000,0.055890437,-0.0990075,-9.408042
885364000,885364000,0.039332088,-0.10276406,-9.919448
885412000,885412000,0.062369905,-0.060526323,-9.868445
885464000,885464000,0.13270389,-0.08913774,-9.86142
885516000,885516000,0.04412038,-0.17990537,-10.044869
885564000,885564000,0.07246968,-0.12874821,-9.896753
885616000,885616000,0.11685066,-0.009360108,-9.897533
885664000,885664000,0.056146003,-0.028066194,-9.659463
885716000,885716000,0.038956307,-0.12076236,-9.866155
885764000,885764000,0.050600935,-0.074450895,-9.823641
885816000,885816000,0.062882334,-0.06647649,-9.775733
885864000,885864000,0.029080946,-0.09193858,-10.033867
885916000,885916000,0.07104218,-0.032213032,-9.834138
885964000,885964000,0.05939875,-0.07726369,-9.81238
886016000,886016000,0.13227154,-0.066840395,-9.641029
886064000,886064000,0.11813861,-0.07135972,-9.915978
886116000,886116000,0.08972202,0.0062263166,-9.789611
886164000,886164000,0.13837796,-0.06533364,-9.780884
886216000,886216000,0.06505563,-0.041552722,-10.0320425
886264000,886264000,0.13755338,-0.079220764,-9.916821
886316000,886316000,0.09172466,-0.060532134,-9.879904
886360000,886360000,0.050903827,-0.070029385,-10.16118
886416000,886416000,0.16629036,-0.012135979,-10.0142565
886464000,886464000,0.026343849,-0.04818822,-9.845364
886516000,886516000,0.07758543,-0.07594951,-9.808997
886564000,886564000,0.103389755,-0.016471367,-9.959195
886616000,886616000,0.10303951,-0.056665972,-9.864484
886664000,886664000,0.08986586,-0.038699538,-9.840417
886716000,886716000,0.04350229,0.016625695,-9.947086
886760000,886760000,0.06579991,-0.08133045,-9.910163
886816000,886816000,0.16679426,-0.065703906,-9.845936
886860000,886860000,0.08770882,-0.07232476,-9.849287
886916000,886916000,0.10420777,0.05990242,-9.834392
886964000,886964000,0.11772664,-0.041748937,-9.804672
887012000,887012000,0.1501501,-0.013795499,-9.912591
887060000,887060000,0.15224482,-0.07778069,-10.151191
887116000,887116000,0.11364503,-0.08430249,-9.868544
887164000,887164000,0.11067943,-0.021844605,-9.78848
887216000,887216000,0.09890041,-0.041552745,-9.822642
887264000,887264000,0.1243302,0.00811749,-9.814579
887312000,887312000,0.06600829,-0.0040260837,-9.855199
887364000,887364000,0.14779627,0.009238489,-9.815401
887416000,887416000,0.08807259,-0.015703317,-10.160174
887464000,887464000,0.12427006,-0.1065243,-9.930608
887516000,887516000,0.10495436,-0.057290293,-9.818034
887560000,887560000,0.1442489,-0.04517878,-9.785629
887616000,887616000,0.096348494,0.018788826,-9.751059
887664000,887664000,0.09014233,-0.024045318,-9.819049
887716000,887716000,0.08889822,-0.03804658,-9.796144
887760000,887760000,0.20563559,-0.07140328,-9.953646
887816000,887816000,0.14908579,-0.05808758,-9.939749
887864000,887864000,0.13438466,0.037411526,-9.84068
887916000,887916000,0.11063367,-0.064764604,-9.724787
887964000,887964000,0.119676165,0.023380416,-9.606247
888016000,888016000,0.11054223,-0.0030763191,-9.919248
888064000,888064000,0.15031968,-0.021932919,-9.863361
888116000,888116000,0.07131287,-0.064444214,-10.160695
888164000,888164000,0.100839905,-0.06403661,-9.898886
888216000,888216000,0.08534494,-0.027800318,-9.865091
888260000,888260000,0.12313005,-0.030310271,-9.840311
888316000,888316000,0.1079668,-0.010668864,-9.644591
888364000,888364000,0.13063042,-0.024159,-9.841754
888416000,888416000,0.114770845,-0.012650745,-9.850128
888460000,888460000,0.116036355,-0.017184842,-9.751602
888516000,888516000,0.1090371,-0.14879078,-9.9107485
888564000,888564000,0.13095792,-0.094788305,-9.855911
888612000,888612000,0.15228887,0.03486882,-9.801561
888664000,888664000,0.1497127,-0.105288886,-9.454476
888716000,888716000,0.08986222,0.009912382,-9.869525
888764000,888764000,0.15690157,0.036168728,-9.785175
888816000,888816000,0.15136454,-0.065611914,-9.841302
888864000,888864000,0.13779098,-0.09172751,-9.932072
888916000,888916000,0.12327873,0.035011664,-9.809169
888964000,888964000,0.13200356,-0.032056753,-9.760237
889012000,889012000,0.17632969,-0.04934303,-9.367694
889064000,889064000,0.13891444,-0.053488772,-9.878564
889116000,889116000,0.18709306,0.06410457,-9.764932
889164000,889164000,0.16769993,-0.04990941,-9.75723
889216000,889216000,0.17153253,-0.121631704,-9.887391
889264000,889264000,0.12999144,-0.03945391,-9.814279
889316000,889316000,0.10880054,-0.05764135,-9.765164
889364000,889364000,0.10838711,-0.036138438,-9.339124
889416000,889416000,0.22306384,-0.007436202,-9.820055
889464000,889464000,0.16363329,-0.01416992,-9.691697
889516000,889516000,0.12478336,-0.04621824,-9.7566595
889564000,889564000,0.15485516,-0.08910319,-9.963461
889616000,889616000,0.09985392,-0.051492486,-9.822781
889664000,889664000,0.18948555,-0.058608096,-9.734589
889716000,889716000,0.13462652,-0.08512098,-9.256421
889764000,889764000,0.07380228,-0.03182686,-9.807662
889812000,889812000,0.18040207,-0.07055384,-9.749583
889864000,889864000,0.14201581,-0.031602386,-9.710136
889916000,889916000,0.09767679,-0.09133196,-9.867159
889964000,889964000,0.22372358,-0.11740893,-9.806283
890016000,890016000,0.16457932,0.041821986,-9.746709
890064000,890064000,0.12498288,0.009436042,-9.622074
890116000,890116000,0.16523235,-0.047565714,-9.864702
890164000,890164000,0.15767713,-0.056157324,-9.792809
890216000,890216000,0.1420731,-0.04611817,-9.748424
890264000,890264000,0.12453748,-0.006504754,-9.9563875
890316000,890316000,0.12775235,-0.05626488,-9.819544
890364000,890364000,0.15885624,-0.040192533,-9.77954
890412000,890412000,0.13721398,0.008064938,-9.834196
890464000,890464000,0.13117708,-0.09101589,-9.905659
890512000,890512000,0.12495778,-0.050140824,-9.791906
890564000,890564000,0.15377015,-0.04733215,-9.742267
890616000,890616000,0.1374864,-0.042242292,-9.942931
890664000,890664000,0.05431282,-0.046151306,-9.822328
890716000,890716000,0.10992187,-0.05708664,-9.770802
890764000,890764000,0.1611752,-0.023396902,-9.889967
890812000,890812000,0.15425311,-0.16013658,-9.8556795
890864000,890864000,0.12625961,-0.09213193,-9.784429
890916000,890916000,0.11221321,-0.09487005,-9.7638
890964000,890964000,0.18385011,9.786387e-06,-9.872644
891016000,891016000,0.14677855,-0.032258872,-9.881957
891064000,891064000,0.07694219,-0.08176262,-9.736251
891116000,891116000,0.22848728,0.0024368297,-9.875955
891164000,891164000,0.06138363,-0.1308887,-9.864113
891216000,891216000,0.14526609,-0.06453763,-9.732004
891260000,891260000,0.09288647,-0.08775932,-9.816599
891316000,891316000,0.1318925,-0.10649845,-9.826337
891364000,891364000,0.092343815,-0.09792593,-9.848622
891416000,891416000,0.075866766,-0.06372268,-9.773562
891464000,891464000,0.14630036,-0.08959808,-10.104459
891516000,891516000,0.11530463,-0.13791882,-9.894318
891560000,891560000,0.1606128,-0.07144743,-9.819974
891616000,891616000,0.12573506,-0.14431751,-9.721573
891664000,891664000,0.11537743,-0.11907274,-9.733898
891716000,891716000,0.09845777,-0.074475475,-9.838746
891764000,891764000,0.16255955,-0.08744725,-9.796159
891816000,891816000,0.14738984,-0.17661433,-10.148912
891864000,891864000,0.17543934,-0.110519454,-9.887815
891916000,891916000,0.13628757,-0.08229902,-9.821541
891964000,891964000,0.17268544,-0.14201804,-9.841358
892012000,892012000,0.12866323,-0.103956446,-9.525959
892064000,892064000,0.07559706,-0.105113685,-9.820469
892116000,892116000,0.11381998,-0.04866087,-9.853486
892164000,892164000,0.07472625,-0.14511237,-10.167181
892216000,892216000,0.12692386,-0.12880541,-9.919444
892264000,892264000,0.076288596,-0.11221428,-9.817403
892316000,892316000,0.16034251,-0.11782814,-9.777524
892364000,892364000,0.11918844,-0.090611264,-9.567356
892416000,892416000,0.09044058,-0.11031482,-9.775327
892464000,892464000,0.14698216,-0.086601935,-9.770842
892516000,892516000,0.10304335,-0.117923595,-10.075505
892564000,892564000,0.13242866,-0.15334964,-9.903357
892612000,892612000,0.15939173,-0.08068428,-9.758983
892664000,892664000,0.1282323,-0.07826383,-9.77019
892716000,892716000,0.13618249,-0.09731784,-9.55411
892764000,892764000,0.08171767,-0.132746,-9.760703
892816000,892816000,0.0819938,-0.011800318,-9.789891
892860000,892860000,0.12143899,-0.12030346,-9.805052
892912000,892912000,0.15628484,-0.17957495,-9.914386
892964000,892964000,0.07654074,-0.053315375,-9.777428
893016000,893016000,0.12067278,-0.11521175,-9.712909
893064000,893064000,0.11310557,-0.15481639,-9.25919
893116000,893116000,0.12622926,-0.13655685,-9.7722845
893164000,893164000,0.11558898,-0.038197804,-9.735092
893216000,893216000,0.062690124,-0.111553974,-9.90651
893264000,893264000,0.07513651,-0.15237187,-9.960862
893316000,893316000,0.14610909,-0.09013986,-9.723252
893364000,893364000,0.12083287,-0.10367355,-9.798731
893416000,893416000,0.08571,-0.14215839,-9.28906
893464000,893464000,0.08876649,-0.12253668,-9.814821
893516000,893516000,0.15429862,-0.06705126,-9.794737
893564000,893564000,0.11715995,-0.034220703,-9.755638
893616000,893616000,0.06519996,-0.11775129,-9.890192
893664000,893664000,0.07085509,-0.06885804,-9.762572
893716000,893716000,0.05422934,-0.12751108,-9.742668
893764000,893764000,0.14151312,-0.051361807,-9.333366
893816000,893816000,0.040153723,-0.11044775,-9.894635
893864000,893864000,0.14763162,-0.031412084,-9.81519
893916000,893916000,0.030565199,-0.09370235,-9.718319
893960000,893960000,0.091813296,-0.104477145,-9.9579735
894016000,894016000,0.06986727,-0.09188078,-9.812919
894064000,894064000,0.03140766,-0.043522865,-9.794808
894116000,894116000,0.11570094,-0.061086625,-9.357218
894164000,894164000,0.0679881,-0.061209913,-9.787958
894216000,894216000,0.047956593,-0.013572548,-9.78978
894264000,894264000,0.122741856,-0.14106219,-9.7780285
894316000,894316000,0.063991085,-0.1721348,-9.944634
894364000,894364000,0.08013025,-0.103965424,-9.752176
894412000,894412000,0.11096981,-0.10444561,-9.710565
894464000,894464000,0.024705391,-0.003855366,-9.607509
894516000,894516000,0.08907671,-0.10825084,-9.848216
894564000,894564000,0.15402755,-0.06745179,-9.787963
894616000,894616000,0.1026552,-0.12687236,-9.753097
894664000,894664000,0.09787394,-0.085481115,-9.931292
894716000,894716000,0.061255697,-0.08145864,-9.806192
894764000,894764000,0.09084549,-0.060026456,-9.721315
894812000,894812000,0.12949662,-0.038928967,-9.971459
894864000,894864000,0.08907182,-0.115533404,-9.885596
894916000,894916000,0.0853614,-0.06628457,-9.768222
894960000,894960000,0.13661796,-0.13412596,-9.770424
895016000,895016000,0.09213067,-0.111350045,-9.954603
895064000,895064000,0.10452111,-0.08636828,-9.793651
895112000,895112000,0.07360586,-0.09048481,-9.7803755
895164000,895164000,0.0865405,-0.035788663,-9.853459
895216000,895216000,0.08402666,-0.04278884,-9.853885
895264000,895264000,0.07987494,-0.105224416,-9.816325
895312000,895312000,0.09332982,-0.08635847,-9.785398
895364000,895364000,0.107747525,-0.056475393,-9.891241
895416000,895416000,0.12804216,-0.008088592,-9.828801
895464000,895464000,0.07403857,-0.07263138,-9.748233
895516000,895516000,0.11920731,-0.041324887,-9.894874
895564000,895564000,0.15346313,-0.12076734,-9.877103
895616000,895616000,0.100122035,-0.10817311,-9.82883
895664000,895664000,0.13377883,-0.035023227,-9.776742
895716000,895716000,0.1093669,-0.076140866,-9.852217
895764000,895764000,0.13183562,-0.059771642,-9.773503
895816000,895816000,0.09634761,-0.09196649,-9.714
895864000,895864000,0.10899698,-0.050448578,-10.045652
895916000,895916000,0.07566647,-0.122899495,-9.843091
895964000,895964000,0.08893784,0.00038995093,-9.760744
896016000,896016000,0.06831445,-0.57210886,-8.064678
896064000,896064000,-0.014700222,0.5525128,-6.2915196
896116000,896116000,1.5308132,0.36908013,-8.333005
896164000,896164000,-0.3103244,0.24893571,-9.987818
896212000,896212000,0.08811281,-0.1609637,-9.809723
896264000,896264000,0.1483156,-0.07785827,-10.04027
896316000,896316000,0.01401957,-0.12849365,-8.966208
896360000,896360000,0.15855841,-0.15466896,-10.021557
896416000,896416000,0.11056961,-0.039347697,-9.45238
896464000,896464000,0.07594779,0.23936695,-9.028797
896516000,896516000,0.04771088,-0.17402117,-9.07406
896564000,896564000,0.07878678,0.017640762,-9.311936
896616000,896616000,-0.22993158,0.087204345,-9.56312
896664000,896664000,0.07845955,0.007536378,-9.753135
896712000,896712000,0.5093766,-0.51847273,-10.103527
896764000,896764000,0.023309229,-0.1900319,-9.73089
896816000,896816000,0.025288388,0.034538493,-9.694276
896864000,896864000,0.09645698,-0.03708755,-9.850442
896912000,896912000,0.068957925,-0.05045331,-9.663412
896960000,896960000,0.10952484,-0.029586857,-9.85939
897016000,897016000,0.077452704,-0.035061862,-9.788465
897060000,897060000,0.032978244,-0.036590658,-9.881558
897116000,897116000,0.07484622,-0.08270478,-10.068625
897164000,897164000,0.025175165,-0.12894352,-9.78988
897216000,897216000,0.07773645,0.01678634,-9.799404
897264000,897264000,0.103505604,0.0059566363,-10.028496
897312000,897312000,0.030588064,-0.016191155,-9.656747
897364000,897364000,0.029526483,-0.11491992,-9.754137
897416000,897416000,0.09638006,-0.18807825,-9.754823
897464000,897464000,0.084677465,-0.07501073,-9.978745
897512000,897512000,0.045334887,-0.09604239,-9.540181
897564000,897564000,0.06790542,-0.07242125,-9.8735285
897616000,897616000,0.040758435,-0.12026317,-9.538541
897664000,897664000,0.071414486,-0.05128095,-9.852045
897716000,897716000,0.088591754,-0.054410204,-9.636954
897764000,897764000,0.13018894,-0.08664078,-9.825263
897816000,897816000,-0.014550795,-0.0030186365,-9.801249
897864000,897864000,0.06551803,-0.033698115,-9.765178
897916000,897916000,0.011026925,-0.013360929,-9.6329565
897960000,897960000,0.09370723,-0.03019684,-9.632773
898012000,898012000,0.04939898,-0.070704706,-9.939267
898064000,898064000,0.06747804,-0.0753314,-9.580392
898116000,898116000,-0.004615391,-0.037770405,-10.018422
898164000,898164000,0.041362938,-0.097054176,-9.737979
898216000,898216000,0.06059854,-0.038202353,-9.643102
898264000,898264000,0.08769412,-0.11231998,-9.90232
898316000,898316000,0.09596869,-0.060492832,-9.727172
898364000,898364000,0.093406275,-0.09135495,-9.620514
898416000,898416000,0.08444542,-0.088417605,-9.680204
898464000,898464000,-0.042304005,0.015534527,-10.002724
898516000,898516000,0.112153344,-0.067947395,-9.929701
898564000,898564000,0.0062512825,-0.037911523,-10.056401
898616000,898616000,0.05458595,-0.17597932,-9.710662
898664000,898664000,0.08366585,-0.040210098,-10.003263
898716000,898716000,0.12342319,-0.16216403,-9.628783
898764000,898764000,0.09529248,-0.17244893,-9.7119665
898816000,898816000,0.11527188,-0.004131197,-9.974092
898864000,898864000,0.02344369,-0.067530654,-9.626151
898916000,898916000,0.09692168,-0.08505575,-9.593936
898964000,898964000,0.099704616,-0.029819835,-9.921552
899016000,899016000,-0.010401353,-0.04475309,-9.949817
899064000,899064000,0.059534777,-0.07245658,-9.603525
899116000,899116000,-0.0031073822,-0.07657545,-9.755891
899164000,899164000,0.06284138,-0.13021015,-9.834713
899216000,899216000,0.05222682,-0.09103946,-9.590978
899264000,899264000,0.08473482,-0.12610714,-9.738405
899316000,899316000,0.073206484,-0.080757275,-9.844505
899364000,899364000,0.024243306,-0.06123112,-9.701537
899416000,899416000,0.083725356,-0.14651589,-9.825613
899464000,899464000,0.031392127,-0.04716145,-9.850442
899516000,899516000,0.035006415,-0.1106285,-9.850655
899564000,899564000,0.0135413045,-0.09092074,-9.968668
899616000,899616000,0.084119245,-0.08657955,-9.7760515
899660000,899660000,0.05686487,-0.05872557,-9.868331
899712000,899712000,0.066255994,-0.0710388,-9.791627
899764000,899764000,0.10350895,-0.037333667,-9.758651
899816000,899816000,0.053893495,-0.13594751,-9.931092
899860000,899860000,0.05684476,-0.039223973,-9.76079
899916000,899916000,0.02736572,-0.0703871,-9.8752165
899964000,899964000,0.08754608,-0.10275468,-9.898263
900016000,900016000,0.055805024,-0.07016359,-9.929315
900064000,900064000,0.051090706,-0.020006362,-9.848838
900116000,900116000,0.009891961,-0.05229247,-9.734164
900164000,900164000,0.019985845,-0.059130527,-9.794494
