timestamp,timestamp_sample,output_tracking_error[0],output_tracking_error[1],output_tracking_error[2],control_mode_flags,filter_fault_flags,pos_horiz_accuracy,pos_vert_accuracy,mag_test_ratio,vel_test_ratio,pos_test_ratio,hgt_test_ratio,tas_test_ratio,hagl_test_ratio,beta_test_ratio,time_slip,accel_device_id,gyro_device_id,baro_device_id,mag_device_id,gps_check_fail_flags,innovation_check_flags,solution_status_flags,reset_count_vel_ne,reset_count_vel_d,reset_count_pos_ne,reset_count_pod_d,reset_count_quat,pre_flt_fail_innov_heading,pre_flt_fail_innov_vel_horiz,pre_flt_fail_innov_vel_vert,pre_flt_fail_innov_height,pre_flt_fail_mag_field_disturbed,health_flags,timeout_flags
829260000,829180000,0.00022599651,0.0031341915,0.00054796174,67109399,0,0.056077734,0.060122535,0.0041181417,0.010361561,0.0013524066,0.0027819204,0.0,0.0,0.0,0.0,1310988,1310988,6620172,197644,0,0,895,2,1,2,0,4,0,0,0,0,0,0,0
829268000,829188000,0.00022361473,0.0029553657,0.0005465801,67109399,0,0.0560779,0.06012262,0.0041181417,0.010361561,0.0013524066,0.0027819204,0.0,0.0,0.0,0.0,1310988,1310988,6620172,197644,0,0,895,2,1,2,0,4,0,0,0,0,0,0,0
829460000,829380000,0.00010878048,0.004002594,0.00025914205,67109399,0,0.056047417,0.06010234,0.00035576502,0.001963676,0.001288651,0.005644047,0.0,0.0,0.0,0.0,1310988,1310988,6620172,197644,0,0,895,2,1,2,0,4,0,0,0,0,0,0,0
829660000,829580000,0.00019510172,0.004877361,0.00094035524,67109399,0,0.056061227,0.060073353,0.019945724,0.001963676,0.001288651,0.0009772903,0.0,0.0,0.0,0.0,1310988,1310988,6620172,197644,0,0,895,2,1,2,0,4,0,0,0,0,0,0,0
829860000,829780000,2.6074824e-05,0.0042216876,0.0013582082,67109399,0,0.056031026,0.06005327,0.005396431,0.023561377,0.0014024678,0.0009546236,0.0,0.0,0.0,0.0,1310988,1310988,6620172,197644,0,0,895,2,1,2,0,4,0,0,0,0,0,0,0
830060000,829980000,0.0001070642,0.0036305357,0.0014315788,67109399,0,0.056000914,0.06002439,0.007244817,0.0074508544,0.0013875559,0.0021760191,0.0,0.0,0.0,0.0,1310988,1310988,6620172,197644,0,0,895,2,1,2,0,4,0,0,0,0,0,0,0
830260000,830180000,2.6681255e-05,0.002824194,0.0014245133,67109399,0,0.056004293,0.060021468,0.0043385937,0.01311015,0.0013552051,0.0032221824,0.0,0.0,0.0,0.0,1310988,1310988,6620172,197644,0,0,895,2,1,2,0,4,0,0,0,0,0,0,0
830460000,830380000,4.140521e-05,0.0032819798,0.0016160156,67109399,0,0.055968747,0.0599987,0.0034891516,0.014901888,0.001404282,0.001290268,0.0,0.0,0.0,0.0,1310988,1310988,6620172,197644,0,0,895,2,1,2,0,4,0,0,0,0,0,0,0
830660000,830580000,0.0001054506,0.0016893153,0.000730048,67109399,0,0.05593375,0.059967395,0.0054432657,0.0020490994,0.001318079,0.0011621132,0.0,0.0,0.0,0.0,1310988,1310988,6620172,197644,0,0,895,2,1,2,0,4,0,0,0,0,0,0,0
830860000,830780000,0.00015494121,0.0031142049,0.0010805068,67109399,0,0.055943027,0.059945177,0.02090196,0.0020490994,0.001318079,0.003848138,0.0,0.0,0.0,0.0,1310988,1310988,6620172,197644,0,0,895,2,1,2,0,4,0,0,0,0,0,0,0
831060000,830980000,0.00011483058,0.002427811,0.0009787928,67109399,0,0.055908907,0.059923183,0.0056359465,0.0042231777,0.0012850966,0.004147167,0.0,0.0,0.0,0.0,1310988,1310988,6620172,197644,0,0,895,2,1,2,0,4,0,0,0,0,0,0,0
831260000,831180000,7.639665e-05,0.0035347454,0.0013946325,67109399,0,0.05591898,0.05989266,0.0072731976,0.0042231777,0.0012850966,0.0068933475,0.0,0.0,0.0,0.0,1310988,1310988,6620172,197644,0,0,895,2,1,2,0,4,0,0,0,0,0,0,0
831460000,831380000,0.000104315666,0.0042464035,0.0017251611,67109399,0,0.055885714,0.059871133,0.012880903,0.004287775,0.0012615598,0.00052221015,0.0,0.0,0.0,0.0,1310988,1310988,6620172,197644,0,0,895,2,1,2,0,4,0,0,0,0,0,0,0
831660000,831580000,0.0001116085,0.0045167,0.0018843564,67109399,0,0.055852924,0.059849825,0.0019300074,0.0042350027,0.0013386173,0.011418881,0.0,0.0,0.0,0.0,1310988,1310988,6620172,197644,0,0,895,2,1,2,0,4,0,0,0,0,0,0,0
831860000,831780000,9.471811e-05,0.002859878,0.0015159323,67109399,0,0.05582055,0.059819978,0.013887927,0.0069963476,0.001315885,0.0004010296,0.0,0.0,0.0,0.0,1310988,1310988,6620172,197644,0,0,895,2,1,2,0,4,0,0,0,0,0,0,0
832060000,831980000,9.184082e-05,0.004917353,0.0016155203,67109399,0,0.05578858,0.059799068,0.005946695,0.013087467,0.001360263,0.0023329463,0.0,0.0,0.0,0.0,1310988,1310988,6620172,197644,0,0,895,2,1,2,0,4,0,0,0,0,0,0,0
832260000,832180000,9.906534e-05,0.0011925221,0.0006493652,67109399,0,0.055800367,0.059769623,0.005180859,0.013087467,0.001360263,0.0032117248,0.0,0.0,0.0,0.0,1310988,1310988,6620172,197644,0,0,895,2,1,2,0,4,0,0,0,0,0,0,0
832460000,832380000,0.00013979927,0.0040958277,0.0010127476,67109399,0,0.055769026,0.059749067,0.005375836,0.0071139303,0.0012493186,0.0056937505,0.0,0.0,0.0,0.0,1310988,1310988,6620172,197644,0,0,895,2,1,2,0,4,0,0,0,0,0,0,0
832660000,832580000,0.00014229064,0.005154385,0.0015939223,67109399,0,0.05573803,0.05972867,0.012797769,0.022685688,0.0012496054,0.0063022696,0.0,0.0,0.0,0.0,1310988,1310988,6620172,197644,0,0,895,2,1,2,0,4,0,0,0,0,0,0,0
832860000,832780000,0.00013185875,0.0040947874,0.0015926777,67109399,0,0.055707347,0.059699737,6.956641e-05,0.00691777,0.0013656799,0.010381442,0.0,0.0,0.0,0.0,1310988,1310988,6620172,197644,0,0,895,2,1,2,0,4,0,0,0,0,0,0,0
833060000,832980000,0.00014596543,0.002184632,0.0011478552,67109399,0,0.05567696,0.059679635,0.014615506,0.0070851976,0.0013832686,0.003122802,0.0,0.0,0.0,0.0,1310988,1310988,6620172,197644,0,0,895,2,1,2,0,4,0,0,0,0,0,0,0
833260000,833180000,0.00016765916,0.0026043337,0.0009219421,67109399,0,0.055646848,0.05965966,0.001773028,0.009127292,0.001405747,0.005079131,0.0,0.0,0.0,0.0,1310988,1310988,6620172,197644,0,0,895,2,1,2,0,4,0,0,0,0,0,0,0
833460000,833380000,0.00016352274,0.0035818217,0.0011560406,67109399,0,0.055660043,0.059631143,0.004587108,0.009127292,0.001405747,0.0050451313,0.0,0.0,0.0,0.0,1310988,1310988,6620172,197644,0,0,895,2,1,2,0,4,0,0,0,0,0,0,0
833660000,833580000,0.00033126835,0.0065952535,0.0018801151,67109399,0,0.055630315,0.0596114,0.018209912,0.019449458,0.0012157799,0.003083572,0.0,0.0,0.0,0.0,1310988,1310988,6620172,197644,0,0,895,2,1,2,0,4,0,0,0,0,0,0,0
833860000,833780000,0.00016352032,0.0036354654,0.0018554761,67109399,0,0.055643816,0.05958312,0.022271609,0.019449458,0.0012157799,0.001448939,0.0,0.0,0.0,0.0,1310988,1310988,6620172,197644,0,0,895,2,1,2,0,4,0,0,0,0,0,0,0
834060000,833980000,0.00013899243,0.00411643,0.0014593513,67109399,0,0.055614382,0.059563573,0.00709226,0.010567379,0.0012455106,0.0006695459,0.0,0.0,0.0,0.0,1310988,1310988,6620172,197644,0,0,895,2,1,2,0,4,0,0,0,0,0,0,0
834260000,834180000,9.8496486e-05,0.0018847054,0.0008927699,67109399,0,0.055585124,0.059544105,0.034660984,0.01289201,0.0014837636,0.0026529012,0.0,0.0,0.0,0.0,1310988,1310988,6620172,197644,0,0,895,2,1,2,0,4,0,0,0,0,0,0,0
834460000,834380000,0.000110226014,0.0029064615,0.0006493141,67109399,0,0.05555602,0.059516102,0.013885659,0.010033613,0.0014810727,0.0018926881,0.0,0.0,0.0,0.0,1310988,1310988,6620172,197644,0,0,895,2,1,2,0,4,0,0,0,0,0,0,0
834660000,834580000,0.0001511996,0.002490285,0.00056499627,67109399,0,0.055527057,0.05949677,0.009995275,0.016855203,0.0007250249,0.0043023564,0.0,0.0,0.0,0.0,1310988,1310988,6620172,197644,0,0,895,2,1,2,0,4,0,0,0,0,0,0,0
834860000,834780000,0.00016069856,0.0039347704,0.00089920836,67109399,0,0.055540994,0.05947749,0.02668646,0.016855203,0.0007250249,0.0017279172,0.0,0.0,0.0,0.0,1310988,1310988,6620172,197644,0,0,895,2,1,2,0,4,0,0,0,0,0,0,0
835060000,834980000,8.4166204e-05,0.0018960277,0.0007741626,67109399,0,0.055512138,0.059449676,0.003393646,0.013127345,0.000794251,0.0049161077,0.0,0.0,0.0,0.0,1310988,1310988,6620172,197644,0,0,895,2,1,2,0,4,0,0,0,0,0,0,0
835260000,835180000,0.0002369301,0.004130197,0.000632339,67109399,0,0.055483367,0.05943049,0.016413061,0.002003734,0.0007518279,0.004749594,0.0,0.0,0.0,0.0,1310988,1310988,6620172,197644,0,0,895,2,1,2,0,4,0,0,0,0,0,0,0
835460000,835380000,7.3187104e-05,0.0013062898,0.00058795616,67109399,0,0.055488385,0.05942002,0.017412009,0.014433276,0.0014746103,0.0032849617,0.0,0.0,0.0,0.0,1310988,1310988,6620172,197644,0,0,895,2,1,2,0,4,0,0,0,0,0,0,0
835660000,835580000,0.00011048346,0.002903591,0.0011823383,67109399,0,0.055454127,0.059398074,0.012014962,0.0012595635,0.0014484115,0.0015614032,0.0,0.0,0.0,0.0,1310988,1310988,6620172,197644,0,0,895,2,1,2,0,4,0,0,0,0,0,0,0
835860000,835780000,4.0881332e-05,0.0017619997,0.0010025912,67109399,0,0.05542041,0.059376396,0.015764963,0.008913533,0.0013135831,0.00070441875,0.0,0.0,0.0,0.0,1310988,1310988,6620172,197644,0,0,895,2,1,2,0,4,0,0,0,0,0,0,0
836060000,835980000,0.00011445611,0.0016668806,0.0008560393,67109399,0,0.05542977,0.059346456,0.01814777,0.008913533,0.0013135831,0.008046764,0.0,0.0,0.0,0.0,1310988,1310988,6620172,197644,0,0,895,2,1,2,0,4,0,0,0,0,0,0,0
836260000,836180000,6.3641986e-05,0.00046121553,0.00039223788,1049239,0,0.055396933,0.05932528,0.018886315,0.017541526,0.00077773246,1.1754944e-38,0.0,0.0,0.0,0.0,1310988,1310988,6620172,197644,0,0,895,2,1,2,0,4,0,0,0,0,0,0,0
836460000,836380000,2.648652e-05,0.0011181012,0.00035383893,1049239,0,0.055691373,0.059449118,0.0010549335,0.017541526,0.00077773246,0.002949317,0.0,0.0,0.0,0.0,1310988,1310988,6620172,197644,0,0,895,2,1,2,0,4,0,0,0,0,0,0,0
836660000,836580000,0.00013111647,0.0013849317,0.00054645893,1049239,0,0.056589145,0.05991011,0.028885676,0.004183231,0.0016343213,1.1754944e-38,0.0,0.0,0.0,0.0,1310988,1310988,6620172,197644,0,0,895,2,1,2,0,4,0,0,0,0,0,0,0
836860000,836780000,0.00012940851,0.0014750673,0.0006395928,1049239,0,0.058544833,0.0609801,0.011634638,0.025676902,0.0018043566,1.1754944e-38,0.0,0.0,0.0,0.0,1310988,1310988,6620172,197644,0,0,895,2,1,2,0,4,0,0,0,0,0,0,0
837060000,836980000,7.89363e-05,0.0015254258,0.0007294987,1049239,0,0.061931375,0.06291092,0.0037286526,0.0035044283,0.0007612743,0.0016328626,0.0,0.0,0.0,0.0,1310988,1310988,6620172,197644,0,0,895,2,1,2,0,4,0,0,0,0,0,0,0
837260000,837180000,3.5227804e-05,0.0019065085,0.00088200235,1049239,0,0.06700907,0.06596692,0.003956421,0.028345294,0.0019740865,0.0023276454,0.0,0.0,0.0,0.0,1310988,1310988,6620172,197644,0,0,895,2,1,2,0,4,0,0,0,0,0,0,0
837460000,837380000,5.376183e-05,0.0014966568,0.00074536033,1049239,0,0.07439024,0.0704349,0.013769211,0.028345294,0.0019740865,0.0004969028,0.0,0.0,0.0,0.0,1310988,1310988,6620172,197644,0,0,895,2,1,2,0,4,0,0,0,0,0,0,0
837660000,837580000,5.7033834e-05,0.0009333611,0.0007097629,1049239,0,0.08334344,0.076215826,0.0044827405,0.026235001,0.0031255833,1.1754944e-38,0.0,0.0,0.0,0.0,1310988,1310988,6620172,197644,0,0,895,2,1,2,0,4,0,0,0,0,0,0,0
837860000,837780000,0.00017736517,0.0018476715,0.0018513043,663,0,0.09397407,0.08339378,0.019236255,0.034844566,0.0044030035,0.000837695,0.0,0.0,0.0,0.0,1310988,1310988,6620172,197644,0,0,895,2,1,2,0,4,0,0,0,0,0,0,0
838060000,837980000,8.704578e-05,0.0013483985,0.0019046364,663,0,0.10598372,0.091863476,0.0004315846,0.025397431,0.0057907435,0.0003608611,0.0,0.0,0.0,0.0,1310988,1310988,6620172,197644,0,0,895,2,1,2,0,4,0,0,0,0,0,0,0
838260000,838180000,0.00012543784,0.0021137272,0.00280101,663,0,0.11890097,0.10144228,0.009534069,0.029305661,0.005059571,0.0027471813,0.0,0.0,0.0,0.0,1310988,1310988,6620172,197644,0,0,895,2,1,2,0,4,0,0,0,0,0,0,0
838460000,838380000,8.473103e-05,0.0032189824,0.0041046557,663,0,0.13231115,0.1120346,0.01074217,0.03321451,0.0065672654,0.0010065818,0.0,0.0,0.0,0.0,1310988,1310988,6620172,197644,0,0,895,2,1,2,0,4,0,0,0,0,0,0,0
838660000,838580000,0.0052588475,0.0013107505,0.0019402225,8389271,0,0.1500179,0.12482164,0.032830235,0.03321451,0.0065672654,0.0025462443,0.0,0.0,0.0,0.0,1310988,1310988,6620172,197644,0,0,895,2,1,2,0,5,0,0,0,0,0,0,0
838860000,838780000,0.003796767,0.002630141,0.004246542,8389271,0,0.16358331,0.13697457,0.0035056935,0.024390819,0.008642724,0.0034563222,0.0,0.0,0.0,0.0,1310988,1310988,6620172,197644,0,0,895,2,1,2,0,5,0,0,0,0,0,0,0
839060000,838980000,0.001789624,0.0010870514,0.0019198089,8389271,0,0.18207759,0.15191923,0.029772941,0.024390819,0.008642724,0.004110892,0.0,0.0,0.0,0.0,1310988,1310988,6620172,197644,0,0,895,2,1,2,0,5,0,0,0,0,0,0,0
839260000,839180000,0.0014538553,0.0018131661,0.0036124878,8389271,0,0.19452474,0.16491987,0.016889462,0.021460459,0.01089238,0.0047537126,0.0,0.0,0.0,0.0,1310988,1310988,6620172,197644,0,0,895,2,1,2,0,5,0,0,0,0,0,0,0
839460000,839380000,0.0010942561,0.0039867028,0.006441459,8389271,0,0.20627631,0.17817587,0.016701851,0.020939093,0.012657352,0.0020081457,0.0,0.0,0.0,0.0,1310988,1310988,6620172,197644,0,0,895,2,1,2,0,5,0,0,0,0,0,0,0
839660000,839580000,0.0007573728,0.0045103924,0.0076247635,8389271,0,0.2173596,0.19140975,0.016812516,0.02592355,0.014334087,0.0044324407,0.0,0.0,0.0,0.0,1310988,1310988,6620172,197644,0,0,895,2,1,2,0,5,0,0,0,0,0,0,0
839860000,839780000,0.0010822787,0.0034998902,0.0064699063,8389271,0,0.22778822,0.20416193,0.028642572,0.010846356,0.013355333,0.00132224,0.0,0.0,0.0,0.0,1310988,1310988,6620172,197644,0,0,895,2,1,2,0,5,0,0,0,0,0,0,0
840060000,839980000,0.0008705749,0.00058729784,0.0019044366,8389271,0,0.24807258,0.22189225,0.01874022,0.010846356,0.013355333,0.004147608,0.0,0.0,0.0,0.0,1310988,1310988,6620172,197644,0,0,895,2,1,2,0,5,0,0,0,0,0,0,0
840260000,840180000,0.00072742655,0.0023579178,0.004304351,8389271,0,0.2571887,0.23404005,0.010372705,0.014031673,0.013131502,0.003945415,0.0,0.0,0.0,0.0,1310988,1310988,6620172,197644,0,0,895,2,1,2,0,5,0,0,0,0,0,0,0
840460000,840380000,0.00029500207,0.004870789,0.008332449,8389271,0,0.2655401,0.24620949,0.009229071,0.02868691,0.014707699,0.0018944513,0.0,0.0,0.0,0.0,1310988,1310988,6620172,197644,0,0,895,2,1,2,0,5,0,0,0,0,0,0,0
840660000,840580000,9.08595e-05,0.0044199713,0.0072959703,8389271,0,0.27311948,0.25791028,0.0018606622,0.013950015,0.014072798,0.0042212694,0.0,0.0,0.0,0.0,1310988,1310988,6620172,197644,0,0,895,2,1,2,0,5,0,0,0,0,0,0,0
840860000,840780000,0.00061334716,0.0053576864,0.008780007,8389271,0,0.27997026,0.26832125,0.00164954,0.01677751,0.012909343,0.0035870627,0.0,0.0,0.0,0.0,1310988,1310988,6620172,197644,0,0,895,2,1,2,0,5,0,0,0,0,0,0,0
841060000,840980000,0.00034084762,0.005586166,0.009340385,8389271,0,0.28613552,0.27892646,0.0106205335,0.018408623,0.012979654,0.0012740928,0.0,0.0,0.0,0.0,1310988,1310988,6620172,197644,0,0,895,2,1,2,0,5,0,0,0,0,0,0,0
841260000,841180000,0.00031609487,0.0011097989,0.0030598766,8389271,0,0.30869403,0.29556718,0.014083836,0.018408623,0.012979654,0.00526937,0.0,0.0,0.0,0.0,1310988,1310988,6620172,197644,0,0,831,2,1,2,0,5,0,0,0,0,0,0,0
841460000,841380000,0.0007524542,0.0058094766,0.008054782,8389271,0,0.31230962,0.30487186,0.036042668,0.020952746,0.011049528,0.00074443535,0.0,0.0,0.0,0.0,1310988,1310988,6620172,197644,0,0,831,2,1,2,0,5,0,0,0,0,0,0,0
841660000,841580000,0.0005427555,0.0046783173,0.00695976,8389271,0,0.3371382,0.3222561,0.011399505,0.020952746,0.011049528,0.007991196,0.0,0.0,0.0,0.0,1310988,1310988,6620172,197644,0,0,831,2,1,2,0,5,0,0,0,0,0,0,0
841860000,841780000,0.00065421296,0.019209966,0.02772741,8389271,0,0.33707386,0.32861993,0.005063565,0.052022558,0.009961722,0.00073873525,0.0,0.0,0.0,0.0,1310988,1310988,6620172,197644,0,0,831,2,1,2,0,5,0,0,0,0,0,0,0
842060000,841980000,0.0010130756,0.024638133,0.03725398,8389271,0,0.33720434,0.3358573,0.00077199744,0.058070477,0.009740873,0.001608306,0.0,0.0,0.0,0.0,1310988,1310988,6620172,197644,0,0,831,2,1,2,0,5,0,0,0,0,0,0,0
842260000,842180000,0.0019488087,0.028239429,0.040334113,8389271,0,0.3374189,0.34262612,0.009779615,0.0728349,0.0101946695,0.0004155874,0.0,0.0,0.0,0.0,1310988,1310988,6620172,197644,0,0,831,2,1,2,0,5,0,0,0,0,0,0,0
842460000,842380000,0.0019377596,0.030414006,0.044314507,8389271,0,0.33764777,0.347249,0.013901018,0.07958588,0.009436965,0.005224982,0.0,0.0,0.0,0.0,1310988,1310988,6620172,197644,0,0,831,2,1,2,0,5,0,0,0,0,0,0,0
842660000,842580000,0.00019150252,0.011891161,0.0200378,8389271,0,0.36075234,0.36233583,0.0047044866,0.07958588,0.009436965,0.0010737566,0.0,0.0,0.0,0.0,1310988,1310988,6620172,197644,0,0,831,2,1,2,0,5,0,0,0,0,0,0,0
842860000,842780000,0.0023171802,0.023547977,0.03666445,8389351,0,0.35832614,0.3673535,0.011613027,0.094157934,0.0064670676,0.0021472932,0.0,0.0,0.0,0.0,1310988,1310988,6620172,197644,0,0,831,2,1,2,0,5,0,0,0,0,0,0,0
843060000,842980000,0.002436693,0.028964285,0.046939097,8389351,0,0.35633135,0.36996242,0.03644946,0.09788717,0.006859252,0.002710452,0.0,0.0,0.0,0.0,1310988,1310988,6620172,197644,0,0,831,2,1,2,0,5,0,0,0,0,0,0,0
843260000,843180000,0.002035933,0.029652607,0.05253005,8389351,0,0.35462505,0.37430787,0.013408681,0.09130469,0.0067821397,0.0040447186,0.0,0.0,0.0,0.0,1310988,1310988,6620172,197644,0,0,831,2,1,2,0,5,0,0,0,0,0,0,0
843460000,843380000,0.0016358205,0.025608106,0.04730563,8389351,0,0.35311726,0.37621105,0.014246072,0.08468036,0.005473359,0.0056375843,0.0,0.0,0.0,0.0,1310988,1310988,6620172,197644,0,0,831,2,1,2,0,5,0,0,0,0,0,0,0
843660000,843580000,0.0013765754,0.021636259,0.038790554,8389351,0,0.35174695,0.38000783,0.013923206,0.08049353,0.005846488,0.010787075,0.0,0.0,0.0,0.0,1310988,1310988,6620172,197644,0,0,831,2,1,2,0,5,0,0,0,0,0,0,0
843860000,843780000,9.233713e-05,0.0040678773,0.009265941,8389351,0,0.372491,0.3898772,0.020305714,0.08049353,0.005846488,0.0002478264,0.0,0.0,0.0,0.0,1310988,1310988,6620172,197644,0,0,831,2,1,2,0,5,0,0,0,0,0,0,0
844060000,843980000,0.0005976351,0.008105981,0.016713936,8389351,0,0.36888817,0.39266828,0.020592893,0.052241318,0.005821158,0.0026887183,0.0,0.0,0.0,0.0,1310988,1310988,6620172,197644,0,0,831,2,1,2,0,5,0,0,0,0,0,0,0
844260000,844180000,5.0526523e-05,0.00596416,0.008804224,8389351,0,0.39075738,0.4042407,0.012457858,0.052241318,0.005821158,0.0065963417,0.0,0.0,0.0,0.0,1310988,1310988,6620172,197644,0,0,831,2,1,2,0,5,0,0,0,0,0,0,0
844460000,844380000,0.00036025082,0.0061436403,0.014974632,8389351,0,0.3844721,0.40334663,0.0042865425,0.03988177,0.009422204,0.009590806,0.0,0.0,0.0,0.0,1310988,1310988,6620172,197644,0,0,831,2,1,2,0,5,0,0,0,0,0,0,0
844660000,844580000,0.00024292171,0.008157641,0.02343255,8389351,0,0.3791839,0.40504503,0.007021337,0.05418959,0.007918586,0.0053475294,0.0,0.0,0.0,0.0,1310988,1310988,6620172,197644,0,0,831,2,1,2,0,5,0,0,0,0,0,0,0
844860000,844780000,0.00018167142,0.011105273,0.03244222,8389351,0,0.37463227,0.40396902,0.010011563,0.06727967,0.0069658356,0.0034029207,0.0,0.0,0.0,0.0,1310988,1310988,6620172,197644,0,0,831,2,1,2,0,5,0,0,0,0,0,0,0
845060000,844980000,0.00011506645,0.013140665,0.03855216,8389351,0,0.37064266,0.40552267,0.012867441,0.07120272,0.0075111953,0.006359771,0.0,0.0,0.0,0.0,1310988,1310988,6620172,197644,0,0,831,2,1,2,0,5,0,0,0,0,0,0,0
845260000,845180000,7.511405e-05,0.007411814,0.015825367,8389351,0,0.39042526,0.4151624,0.040442567,0.07120272,0.0075111953,0.0041735573,0.0,0.0,0.0,0.0,1310988,1310988,6620172,197644,0,0,831,2,1,2,0,5,0,0,0,0,0,0,0
845460000,845380000,3.362445e-05,0.011591065,0.026256863,8389351,0,0.3846993,0.4131833,0.011317492,0.06532834,0.008455071,0.0017083316,0.0,0.0,0.0,0.0,1310988,1310988,6620172,197644,0,0,831,2,1,2,0,5,0,0,0,0,0,0,0
845660000,845580000,0.0001195137,0.014328618,0.032964114,8389351,0,0.37971964,0.41409358,0.03125831,0.065943435,0.0069890027,0.005271536,0.0,0.0,0.0,0.0,1310988,1310988,6620172,197644,0,0,831,2,1,2,0,5,0,0,0,0,0,0,0
845860000,845780000,8.744049e-05,0.013589682,0.030765932,8389351,0,0.3752582,0.41494933,0.024990713,0.049149405,0.004009343,0.0061324076,0.0,0.0,0.0,0.0,1310988,1310988,6620172,197644,0,0,831,2,1,2,0,5,0,0,0,0,0,0,0
846060000,845980000,0.00026821642,0.018332543,0.042450745,8389351,0,0.37134382,0.41289172,0.005197516,0.08816177,0.008332295,0.006957203,0.0,0.0,0.0,0.0,1310988,1310988,6620172,197644,0,0,831,2,1,2,0,5,0,0,0,0,0,0,0
846260000,846180000,0.00010515725,0.017404025,0.041488018,8389271,0,0.36781457,0.41369748,0.0045601856,0.078002535,0.0078022243,0.006300265,0.0,0.0,0.0,0.0,1310988,1310988,6620172,197644,0,0,831,2,1,2,0,5,0,0,0,0,0,0,0
846460000,846380000,0.00016186865,0.009391558,0.018747568,8389271,0,0.38591936,0.42170876,0.008381992,0.078002535,0.0078022243,0.011586553,0.0,0.0,0.0,0.0,1310988,1310988,6620172,197644,0,0,831,2,1,2,0,5,0,0,0,0,0,0,0
846660000,846580000,0.00021706376,0.014621975,0.03188439,8389271,0,0.38074207,0.41902635,0.013442591,0.078966714,0.006630933,0.01117211,0.0,0.0,0.0,0.0,1310988,1310988,6620172,197644,0,0,831,2,1,2,0,5,0,0,0,0,0,0,0
846860000,846780000,1.8327955e-05,0.008439934,0.015761064,8389271,0,0.39996666,0.42683414,0.0009571967,0.078966714,0.006630933,0.010796594,0.0,0.0,0.0,0.0,1310988,1310988,6620172,197644,0,0,831,2,1,2,0,5,0,0,0,0,0,0,0
847060000,846980000,0.00065860845,0.015165047,0.029029278,8389271,0,0.39293692,0.42363504,0.006983934,0.06680313,0.011061591,0.013147874,0.0,0.0,0.0,0.0,1310988,1310988,6620172,197644,0,0,831,2,1,2,0,5,0,0,0,0,0,0,0
847260000,847180000,0.0004467037,0.016477078,0.03509001,8389271,0,0.38677162,0.42366526,0.01086627,0.08827375,0.0077298465,0.004978722,0.0,0.0,0.0,0.0,1310988,1310988,6620172,197644,0,0,831,2,1,2,0,5,0,0,0,0,0,0,0
847460000,847380000,0.00016602766,0.017963232,0.04278337,8389271,0,0.38135976,0.4206859,0.0026939795,0.09863277,0.007156757,0.005091745,0.0,0.0,0.0,0.0,1310988,1310988,6620172,197644,0,0,831,2,1,2,0,5,0,0,0,0,0,0,0
847660000,847580000,0.00026491017,0.014698836,0.03424058,8389271,0,0.37655544,0.42082995,0.0020996067,0.063938074,0.0074030044,0.0093351975,0.0,0.0,0.0,0.0,1310988,1310988,6620172,197644,0,0,831,2,1,2,0,5,0,0,0,0,0,0,0
847860000,847780000,6.225095e-05,0.005148853,0.0093666045,8389271,0,0.39464387,0.42474282,0.005876982,0.063938074,0.0074030044,0.008946534,0.0,0.0,0.0,0.0,1310988,1310988,6620172,197644,0,0,831,2,1,2,0,5,0,0,0,0,0,0,0
848060000,847980000,0.0005084429,0.008837357,0.01721572,8389271,0,0.38847873,0.42457482,0.0029083928,0.073659584,0.010959972,0.010721335,0.0,0.0,0.0,0.0,1310988,1310988,6620172,197644,0,0,831,2,1,2,0,5,0,0,0,0,0,0,0
848260000,848180000,0.00054322527,0.0121446885,0.02358771,8389271,0,0.38305125,0.42445567,0.015047342,0.07953813,0.009994819,0.0089467615,0.0,0.0,0.0,0.0,1310988,1310988,6620172,197644,0,0,831,2,1,2,0,5,0,0,0,0,0,0,0
848460000,848380000,0.0005472301,0.012579747,0.023698207,8389271,0,0.37822422,0.421285,0.011630229,0.06560789,0.0098180855,0.0032485644,0.0,0.0,0.0,0.0,1310988,1310988,6620172,197644,0,0,831,2,1,2,0,5,0,0,0,0,0,0,0
848660000,848580000,0.0001428797,0.009268409,0.01700329,8389271,0,0.3738961,0.42130205,0.011154272,0.057381835,0.00905919,0.005743691,0.0,0.0,0.0,0.0,1310988,1310988,6620172,197644,0,0,831,2,1,2,0,5,0,0,0,0,0,0,0
848860000,848780000,0.00023567743,0.008220174,0.014712034,8389271,0,0.36998993,0.41833827,0.0036855843,0.06790831,0.009866682,0.0045413575,0.0,0.0,0.0,0.0,1310988,1310988,6620172,197644,0,0,831,2,1,2,0,5,0,0,0,0,0,0,0
849060000,848980000,0.000115656105,0.0038536983,0.011021143,8389271,0,0.38723195,0.42473993,0.0028833707,0.06790831,0.009866682,0.005820787,0.0,0.0,0.0,0.0,1310988,1310988,6620172,197644,0,0,831,2,1,2,0,5,0,0,0,0,0,0,0
849260000,849180000,0.00026317107,0.0037027346,0.006994178,8389271,0,0.3819577,0.42456868,0.0052905185,0.047161598,0.007732629,0.008825523,0.0,0.0,0.0,0.0,1310988,1310988,6620172,197644,0,0,831,2,1,2,0,5,0,0,0,0,0,0,0
849460000,849380000,1.48805975e-05,0.0053893887,0.014405948,8389271,0,0.40049985,0.42791554,0.009357398,0.047161598,0.007732629,0.010196019,0.0,0.0,0.0,0.0,1310988,1310988,6620172,197644,0,0,831,2,1,2,0,5,0,0,0,0,0,0,0
849660000,849580000,0.0002823811,0.0034464244,0.0053138677,8389271,0,0.39337072,0.4274615,0.014882176,0.05047388,0.007593847,0.010604508,0.0,0.0,0.0,0.0,1310988,1310988,6620172,197644,0,0,831,2,1,2,0,5,0,0,0,0,0,0,0
849860000,849780000,0.00024277938,0.0046792226,0.006811464,8389271,0,0.38716382,0.427071,0.0034382655,0.041015908,0.006486821,0.009996658,0.0,0.0,0.0,0.0,1310988,1310988,6620172,197644,0,0,831,2,1,2,0,5,0,0,0,0,0,0,0
850060000,849980000,0.00025641252,0.0061693345,0.011099047,8389271,0,0.38169417,0.4236091,0.0053737694,0.047758885,0.0066687195,0.008061462,0.0,0.0,0.0,0.0,1310988,1310988,6620172,197644,0,0,831,2,1,2,0,5,0,0,0,0,0,0,0
850260000,850180000,0.00032539456,0.0051756804,0.00937175,8389271,0,0.3768268,0.42336762,0.009033891,0.044652186,0.0037235543,0.0159103,0.0,0.0,0.0,0.0,1310988,1310988,6620172,197644,0,0,831,2,1,2,0,5,0,0,0,0,0,0,0
850460000,850380000,4.8065267e-05,0.00374645,0.009938652,8389271,0,0.39461863,0.4296045,0.0041040126,0.044652186,0.0037235543,0.008630507,0.0,0.0,0.0,0.0,1310988,1310988,6620172,197644,0,0,831,2,1,2,0,5,0,0,0,0,0,0,0
850660000,850580000,0.00015709687,0.0049402933,0.01098684,8389271,0,0.38846692,0.42601794,0.008111242,0.02589948,0.008742021,0.0062956824,0.0,0.0,0.0,0.0,1310988,1310988,6620172,197644,0,0,831,2,1,2,0,5,0,0,0,0,0,0,0
850860000,850780000,0.00014540798,0.0069169635,0.011709549,8389271,0,0.38304216,0.42573315,0.004211269,0.03578172,0.0076731658,0.006235558,0.0,0.0,0.0,0.0,1310988,1310988,6620172,197644,0,0,831,2,1,2,0,5,0,0,0,0,0,0,0
851060000,850980000,0.0004359612,0.013559205,0.021538237,8389271,0,0.37820274,0.42239636,0.015615824,0.048669405,0.008362576,0.006483166,0.0,0.0,0.0,0.0,1310988,1310988,6620172,197644,0,0,831,2,1,2,0,5,0,0,0,0,0,0,0
851260000,851180000,0.0009853656,0.019869937,0.0321786,8389271,0,0.37385672,0.42223525,0.01825321,0.08447072,0.0076691248,0.011665058,0.0,0.0,0.0,0.0,1310988,1310988,6620172,197644,0,0,831,2,1,2,0,5,0,0,0,0,0,0,0
851460000,851380000,0.0017797042,0.02836318,0.046008352,9437927,0,0.36992168,0.41909948,0.016912406,0.111734115,0.008315371,1.1754944e-38,0.0,0.0,0.0,0.0,1310988,1310988,6620172,197644,0,0,831,2,1,2,0,5,0,0,0,0,0,0,0
851660000,851580000,0.00020223612,0.012409526,0.026095709,9437927,0,0.38710836,0.42504555,0.0060076835,0.111734115,0.008315371,1.1754944e-38,0.0,0.0,0.0,0.0,1310988,1310988,6620172,197644,0,0,831,2,1,2,0,5,0,0,0,0,0,0,0
851860000,851780000,0.0036120492,0.03235395,0.050044015,9437927,0,0.3818258,0.42480978,0.012802468,0.16517697,0.012886705,1.1754944e-38,0.0,0.0,0.0,0.0,1310988,1310988,6620172,197644,0,0,831,2,1,2,0,5,0,0,0,0,0,0,0
852060000,851980000,0.00022677172,0.011643236,0.025591187,9437927,0,0.40060812,0.42775178,0.010102428,0.16517697,0.012886705,1.1754944e-38,0.0,0.0,0.0,0.0,1310988,1310988,6620172,197644,0,0,831,2,1,2,0,5,0,0,0,0,0,0,0
852260000,852180000,0.0047165095,0.04379022,0.068594486,9437927,0,0.39337757,0.42731267,0.0062637934,0.19504806,0.022802772,1.1754944e-38,0.0,0.0,0.0,0.0,1310988,1310988,6620172,197644,0,0,831,2,1,2,0,5,0,0,0,0,0,0,0
852460000,852380000,0.0042528273,0.051582865,0.08337586,9437927,0,0.38712472,0.42379367,0.01842594,0.1710724,0.01857674,1.1754944e-38,0.0,0.0,0.0,0.0,1310988,1310988,6620172,197644,0,0,831,2,1,2,0,5,0,0,0,0,0,0,0
852660000,852580000,0.0032744638,0.04870416,0.082224585,9437927,0,0.38165334,0.42349762,0.015120996,0.15294968,0.0145259155,1.1754944e-38,0.0,0.0,0.0,0.0,1310988,1310988,6620172,197644,0,0,831,2,1,2,0,5,0,0,0,0,0,0,0
852860000,852780000,0.002378753,0.03938858,0.0702174,9437927,0,0.37686798,0.4232528,0.016222764,0.12012203,0.0131937,1.1754944e-38,0.0,0.0,0.0,0.0,1310988,1310988,6620172,197644,0,0,831,2,1,2,0,5,0,0,0,0,0,0,0
853060000,852980000,0.00015374416,0.012162746,0.0281937,9437927,0,0.39493904,0.42597923,0.024633734,0.12012203,0.0131937,1.1754944e-38,0.0,0.0,0.0,0.0,1310988,1310988,6620172,197644,0,0,831,2,1,2,0,5,0,0,0,0,0,0,0
853260000,853180000,0.0012810465,0.019693507,0.043034744,9437927,0,0.38873717,0.42560688,0.007634363,0.09516815,0.018341448,1.1754944e-38,0.0,0.0,0.0,0.0,1310988,1310988,6620172,197644,0,0,831,2,1,2,0,5,0,0,0,0,0,0,0
853460000,853380000,0.00081843935,0.019761022,0.046623867,9437927,0,0.38327914,0.42221978,0.02580362,0.06571297,0.015781898,1.1754944e-38,0.0,0.0,0.0,0.0,1310988,1310988,6620172,197644,0,0,831,2,1,2,0,5,0,0,0,0,0,0,0
853660000,853580000,0.00045773358,0.019308176,0.04633288,9437927,0,0.37842444,0.42204356,0.00606213,0.053587396,0.012857028,1.1754944e-38,0.0,0.0,0.0,0.0,1310988,1310988,6620172,197644,0,0,831,2,1,2,0,5,0,0,0,0,0,0,0
853860000,853780000,0.0003287989,0.020601526,0.046240304,9437927,0,0.3740729,0.41890886,0.01098035,0.04767332,0.010641488,1.1754944e-38,0.0,0.0,0.0,0.0,1310988,1310988,6620172,197644,0,0,831,2,1,2,0,5,0,0,0,0,0,0,0
854060000,853980000,0.00030034815,0.022048267,0.047140993,9437927,0,0.3701462,0.41891107,0.019267846,0.047910653,0.010770391,1.1754944e-38,0.0,0.0,0.0,0.0,1310988,1310988,6620172,197644,0,0,831,2,1,2,0,5,0,0,0,0,0,0,0
854260000,854180000,3.3136734e-05,0.017814111,0.03620239,9437927,0,0.38731894,0.42477694,0.009200937,0.047910653,0.010770391,1.1754944e-38,0.0,0.0,0.0,0.0,1310988,1310988,6620172,197644,0,0,831,2,1,2,0,5,0,0,0,0,0,0,0
854460000,854380000,0.0003193573,0.022049507,0.043363046,9437927,0,0.3820358,0.4215181,0.011618967,0.043980617,0.00866866,1.1754944e-38,0.0,0.0,0.0,0.0,1310988,1310988,6620172,197644,0,0,831,2,1,2,0,5,0,0,0,0,0,0,0
854660000,854580000,2.7899916e-05,0.017771486,0.03516108,9437927,0,0.40051916,0.42763066,0.009399325,0.043980617,0.00866866,1.1754944e-38,0.0,0.0,0.0,0.0,1310988,1310988,6620172,197644,0,0,831,2,1,2,0,5,0,0,0,0,0,0,0
854860000,854780000,0.0003786259,0.024161847,0.04819866,9437927,0,0.3933895,0.4241251,0.013807645,0.075720824,0.006977887,1.1754944e-38,0.0,0.0,0.0,0.0,1310988,1310988,6620172,197644,0,0,831,2,1,2,0,5,0,0,0,0,0,0,0
855060000,854980000,0.0003954534,0.025614927,0.051739246,9437927,0,0.38717887,0.4238597,0.02347149,0.06591499,0.0062716086,1.1754944e-38,0.0,0.0,0.0,0.0,1310988,1310988,6620172,197644,0,0,831,2,1,2,0,5,0,0,0,0,0,0,0
855260000,855180000,0.00035635813,0.02489428,0.050767686,9437847,0,0.38177186,0.4236536,0.0061393655,0.062312093,0.006418676,1.1754944e-38,0.0,0.0,0.0,0.0,1310988,1310988,6620172,197644,0,0,831,2,1,2,0,5,0,0,0,0,0,0,0
855460000,855380000,0.00037998494,0.026134461,0.052721124,9437847,0,0.37689263,0.42042604,0.011635108,0.070264794,0.0060170363,1.1754944e-38,0.0,0.0,0.0,0.0,1310988,1310988,6620172,197644,0,0,831,2,1,2,0,5,0,0,0,0,0,0,0
855660000,855580000,0.00010293182,0.015337383,0.030429114,9437847,0,0.3947188,0.42648676,0.012713873,0.070264794,0.0060170363,1.1754944e-38,0.0,0.0,0.0,0.0,1310988,1310988,6620172,197644,0,0,831,2,1,2,0,5,0,0,0,0,0,0,0
855860000,855780000,0.00060218293,0.024182554,0.03848464,9437847,0,0.38854316,0.42614824,0.021024346,0.06270915,0.004837219,0.0024278332,0.0,0.0,0.0,0.0,1310988,1310988,6620172,197644,0,0,831,2,1,2,0,5,0,0,0,0,0,0,0
856060000,855980000,0.0033041784,0.08843307,0.11343985,9437927,0,0.38293332,0.42277804,0.046278067,0.3064669,0.013054099,1.1754944e-38,0.0,0.0,0.0,0.0,1310988,1310988,6620172,197644,0,0,831,2,1,2,0,5,0,0,0,0,0,0,0
856260000,856180000,0.0057564573,0.1034017,0.12518996,9437927,0,0.37816176,0.42255977,0.03302408,0.18882982,0.005216685,0.0045158654,0.0,0.0,0.0,0.0,1310988,1310988,6620172,197644,0,0,831,2,1,2,0,5,0,0,0,0,0,0,0
856460000,856380000,0.008237115,0.12622893,0.1324463,9437927,0,0.3738578,0.4223374,0.019859094,0.24003673,0.006326828,1.1754944e-38,0.0,0.0,0.0,0.0,1310988,1310988,6620172,197644,0,0,831,2,1,2,0,5,0,0,0,0,0,0,0
856660000,856580000,0.0077916333,0.13185363,0.1320823,9437927,0,0.36996523,0.4190801,0.013278237,0.24151158,0.006359281,1.1754944e-38,0.0,0.0,0.0,0.0,1310988,1310988,6620172,197644,0,0,831,2,1,2,0,5,0,0,0,0,0,0,0
856860000,856780000,0.0006596024,0.050897244,0.06459457,9437927,0,0.38817057,0.4239481,0.007425982,0.24151158,0.006359281,0.00560019,0.0,0.0,0.0,0.0,1310988,1310988,6620172,197644,0,0,831,2,1,2,0,5,0,0,0,0,0,0,0
857060000,856980000,0.0048911106,0.07530037,0.09566579,9437927,0,0.38270754,0.42351812,0.013360305,0.20076624,0.018047672,0.002470445,0.0,0.0,0.0,0.0,1310988,1310988,6620172,197644,0,0,831,2,1,2,0,5,0,0,0,0,0,0,0
857260000,857180000,0.00032928158,0.02759112,0.045596175,9437927,0,0.40310758,0.4251295,0.054686263,0.20076624,0.018047672,0.012222721,0.0,0.0,0.0,0.0,1310988,1310988,6620172,197644,0,0,831,2,1,2,0,5,0,0,0,0,0,0,0
857460000,857380000,0.0027493492,0.059052832,0.099982366,9437927,0,0.39547256,0.42454696,0.01719332,0.14921585,0.029509911,0.004915513,0.0,0.0,0.0,0.0,1310988,1310988,6620172,197644,0,0,831,2,1,2,0,5,0,0,0,0,0,0,0
857660000,857580000,0.0017103999,0.06549355,0.11770272,9437927,0,0.38897836,0.42399138,0.038106207,0.16951093,0.018612262,0.005611734,0.0,0.0,0.0,0.0,1310988,1310988,6620172,197644,0,0,831,2,1,2,0,5,0,0,0,0,0,0,0
857860000,857780000,0.0009816814,0.061391268,0.113205604,9437927,0,0.38334137,0.4204002,0.035883468,0.14805348,0.01751607,0.008240987,0.0,0.0,0.0,0.0,1310988,1310988,6620172,197644,0,0,831,2,1,2,0,5,0,0,0,0,0,0,0
858060000,857980000,0.00078093313,0.05858022,0.10255602,9437927,0,0.37834737,0.4199074,0.016569179,0.14168692,0.016295768,0.0022374706,0.0,0.0,0.0,0.0,1310988,1310988,6620172,197644,0,0,831,2,1,2,0,5,0,0,0,0,0,0,0
858260000,858180000,8.0358746e-05,0.033788443,0.054426566,9437927,0,0.39657673,0.4238811,0.03338855,0.14168692,0.016295768,0.0016065994,0.0,0.0,0.0,0.0,1310988,1310988,6620172,197644,0,0,831,2,1,2,0,5,0,0,0,0,0,0,0
858460000,858380000,0.0007836448,0.04751802,0.07295567,9437927,0,0.39014456,0.42025572,0.019950598,0.105903864,0.023428299,0.0015954284,0.0,0.0,0.0,0.0,1310988,1310988,6620172,197644,0,0,831,2,1,2,0,5,0,0,0,0,0,0,0
858660000,858580000,0.0007044152,0.049552582,0.075749725,9437927,0,0.38449934,0.41975576,0.04537618,0.091222025,0.020897202,0.008037431,0.0,0.0,0.0,0.0,1310988,1310988,6620172,197644,0,0,831,2,1,2,0,5,0,0,0,0,0,0,0
858860000,858780000,0.001167359,0.053614788,0.07729206,9437927,0,0.37949052,0.41632468,0.021737816,0.100489095,0.017668815,0.0034015528,0.0,0.0,0.0,0.0,1310988,1310988,6620172,197644,0,0,831,2,1,2,0,5,0,0,0,0,0,0,0
859060000,858980000,0.0012078123,0.05982458,0.08415437,9437927,0,0.37501457,0.41593453,0.11564375,0.105638824,0.018406592,1.1754944e-38,0.0,0.0,0.0,0.0,1310988,1310988,6620172,197644,0,0,831,2,1,2,0,5,0,0,0,0,0,0,0
859260000,859180000,0.0012887614,0.05807984,0.08166473,9437927,0,0.37100413,0.41559738,0.048804782,0.11152072,0.013779023,0.0045632673,0.0,0.0,0.0,0.0,1310988,1310988,6620172,197644,0,0,831,2,1,2,0,5,0,0,0,0,0,0,0
859460000,859380000,1.07128835e-05,0.030255858,0.04653076,9437927,0,0.38853446,0.4162997,0.045961462,0.11152072,0.013779023,0.0025037667,0.0,0.0,0.0,0.0,1310988,1310988,6620172,197644,0,0,831,2,1,2,0,5,0,0,0,0,0,0,0
859660000,859580000,0.0018921819,0.045972686,0.065325186,9437927,0,0.3830816,0.41591173,0.04734745,0.13295944,0.0147972675,0.006222482,0.0,0.0,0.0,0.0,1310988,1310988,6620172,197644,0,0,831,2,1,2,0,5,0,0,0,0,0,0,0
859860000,859780000,7.7301054e-05,0.025021762,0.039299153,9437927,0,0.40239564,0.41957784,0.036058072,0.13295944,0.0147972675,0.0059268144,0.0,0.0,0.0,0.0,1310988,1310988,6620172,197644,0,0,831,2,1,2,0,5,0,0,0,0,0,0,0
860060000,859980000,0.0020568816,0.04757018,0.071234964,9437927,0,0.39488515,0.4161476,0.023245642,0.14187528,0.0152349025,0.005667268,0.0,0.0,0.0,0.0,1310988,1310988,6620172,197644,0,0,831,2,1,2,0,5,0,0,0,0,0,0,0
860260000,860180000,0.0018344265,0.05137444,0.07860921,9437927,0,0.38842815,0.41573685,0.02551722,0.12704472,0.01312224,0.0057523865,0.0,0.0,0.0,0.0,1310988,1310988,6620172,197644,0,0,831,2,1,2,0,5,0,0,0,0,0,0,0
860460000,860380000,0.0011857339,0.04476033,0.07094615,9437927,0,0.3827885,0.41535538,0.009096955,0.091909915,0.010126427,0.008790735,0.0,0.0,0.0,0.0,1310988,1310988,6620172,197644,0,0,831,2,1,2,0,5,0,0,0,0,0,0,0
860660000,860580000,0.0009264689,0.03684107,0.05900708,9437927,0,0.3778678,0.41211745,0.024669657,0.09100083,0.0102209365,0.0039986307,0.0,0.0,0.0,0.0,1310988,1310988,6620172,197644,0,0,831,2,1,2,0,5,0,0,0,0,0,0,0
860860000,860780000,5.9757436e-05,0.015002376,0.027718851,9437927,0,0.39633808,0.41553533,0.030847741,0.09100083,0.0102209365,0.008425174,0.0,0.0,0.0,0.0,1310988,1310988,6620172,197644,0,0,831,2,1,2,0,5,0,0,0,0,0,0,0
861060000,860980000,0.0005624219,0.01854486,0.034394577,9437927,0,0.38990992,0.41517937,0.02144125,0.09815179,0.0076139765,0.010050912,0.0,0.0,0.0,0.0,1310988,1310988,6620172,197644,0,0,831,2,1,2,0,5,0,0,0,0,0,0,0
861260000,861180000,0.00046732958,0.017450297,0.031902682,9437927,0,0.3842873,0.41198057,0.007150915,0.06017877,0.0067500537,0.008538477,0.0,0.0,0.0,0.0,1310988,1310988,6620172,197644,0,0,831,2,1,2,0,5,0,0,0,0,0,0,0
861460000,861380000,0.00023061596,0.012649361,0.026841937,9437927,0,0.37931266,0.41174808,0.009812445,0.06622271,0.0068984167,0.013192691,0.0,0.0,0.0,0.0,1310988,1310988,6620172,197644,0,0,831,2,1,2,0,5,0,0,0,0,0,0,0
861660000,861580000,0.0002585612,0.009756112,0.021757308,9437927,0,0.37487,0.40878212,0.01338736,0.04992704,0.006487691,0.011702816,0.0,0.0,0.0,0.0,1310988,1310988,6620172,197644,0,0,831,2,1,2,0,5,0,0,0,0,0,0,0
861860000,861780000,0.00015134484,0.006935871,0.016867924,9437927,0,0.37087327,0.40868795,0.022384599,0.061168045,0.0050311247,0.0059348433,0.0,0.0,0.0,0.0,1310988,1310988,6620172,197644,0,0,831,2,1,2,0,5,0,0,0,0,0,0,0
862060000,861980000,2.7719389e-05,0.0060450253,0.014611521,9437927,0,0.38865283,0.41233903,0.010833645,0.061168045,0.0050311247,0.014178989,0.0,0.0,0.0,0.0,1310988,1310988,6620172,197644,0,0,831,2,1,2,0,5,0,0,0,0,0,0,0
862260000,862180000,0.00013580528,0.0048385574,0.01470719,9437927,0,0.38318396,0.40949586,0.029129468,0.062439747,0.003980225,0.011878721,0.0,0.0,0.0,0.0,1310988,1310988,6620172,197644,0,0,831,2,1,2,0,5,0,0,0,0,0,0,0
862460000,862380000,1.0771957e-05,0.0074886386,0.016862243,9437927,0,0.40258127,0.41353428,0.024326308,0.062439747,0.003980225,0.010310258,0.0,0.0,0.0,0.0,1310988,1310988,6620172,197644,0,0,831,2,1,2,0,5,0,0,0,0,0,0,0
862660000,862580000,0.00012577685,0.0059625446,0.016338805,9437927,0,0.39512613,0.41070557,0.010434616,0.072100155,0.005387956,0.014712267,0.0,0.0,0.0,0.0,1310988,1310988,6620172,197644,0,0,831,2,1,2,0,5,0,0,0,0,0,0,0
862860000,862780000,0.00013259643,0.008986114,0.023604503,9437927,0,0.388706,0.41080981,0.028104397,0.082985386,0.0026154306,0.014565506,0.0,0.0,0.0,0.0,1310988,1310988,6620172,197644,0,0,831,2,1,2,0,5,0,0,0,0,0,0,0
863060000,862980000,0.000101207326,0.0075948276,0.018976122,9437847,0,0.38309535,0.41096216,0.006874403,0.05972088,0.0037527243,0.0075764516,0.0,0.0,0.0,0.0,1310988,1310988,6620172,197644,0,0,831,2,1,2,0,5,0,0,0,0,0,0,0
863260000,863180000,8.070612e-05,0.008155526,0.021198822,9437847,0,0.378066,0.40835693,0.0040563615,0.061710548,0.0015107202,0.009106048,0.0,0.0,0.0,0.0,1310988,1310988,6620172,197644,0,0,831,2,1,2,0,5,0,0,0,0,0,0,0
863460000,863380000,4.619576e-05,0.005970142,0.013158308,9437847,0,0.39661604,0.41295853,0.009377142,0.061710548,0.0015107202,0.013647505,0.0,0.0,0.0,0.0,1310988,1310988,6620172,197644,0,0,831,2,1,2,0,5,0,0,0,0,0,0,0
863660000,863580000,2.8862303e-05,0.0087139,0.01928958,9437847,0,0.39014944,0.41033724,0.0061433874,0.076421514,0.0040463395,0.011657195,0.0,0.0,0.0,0.0,1310988,1310988,6620172,197644,0,0,831,2,1,2,0,5,0,0,0,0,0,0,0
863860000,863780000,0.00016229939,0.008950996,0.021216583,9437847,0,0.38449448,0.41063756,0.011069506,0.08361717,0.0034422618,0.0099939965,0.0,0.0,0.0,0.0,1310988,1310988,6620172,197644,0,0,831,2,1,2,0,5,0,0,0,0,0,0,0
864060000,863980000,5.2774594e-05,0.0099653145,0.024662826,9437847,0,0.3794932,0.40821466,0.0009514057,0.07071401,0.0029513035,0.013043625,0.0,0.0,0.0,0.0,1310988,1310988,6620172,197644,0,0,831,2,1,2,0,5,0,0,0,0,0,0,0
864260000,864180000,1.31784445e-05,0.011253879,0.026279876,9437847,0,0.37503132,0.4086587,0.00328047,0.0774848,0.0024027482,0.01814071,0.0,0.0,0.0,0.0,1310988,1310988,6620172,197644,0,0,831,2,1,2,0,5,0,0,0,0,0,0,0
864460000,864380000,6.908326e-05,0.009513817,0.022437684,9437847,0,0.37101972,0.40912718,0.01089339,0.06756142,0.0028212317,0.014378453,0.0,0.0,0.0,0.0,1310988,1310988,6620172,197644,0,0,831,2,1,2,0,5,0,0,0,0,0,0,0
864660000,864580000,0.00010848335,0.00513591,0.010384916,9437847,0,0.38877282,0.41161945,0.015215297,0.06756142,0.0028212317,0.01587855,0.0,0.0,0.0,0.0,1310988,1310988,6620172,197644,0,0,831,2,1,2,0,5,0,0,0,0,0,0,0
864860000,864780000,7.5653165e-06,0.0066474546,0.013773485,9437847,0,0.38329667,0.4120883,0.0015873506,0.073705606,0.0035544352,0.019083623,0.0,0.0,0.0,0.0,1310988,1310988,6620172,197644,0,0,831,2,1,2,0,5,0,0,0,0,0,0,0
865060000,864980000,9.335752e-06,0.005756413,0.010798145,9437847,0,0.40246344,0.4150206,0.005473238,0.073705606,0.0035544352,0.017556982,0.0,0.0,0.0,0.0,1310988,1310988,6620172,197644,0,0,831,2,1,2,0,5,0,0,0,0,0,0,0
865260000,865180000,4.334267e-05,0.0060870256,0.0130866105,9437847,0,0.3950763,0.4153692,0.008544619,0.06845784,0.0027275255,0.018018967,0.0,0.0,0.0,0.0,1310988,1310988,6620172,197644,0,0,831,2,1,2,0,5,0,0,0,0,0,0,0
865460000,865380000,0.00014204167,0.008426543,0.018171275,8389271,0,0.38861284,0.41573012,0.030556742,0.076057464,0.0036809747,0.018901933,0.0,0.0,0.0,0.0,1310988,1310988,6620172,197644,0,0,831,2,1,2,0,5,0,0,0,0,0,0,0
865660000,865580000,5.680879e-05,0.010904432,0.024378229,8389271,0,0.38295498,0.4132328,0.022444306,0.07146497,0.0046083694,0.016002398,0.0,0.0,0.0,0.0,1310988,1310988,6620172,197644,0,0,831,2,1,2,0,5,0,0,0,0,0,0,0
865860000,865780000,8.473718e-05,0.011141691,0.022975663,8389271,0,0.3779451,0.4136699,0.00647865,0.059455775,0.0038819895,0.015583637,0.0,0.0,0.0,0.0,1310988,1310988,6620172,197644,0,0,831,2,1,2,0,5,0,0,0,0,0,0,0
866060000,865980000,5.6703208e-05,0.0056177764,0.010403056,8389271,0,0.3961677,0.41685727,0.012307304,0.059455775,0.0038819895,0.015967757,0.0,0.0,0.0,0.0,1310988,1310988,6620172,197644,0,0,831,2,1,2,0,5,0,0,0,0,0,0,0
866260000,866180000,5.074121e-05,0.006094746,0.011559436,8389271,0,0.38979095,0.4171554,0.0123277325,0.05744548,0.0050004898,0.017217401,0.0,0.0,0.0,0.0,1310988,1310988,6620172,197644,0,0,831,2,1,2,0,5,0,0,0,0,0,0,0
866460000,866380000,1.1597188e-05,0.0053790878,0.011451714,8389271,0,0.38419178,0.41455084,0.0031145476,0.059645053,0.004610639,0.0105098635,0.0,0.0,0.0,0.0,1310988,1310988,6620172,197644,0,0,831,2,1,2,0,5,0,0,0,0,0,0,0
866660000,866580000,0.0001206095,0.005828163,0.012299276,8389271,0,0.3792247,0.41493657,0.04522807,0.053842112,0.0058613885,0.015299605,0.0,0.0,0.0,0.0,1310988,1310988,6620172,197644,0,0,831,2,1,2,0,5,0,0,0,0,0,0,0
866860000,866780000,3.949608e-05,0.0050461525,0.009484436,8389271,0,0.37478232,0.41534472,0.00890395,0.054260205,0.0050846473,0.014902201,0.0,0.0,0.0,0.0,1310988,1310988,6620172,197644,0,0,831,2,1,2,0,5,0,0,0,0,0,0,0
867060000,866980000,0.000103990686,0.0069376635,0.01365779,8389271,0,0.37078214,0.41287154,0.014075573,0.06911837,0.005903412,0.007823048,0.0,0.0,0.0,0.0,1310988,1310988,6620172,197644,0,0,831,2,1,2,0,5,0,0,0,0,0,0,0
867260000,867180000,8.961698e-06,0.0035287512,0.008764079,8389271,0,0.38819653,0.41911408,0.0033152206,0.06911837,0.005903412,0.0148628615,0.0,0.0,0.0,0.0,1310988,1310988,6620172,197644,0,0,831,2,1,2,0,5,0,0,0,0,0,0,0
867460000,867380000,7.995531e-05,0.0035873747,0.0065641664,8389271,0,0.38280064,0.41638985,0.014179589,0.05267451,0.0046310443,0.008986364,0.0,0.0,0.0,0.0,1310988,1310988,6620172,197644,0,0,831,2,1,2,0,5,0,0,0,0,0,0,0
867660000,867580000,6.14231e-05,0.0057948814,0.014713457,8389271,0,0.4015298,0.42296544,0.030780328,0.05267451,0.0046310443,0.009372909,0.0,0.0,0.0,0.0,1310988,1310988,6620172,197644,0,0,831,2,1,2,0,5,0,0,0,0,0,0,0
867860000,867780000,5.6112654e-05,0.0015101354,0.0030918843,8389271,0,0.3942424,0.41994163,0.003611118,0.054090764,0.0064341035,0.019872747,0.0,0.0,0.0,0.0,1310988,1310988,6620172,197644,0,0,831,2,1,2,0,5,0,0,0,0,0,0,0
868060000,867980000,5.9704136e-05,0.0022764055,0.0048317397,8389271,0,0.38791424,0.42005095,0.013323351,0.03191169,0.0063246833,0.010873866,0.0,0.0,0.0,0.0,1310988,1310988,6620172,197644,0,0,831,2,1,2,0,5,0,0,0,0,0,0,0
868260000,868180000,0.00012359515,0.004069656,0.008287923,8389271,0,0.38234964,0.4172188,0.002990734,0.029578356,0.0062566465,0.0072988314,0.0,0.0,0.0,0.0,1310988,1310988,6620172,197644,0,0,831,2,1,2,0,5,0,0,0,0,0,0,0
868460000,868380000,7.7203826e-05,0.0028652549,0.0076329103,8389271,0,0.37747094,0.4174891,0.019750826,0.024036907,0.004878212,0.013077642,0.0,0.0,0.0,0.0,1310988,1310988,6620172,197644,0,0,831,2,1,2,0,5,0,0,0,0,0,0,0
868660000,868580000,3.061009e-05,0.0056917123,0.0149474135,8389271,0,0.3953925,0.4210249,0.014693395,0.024036907,0.004878212,0.007224291,0.0,0.0,0.0,0.0,1310988,1310988,6620172,197644,0,0,831,2,1,2,0,5,0,0,0,0,0,0,0
868860000,868780000,0.00010533186,0.0024873859,0.008142235,8389271,0,0.38913098,0.42109436,0.015087853,0.03645192,0.0017727758,0.009146499,0.0,0.0,0.0,0.0,1310988,1310988,6620172,197644,0,0,831,2,1,2,0,5,0,0,0,0,0,0,0
869060000,868980000,4.4998837e-05,0.0044547105,0.013876375,8389271,0,0.38361531,0.42118636,0.007685292,0.01310792,0.0020927545,0.007626709,0.0,0.0,0.0,0.0,1310988,1310988,6620172,197644,0,0,831,2,1,2,0,5,0,0,0,0,0,0,0
869260000,869180000,9.980011e-05,0.005607288,0.014009531,8389271,0,0.37871087,0.41828832,0.009158104,0.008556735,0.0023174065,0.0079608075,0.0,0.0,0.0,0.0,1310988,1310988,6620172,197644,0,0,831,2,1,2,0,5,0,0,0,0,0,0,0
869460000,869380000,0.00010084059,0.0042764577,0.011091792,8389271,0,0.37431675,0.41845152,0.0020155078,0.0221033,0.002008734,0.006871309,0.0,0.0,0.0,0.0,1310988,1310988,6620172,197644,0,0,831,2,1,2,0,5,0,0,0,0,0,0,0
869660000,869580000,6.8166926e-05,0.0045888387,0.012713252,8389271,0,0.37035498,0.41863102,0.015735155,0.008814644,0.0008731974,0.008295698,0.0,0.0,0.0,0.0,1310988,1310988,6620172,197644,0,0,831,2,1,2,0,5,0,0,0,0,0,0,0
869860000,869780000,2.6767499e-05,0.005834744,0.016108105,8389271,0,0.38761503,0.42193994,0.010724211,0.008814644,0.0008731974,0.009238245,0.0,0.0,0.0,0.0,1310988,1310988,6620172,197644,0,0,831,2,1,2,0,5,0,0,0,0,0,0,0
870060000,869980000,0.00016384992,0.007506723,0.019721108,8389271,0,0.3822899,0.42190474,0.016870271,0.019630298,0.0012970223,0.010081115,0.0,0.0,0.0,0.0,1310988,1310988,6620172,197644,0,0,831,2,1,2,0,5,0,0,0,0,0,0,0
870260000,870180000,5.446267e-05,0.0065573156,0.017767163,8389271,0,0.40088817,0.42849058,0.012757766,0.019630298,0.0012970223,0.018245867,0.0,0.0,0.0,0.0,1310988,1310988,6620172,197644,0,0,831,2,1,2,0,5,0,0,0,0,0,0,0
870460000,870380000,0.00014230172,0.00826217,0.019401481,8389271,0,0.3937762,0.42498747,0.005579132,0.02477286,0.0023401144,0.005916415,0.0,0.0,0.0,0.0,1310988,1310988,6620172,197644,0,0,831,2,1,2,0,5,0,0,0,0,0,0,0
870660000,870580000,0.0001608978,0.010223924,0.024867058,8389271,0,0.38750973,0.4247306,0.011156689,0.019149432,0.0031882932,0.004238571,0.0,0.0,0.0,0.0,1310988,1310988,6620172,197644,0,0,831,2,1,2,0,5,0,0,0,0,0,0,0
870860000,870780000,0.00013799174,0.007291726,0.016732566,8389271,0,0.38199326,0.42453012,0.0077297483,0.015916303,0.0014288464,0.014467841,0.0,0.0,0.0,0.0,1310988,1310988,6620172,197644,0,0,831,2,1,2,0,5,0,0,0,0,0,0,0
871060000,870980000,0.00015033706,0.009762072,0.023882011,8389271,0,0.37715393,0.42134765,0.017584927,0.026197933,0.0018554678,0.002976024,0.0,0.0,0.0,0.0,1310988,1310988,6620172,197644,0,0,831,2,1,2,0,5,0,0,0,0,0,0,0
871260000,871180000,9.59699e-05,0.005950659,0.016190503,8389271,0,0.39505014,0.42772725,0.0043222015,0.026197933,0.0018554678,0.01004815,0.0,0.0,0.0,0.0,1310988,1310988,6620172,197644,0,0,831,2,1,2,0,5,0,0,0,0,0,0,0
871460000,871380000,0.0001364676,0.008293884,0.021805622,8389271,0,0.38883203,0.42740598,0.0027921838,0.024241678,0.0037433195,0.008827642,0.0,0.0,0.0,0.0,1310988,1310988,6620172,197644,0,0,831,2,1,2,0,5,0,0,0,0,0,0,0
871660000,871580000,0.00016542594,0.008202142,0.021576153,8389271,0,0.38335356,0.42400956,0.005020474,0.022939073,0.0035895493,0.000620597,0.0,0.0,0.0,0.0,1310988,1310988,6620172,197644,0,0,831,2,1,2,0,5,0,0,0,0,0,0,0
871860000,871780000,0.0002419107,0.008872471,0.020349277,8389271,0,0.3784802,0.4238193,0.009492464,0.035852693,0.004186235,0.002777676,0.0,0.0,0.0,0.0,1310988,1310988,6620172,197644,0,0,831,2,1,2,0,5,0,0,0,0,0,0,0
872060000,871980000,0.00021615847,0.009251076,0.02090725,8389271,0,0.37411287,0.42065164,0.0044413116,0.033018112,0.004751762,0.0008587038,0.0,0.0,0.0,0.0,1310988,1310988,6620172,197644,0,0,831,2,1,2,0,5,0,0,0,0,0,0,0
872260000,872180000,0.00022449785,0.009147814,0.022868656,8389271,0,0.3701754,0.42060864,0.015859496,0.024957962,0.0041646855,0.0025684317,0.0,0.0,0.0,0.0,1310988,1310988,6620172,197644,0,0,831,2,1,2,0,5,0,0,0,0,0,0,0
872460000,872380000,9.180363e-05,0.00417104,0.013329854,8389271,0,0.38746473,0.4267957,0.01127333,0.024957962,0.0041646855,0.0054355827,0.0,0.0,0.0,0.0,1310988,1310988,6620172,197644,0,0,831,2,1,2,0,5,0,0,0,0,0,0,0
872660000,872580000,0.00022925127,0.0076342956,0.019231673,8389271,0,0.38215798,0.42341715,0.022012644,0.031191075,0.003494849,0.0022132003,0.0,0.0,0.0,0.0,1310988,1310988,6620172,197644,0,0,831,2,1,2,0,5,0,0,0,0,0,0,0
872860000,872780000,6.62221e-05,0.0034604971,0.010380324,8389271,0,0.4007982,0.42977673,0.0006459512,0.031191075,0.003494849,0.0059885136,0.0,0.0,0.0,0.0,1310988,1310988,6620172,197644,0,0,831,2,1,2,0,5,0,0,0,0,0,0,0
873060000,872980000,0.00018631681,0.0044953967,0.010514262,8389271,0,0.3936155,0.429261,0.009584389,0.022796962,0.006625985,0.0031347154,0.0,0.0,0.0,0.0,1310988,1310988,6620172,197644,0,0,831,2,1,2,0,5,0,0,0,0,0,0,0
873260000,873180000,0.00022755154,0.0074632997,0.017318536,8389271,0,0.38736856,0.4256409,0.008515394,0.03468508,0.005997893,0.0022260102,0.0,0.0,0.0,0.0,1310988,1310988,6620172,197644,0,0,831,2,1,2,0,5,0,0,0,0,0,0,0
873460000,873380000,0.00017900088,0.0067251353,0.016337624,8389271,0,0.38186935,0.4252917,0.0027240077,0.020198766,0.004586167,0.003322756,0.0,0.0,0.0,0.0,1310988,1310988,6620172,197644,0,0,831,2,1,2,0,5,0,0,0,0,0,0,0
873660000,873580000,0.00018762906,0.0072357734,0.016597636,8389271,0,0.37698096,0.42500523,0.0073397257,0.033738744,0.0042368085,0.004907654,0.0,0.0,0.0,0.0,1310988,1310988,6620172,197644,0,0,831,2,1,2,0,5,0,0,0,0,0,0,0
873860000,873780000,2.7372671e-05,0.0021964838,0.0060743853,8389271,0,0.39489436,0.428034,0.0018372472,0.033738744,0.0042368085,0.0008403087,0.0,0.0,0.0,0.0,1310988,1310988,6620172,197644,0,0,831,2,1,2,0,5,0,0,0,0,0,0,0
874060000,873980000,0.00016996039,0.0058492706,0.014202892,8389271,0,0.38869542,0.42757067,0.01180273,0.03146341,0.006492543,0.00486647,0.0,0.0,0.0,0.0,1310988,1310988,6620172,197644,0,0,831,2,1,2,0,5,0,0,0,0,0,0,0
874260000,874180000,0.00017846517,0.006939722,0.018029353,8389271,0,0.3832339,0.42718023,0.02269943,0.032566417,0.007451656,4.3276283e-05,0.0,0.0,0.0,0.0,1310988,1310988,6620172,197644,0,0,831,2,1,2,0,5,0,0,0,0,0,0,0
874460000,874380000,0.00018904582,0.0050155465,0.011535927,8389271,0,0.3783762,0.42371675,0.00078585604,0.033313077,0.006202156,0.0042636325,0.0,0.0,0.0,0.0,1310988,1310988,6620172,197644,0,0,831,2,1,2,0,5,0,0,0,0,0,0,0
874660000,874580000,0.00013368069,0.004977068,0.012255397,8389271,0,0.3740214,0.42346847,0.0037243268,0.023373473,0.006209996,0.004694908,0.0,0.0,0.0,0.0,1310988,1310988,6620172,197644,0,0,831,2,1,2,0,5,0,0,0,0,0,0,0
874860000,874780000,6.695981e-05,0.0034710648,0.009900909,8389271,0,0.3700944,0.42327508,0.008656694,0.01044927,0.008975278,0.0020476659,0.0,0.0,0.0,0.0,1310988,1310988,6620172,197644,0,0,831,2,1,2,0,5,0,0,0,0,0,0,0
875060000,874980000,3.1793174e-05,0.0027382493,0.0072018006,8389271,0,0.38740388,0.4261536,0.010399243,0.01044927,0.008975278,0.0005140848,0.0,0.0,0.0,0.0,1310988,1310988,6620172,197644,0,0,831,2,1,2,0,5,0,0,0,0,0,0,0
875260000,875180000,0.00026921986,0.006063181,0.01229935,8389271,0,0.38210392,0.42578503,0.0035195046,0.04925917,0.010642988,0.0022338845,0.0,0.0,0.0,0.0,1310988,1310988,6620172,197644,0,0,831,2,1,2,0,5,0,0,0,0,0,0,0
875460000,875380000,2.0964302e-05,0.0017424831,0.005897018,8389271,0,0.4007652,0.43204588,0.0006851291,0.04925917,0.010642988,0.00237028,0.0,0.0,0.0,0.0,1310988,1310988,6620172,197644,0,0,831,2,1,2,0,5,0,0,0,0,0,0,0
875660000,875580000,0.0003537935,0.009619135,0.017426588,8389271,0,0.39366004,0.42818972,0.014185477,0.059322376,0.013785578,0.0019142661,0.0,0.0,0.0,0.0,1310988,1310988,6620172,197644,0,0,831,2,1,2,0,5,0,0,0,0,0,0,0
875860000,875780000,0.00041876998,0.014917144,0.026288476,8389271,0,0.3874003,0.42768195,0.0042149713,0.06840683,0.012629152,0.000824796,0.0,0.0,0.0,0.0,1310988,1310988,6620172,197644,0,0,831,2,1,2,0,5,0,0,0,0,0,0,0
876060000,875980000,0.00031784756,0.013387744,0.026070002,8389271,0,0.38196376,0.42413622,0.014877281,0.05376475,0.007210301,0.004197699,0.0,0.0,0.0,0.0,1310988,1310988,6620172,197644,0,0,831,2,1,2,0,5,0,0,0,0,0,0,0
876260000,876180000,0.0002690198,0.01063788,0.020914046,8389271,0,0.37706515,0.4238197,0.007620428,0.045137998,0.007837988,0.005575883,0.0,0.0,0.0,0.0,1310988,1310988,6620172,197644,0,0,831,2,1,2,0,5,0,0,0,0,0,0,0
876460000,876380000,6.316197e-05,0.0006126485,0.0037265301,8389351,0,0.3950132,0.4299048,0.021109475,0.045137998,0.007837988,0.0028351347,0.0,0.0,0.0,0.0,1310988,1310988,6620172,197644,0,0,831,2,1,2,0,5,0,0,0,0,0,0,0
876660000,876580000,0.0001658785,0.003592257,0.010542606,8389351,0,0.38876283,0.42619315,0.009755421,0.022877684,0.008163918,0.0053380476,0.0,0.0,0.0,0.0,1310988,1310988,6620172,197644,0,0,831,2,1,2,0,5,0,0,0,0,0,0,0
876860000,876780000,5.070617e-05,0.0054846564,0.012287287,8389351,0,0.38327157,0.42577818,0.016488642,0.022418039,0.006006585,0.0029920079,0.0,0.0,0.0,0.0,1310988,1310988,6620172,197644,0,0,831,2,1,2,0,5,0,0,0,0,0,0,0
877060000,876980000,0.00015176587,0.0076196278,0.016023057,8389351,0,0.37840164,0.425428,0.012638855,0.022581618,0.005945452,0.0036812183,0.0,0.0,0.0,0.0,1310988,1310988,6620172,197644,0,0,831,2,1,2,0,5,0,0,0,0,0,0,0
877260000,877180000,0.00019404676,0.008413302,0.015011804,8389351,0,0.3740366,0.4220268,0.0081444625,0.02338158,0.0047909557,0.0008387363,0.0,0.0,0.0,0.0,1310988,1310988,6620172,197644,0,0,831,2,1,2,0,5,0,0,0,0,0,0,0
877460000,877380000,9.216642e-05,0.008816534,0.01607127,8389351,0,0.3701045,0.4218056,0.0031011298,0.01289532,0.0034015556,0.00028132377,0.0,0.0,0.0,0.0,1310988,1310988,6620172,197644,0,0,831,2,1,2,0,5,0,0,0,0,0,0,0
877660000,877580000,5.2938005e-05,0.007098284,0.014377291,8389351,0,0.3874172,0.42767164,0.027523916,0.01289532,0.0034015556,0.003461101,0.0,0.0,0.0,0.0,1310988,1310988,6620172,197644,0,0,831,2,1,2,0,5,0,0,0,0,0,0,0
877860000,877780000,8.119713e-05,0.0075804796,0.0153654115,8389351,0,0.38204572,0.42415342,0.025149219,0.02904473,0.0025600186,0.00029254679,0.0,0.0,0.0,0.0,1310988,1310988,6620172,197644,0,0,831,2,1,2,0,5,0,0,0,0,0,0,0
878060000,877980000,5.8396483e-05,0.005885313,0.012327075,8389351,0,0.40066242,0.4302396,0.012194946,0.02904473,0.0025600186,0.0033343723,0.0,0.0,0.0,0.0,1310988,1310988,6620172,197644,0,0,831,2,1,2,0,5,0,0,0,0,0,0,0
878260000,878180000,0.00017309494,0.008636144,0.017147392,8389351,0,0.39349627,0.42648587,0.03703363,0.020872071,0.0008486607,0.0062328507,0.0,0.0,0.0,0.0,1310988,1310988,6620172,197644,0,0,831,2,1,2,0,5,0,0,0,0,0,0,0
878460000,878380000,0.00016767449,0.010060599,0.019994043,8389351,0,0.38726473,0.42604297,0.0072483504,0.02648794,0.00048676354,0.0008118421,0.0,0.0,0.0,0.0,1310988,1310988,6620172,197644,0,0,831,2,1,2,0,5,0,0,0,0,0,0,0
878660000,878580000,0.0001499609,0.011255204,0.021635389,8389351,0,0.38178015,0.42566144,0.014215387,0.028603299,0.0025164664,0.005205981,0.0,0.0,0.0,0.0,1310988,1310988,6620172,197644,0,0,831,2,1,2,0,5,0,0,0,0,0,0,0
878860000,878780000,0.00020472403,0.01484974,0.02591709,8389351,0,0.37691048,0.42228094,0.015013159,0.039321415,0.0038214934,0.0075367587,0.0,0.0,0.0,0.0,1310988,1310988,6620172,197644,0,0,831,2,1,2,0,5,0,0,0,0,0,0,0
879060000,878980000,4.6672983e-05,0.008893001,0.015373915,8389351,0,0.39469427,0.42827287,0.005391909,0.039321415,0.0038214934,0.001974104,0.0,0.0,0.0,0.0,1310988,1310988,6620172,197644,0,0,831,2,1,2,0,5,0,0,0,0,0,0,0
879260000,879180000,0.0003142417,0.015017714,0.027568119,8389351,0,0.38852763,0.4278443,0.065617606,0.060781375,0.008570787,0.00539481,0.0,0.0,0.0,0.0,1310988,1310988,6620172,197644,0,0,831,2,1,2,0,5,0,0,0,0,0,0,0
879460000,879380000,0.0003572914,0.01677524,0.03212807,8389351,0,0.38308522,0.4243451,0.01473829,0.051812995,0.006479222,0.003469933,0.0,0.0,0.0,0.0,1310988,1310988,6620172,197644,0,0,831,2,1,2,0,5,0,0,0,0,0,0,0
879660000,879580000,0.0002171586,0.01155211,0.0254915,8389351,0,0.37823364,0.4240895,0.043784704,0.027571687,0.0067916284,9.435214e-05,0.0,0.0,0.0,0.0,1310988,1310988,6620172,197644,0,0,831,2,1,2,0,5,0,0,0,0,0,0,0
879860000,879780000,0.0002340358,0.0104376,0.022185188,9437927,0,0.37389526,0.42086598,0.014563118,0.027533965,0.007167574,1.1754944e-38,0.0,0.0,0.0,0.0,1310988,1310988,6620172,197644,0,0,831,2,1,2,0,5,0,0,0,0,0,0,0
880060000,879980000,0.00029462055,0.011668264,0.021890925,9437847,0,0.36997205,0.4207952,0.017227298,0.03157886,0.0063608848,1.1754944e-38,0.0,0.0,0.0,0.0,1310988,1310988,6620172,197644,0,0,831,2,1,2,0,5,0,0,0,0,0,0,0
880260000,880180000,4.7288297e-05,0.005158057,0.009506059,9437847,0,0.38694993,0.42362005,0.022239186,0.03157886,0.0063608848,1.1754944e-38,0.0,0.0,0.0,0.0,1310988,1310988,6620172,197644,0,0,831,2,1,2,0,5,0,0,0,0,0,0,0
880460000,880380000,0.00034097602,0.009817921,0.01907451,9437927,0,0.3816898,0.42338556,0.019107934,0.0417059,0.00981779,1.1754944e-38,0.0,0.0,0.0,0.0,1310988,1310988,6620172,197644,0,0,831,2,1,2,0,5,0,0,0,0,0,0,0
880660000,880580000,2.3495562e-05,0.0030080446,0.007579538,9437927,0,0.39991188,0.42954952,0.005942517,0.0417059,0.00981779,1.1754944e-38,0.0,0.0,0.0,0.0,1310988,1310988,6620172,197644,0,0,831,2,1,2,0,5,0,0,0,0,0,0,0
880860000,880780000,0.00074347854,0.014441095,0.02764552,9437927,0,0.39281863,0.42586815,0.019031206,0.07071536,0.011983539,1.1754944e-38,0.0,0.0,0.0,0.0,1310988,1310988,6620172,197644,0,0,831,2,1,2,0,5,0,0,0,0,0,0,0
881060000,880980000,0.00068281894,0.015884064,0.03020918,9437927,0,0.38664106,0.42547566,0.013069283,0.05762947,0.01096643,1.1754944e-38,0.0,0.0,0.0,0.0,1310988,1310988,6620172,197644,0,0,831,2,1,2,0,5,0,0,0,0,0,0,0
881260000,881180000,0.00047190866,0.01474158,0.028236458,9437927,0,0.3812108,0.42514822,0.014454357,0.053454958,0.009830828,1.1754944e-38,0.0,0.0,0.0,0.0,1310988,1310988,6620172,197644,0,0,831,2,1,2,0,5,0,0,0,0,0,0,0
881460000,881380000,0.00029702953,0.010715745,0.022592146,9437927,0,0.37637118,0.42177638,0.005041844,0.03263346,0.009848922,0.0038223858,0.0,0.0,0.0,0.0,1310988,1310988,6620172,197644,0,0,831,2,1,2,0,5,0,0,0,0,0,0,0
881660000,881580000,7.51364e-05,0.0029330472,0.0077842167,9437927,0,0.39405137,0.4278096,0.013927713,0.03263346,0.009848922,1.1754944e-38,0.0,0.0,0.0,0.0,1310988,1310988,6620172,197644,0,0,831,2,1,2,0,5,0,0,0,0,0,0,0
881860000,881780000,0.0003706579,0.0059521813,0.012173024,9437927,0,0.38795125,0.42741597,0.008202931,0.04624556,0.011182009,1.1754944e-38,0.0,0.0,0.0,0.0,1310988,1310988,6620172,197644,0,0,831,2,1,2,0,5,0,0,0,0,0,0,0
882060000,881980000,0.000285225,0.0074789613,0.015810488,9437927,0,0.3825616,0.42395282,0.018355886,0.045878656,0.010926952,1.1754944e-38,0.0,0.0,0.0,0.0,1310988,1310988,6620172,197644,0,0,831,2,1,2,0,5,0,0,0,0,0,0,0
882260000,882180000,9.678193e-05,0.0058951424,0.0149547495,9437927,0,0.37776303,0.42370972,0.0035757555,0.02594349,0.007985885,1.1754944e-38,0.0,0.0,0.0,0.0,1310988,1310988,6620172,197644,0,0,831,2,1,2,0,5,0,0,0,0,0,0,0
882460000,882380000,0.00010035466,0.0028489106,0.008129949,9437927,0,0.37345862,0.4235127,0.03857752,0.023570323,0.007259636,1.1754944e-38,0.0,0.0,0.0,0.0,1310988,1310988,6620172,197644,0,0,831,2,1,2,0,5,0,0,0,0,0,0,0
882660000,882580000,0.00012859504,0.0025909173,0.003634098,9437927,0,0.36957496,0.42031184,0.014839768,0.0103927255,0.0066172797,1.1754944e-38,0.0,0.0,0.0,0.0,1310988,1310988,6620172,197644,0,0,831,2,1,2,0,5,0,0,0,0,0,0,0
882860000,882780000,6.284132e-05,0.005034266,0.010051971,9437927,0,0.38668707,0.42625207,0.011545909,0.0103927255,0.0066172797,1.1754944e-38,0.0,0.0,0.0,0.0,1310988,1310988,6620172,197644,0,0,831,2,1,2,0,5,0,0,0,0,0,0,0
883060000,882980000,9.400277e-05,0.0034932238,0.0070810453,9437927,0,0.38146266,0.42283422,0.02539765,0.018136824,0.007998881,1.1754944e-38,0.0,0.0,0.0,0.0,1310988,1310988,6620172,197644,0,0,831,2,1,2,0,5,0,0,0,0,0,0,0
883260000,883180000,4.1209445e-05,0.004728392,0.010249788,9437927,0,0.39987627,0.42902473,0.013543833,0.018136824,0.007998881,1.1754944e-38,0.0,0.0,0.0,0.0,1310988,1310988,6620172,197644,0,0,831,2,1,2,0,5,0,0,0,0,0,0,0
883460000,883380000,9.9716555e-05,0.00313127,0.0060100895,9437927,0,0.39282838,0.42851853,0.00423801,0.01352627,0.008278084,1.1754944e-38,0.0,0.0,0.0,0.0,1310988,1310988,6620172,197644,0,0,831,2,1,2,0,5,0,0,0,0,0,0,0
883660000,883580000,8.933619e-05,0.0040971744,0.0071654413,9437927,0,0.38667905,0.42496866,0.019139355,0.013008706,0.0073867957,1.1754944e-38,0.0,0.0,0.0,0.0,1310988,1310988,6620172,197644,0,0,831,2,1,2,0,5,0,0,0,0,0,0,0
883860000,883780000,0.00015203342,0.00584498,0.010942787,9437927,0,0.38132414,0.42467886,0.013497932,0.030683953,0.00649336,1.1754944e-38,0.0,0.0,0.0,0.0,1310988,1310988,6620172,197644,0,0,831,2,1,2,0,5,0,0,0,0,0,0,0
884060000,883980000,0.00016069615,0.0072997566,0.013259259,9437847,0,0.37649825,0.42443916,0.0007169323,0.030867968,0.0066427733,1.1754944e-38,0.0,0.0,0.0,0.0,1310988,1310988,6620172,197644,0,0,831,2,1,2,0,5,0,0,0,0,0,0,0
884260000,884180000,3.283535e-05,0.0042553307,0.009015576,9437847,0,0.39425784,0.42743707,0.0016007707,0.030867968,0.0066427733,1.1754944e-38,0.0,0.0,0.0,0.0,1310988,1310988,6620172,197644,0,0,831,2,1,2,0,5,0,0,0,0,0,0,0
884460000,884380000,0.00015887823,0.005704819,0.010782231,9437847,0,0.38814723,0.42707446,0.0024850648,0.03180711,0.0061229877,1.1754944e-38,0.0,0.0,0.0,0.0,1310988,1310988,6620172,197644,0,0,831,2,1,2,0,5,0,0,0,0,0,0,0
884660000,884580000,0.00014811689,0.0038272103,0.0071548014,9437847,0,0.38275242,0.42364877,0.004955927,0.024118852,0.005525804,1.1754944e-38,0.0,0.0,0.0,0.0,1310988,1310988,6620172,197644,0,0,831,2,1,2,0,5,0,0,0,0,0,0,0
884860000,884780000,0.00011935211,0.004415778,0.008144607,9437847,0,0.3779481,0.42346913,0.002325769,0.020315232,0.0049747513,1.1754944e-38,0.0,0.0,0.0,0.0,1310988,1310988,6620172,197644,0,0,831,2,1,2,0,5,0,0,0,0,0,0,0
885060000,884980000,0.00022211189,0.0076979687,0.013899807,9437847,0,0.37363797,0.42026857,0.008642423,0.045928564,0.004104276,1.1754944e-38,0.0,0.0,0.0,0.0,1310988,1310988,6620172,197644,0,0,831,2,1,2,0,5,0,0,0,0,0,0,0
885260000,885180000,0.00014489758,0.0035034325,0.007036892,9437847,0,0.3697489,0.42019746,0.020266471,0.011639646,0.0033574486,1.1754944e-38,0.0,0.0,0.0,0.0,1310988,1310988,6620172,197644,0,0,831,2,1,2,0,5,0,0,0,0,0,0,0
885460000,885380000,4.3030446e-05,0.0023645784,0.005530307,9437847,0,0.38695753,0.42624182,0.0011813365,0.011639646,0.0033574486,1.1754944e-38,0.0,0.0,0.0,0.0,1310988,1310988,6620172,197644,0,0,831,2,1,2,0,5,0,0,0,0,0,0,0
885660000,885580000,0.0001939315,0.0047403737,0.009013278,9437847,0,0.38171366,0.42286748,0.007410831,0.04014785,0.0057731364,1.1754944e-38,0.0,0.0,0.0,0.0,1310988,1310988,6620172,197644,0,0,831,2,1,2,0,5,0,0,0,0,0,0,0
885860000,885780000,2.0310456e-05,0.0026916997,0.006308659,9437847,0,0.40025994,0.4291591,0.0022111584,0.04014785,0.0057731364,1.1754944e-38,0.0,0.0,0.0,0.0,1310988,1310988,6620172,197644,0,0,831,2,1,2,0,5,0,0,0,0,0,0,0
886060000,885980000,0.00013510179,0.004355872,0.008363303,9437847,0,0.39315894,0.42868525,0.0010754444,0.020340372,0.004858383,1.1754944e-38,0.0,0.0,0.0,0.0,1310988,1310988,6620172,197644,0,0,831,2,1,2,0,5,0,0,0,0,0,0,0
886260000,886180000,0.00012816188,0.004780612,0.009240765,9437847,0,0.38704687,0.4251343,0.011382676,0.019317685,0.004321854,1.1754944e-38,0.0,0.0,0.0,0.0,1310988,1310988,6620172,197644,0,0,831,2,1,2,0,5,0,0,0,0,0,0,0
886460000,886380000,0.000107743,0.0029163698,0.00579668,9437847,0,0.3815878,0.4248281,0.007809704,0.02018216,0.0040300717,1.1754944e-38,0.0,0.0,0.0,0.0,1310988,1310988,6620172,197644,0,0,831,2,1,2,0,5,0,0,0,0,0,0,0
886660000,886580000,0.00014724492,0.0028828897,0.006073654,9437847,0,0.37673336,0.4215261,0.020989383,0.02002269,0.005882889,1.1754944e-38,0.0,0.0,0.0,0.0,1310988,1310988,6620172,197644,0,0,831,2,1,2,0,5,0,0,0,0,0,0,0
886860000,886780000,6.71117e-05,0.0020430617,0.004606184,9437847,0,0.3945934,0.42772484,0.014736746,0.02002269,0.005882889,1.1754944e-38,0.0,0.0,0.0,0.0,1310988,1310988,6620172,197644,0,0,831,2,1,2,0,5,0,0,0,0,0,0,0
887060000,886980000,0.000113967115,0.0019959076,0.004565561,9437847,0,0.38843703,0.42737958,0.008771113,0.023161022,0.004492492,1.1754944e-38,0.0,0.0,0.0,0.0,1310988,1310988,6620172,197644,0,0,831,2,1,2,0,5,0,0,0,0,0,0,0
887260000,887180000,0.000103857325,0.0015502212,0.0034027342,9437847,0,0.38300744,0.42396238,0.011129604,0.0144381095,0.0040405532,1.1754944e-38,0.0,0.0,0.0,0.0,1310988,1310988,6620172,197644,0,0,831,2,1,2,0,5,0,0,0,0,0,0,0
887460000,887380000,0.00013986096,0.0033971053,0.008246807,9437847,0,0.3781754,0.4237531,0.00371235,0.022976896,0.004110814,1.1754944e-38,0.0,0.0,0.0,0.0,1310988,1310988,6620172,197644,0,0,831,2,1,2,0,5,0,0,0,0,0,0,0
887660000,887580000,0.00011947515,0.0020083867,0.003916772,9437847,0,0.3738429,0.42359623,0.011159905,0.01209228,0.0020994046,1.1754944e-38,0.0,0.0,0.0,0.0,1310988,1310988,6620172,197644,0,0,831,2,1,2,0,5,0,0,0,0,0,0,0
887860000,887780000,9.363377e-05,0.0020419578,0.004133014,9437847,0,0.3699351,0.420456,0.010879168,0.00904424,0.0031746349,1.1754944e-38,0.0,0.0,0.0,0.0,1310988,1310988,6620172,197644,0,0,831,2,1,2,0,5,0,0,0,0,0,0,0
888060000,887980000,3.5102283e-05,0.002955316,0.006195746,9437847,0,0.3871873,0.42655364,0.0014813902,0.00904424,0.0031746349,1.1754944e-38,0.0,0.0,0.0,0.0,1310988,1310988,6620172,197644,0,0,831,2,1,2,0,5,0,0,0,0,0,0,0
888260000,888180000,0.00012175354,0.0035381333,0.0069150804,9437847,0,0.38191473,0.42317453,0.015772713,0.0043567335,0.002870401,1.1754944e-38,0.0,0.0,0.0,0.0,1310988,1310988,6620172,197644,0,0,831,2,1,2,0,5,0,0,0,0,0,0,0
888460000,888380000,1.4678202e-05,0.003521657,0.0073742205,9437847,0,0.40048996,0.42946753,0.0028848026,0.0043567335,0.002870401,1.1754944e-38,0.0,0.0,0.0,0.0,1310988,1310988,6620172,197644,0,0,831,2,1,2,0,5,0,0,0,0,0,0,0
888660000,888580000,8.8793124e-05,0.0016513091,0.0030760383,9437847,0,0.3934346,0.4257904,0.004885957,0.015625823,0.0034641395,0.0050161746,0.0,0.0,0.0,0.0,1310988,1310988,6620172,197644,0,0,831,2,1,2,0,5,0,0,0,0,0,0,0
888860000,888780000,7.874127e-05,0.0026608803,0.0052431272,9437847,0,0.38721308,0.42544746,0.011348306,0.004474839,0.0038060527,1.1754944e-38,0.0,0.0,0.0,0.0,1310988,1310988,6620172,197644,0,0,831,2,1,2,0,5,0,0,0,0,0,0,0
889060000,888980000,7.0185124e-05,0.0044017257,0.008475871,9437847,0,0.38173494,0.42518535,0.007493976,0.011791015,0.0036024305,1.1754944e-38,0.0,0.0,0.0,0.0,1310988,1310988,6620172,197644,0,0,831,2,1,2,0,5,0,0,0,0,0,0,0
889260000,889180000,5.7592617e-05,0.005233925,0.01148189,9437847,0,0.37692684,0.42191625,0.02738349,0.021568589,0.0041488637,1.1754944e-38,0.0,0.0,0.0,0.0,1310988,1310988,6620172,197644,0,0,831,2,1,2,0,5,0,0,0,0,0,0,0
889460000,889380000,2.888125e-05,0.0032163835,0.0071836933,9437847,0,0.3947938,0.42818174,0.009496454,0.021568589,0.0041488637,1.1754944e-38,0.0,0.0,0.0,0.0,1310988,1310988,6620172,197644,0,0,831,2,1,2,0,5,0,0,0,0,0,0,0
889660000,889580000,8.536064e-05,0.0042829383,0.010016383,9437847,0,0.38853785,0.4247448,0.0023511094,0.019094488,0.004715982,1.1754944e-38,0.0,0.0,0.0,0.0,1310988,1310988,6620172,197644,0,0,831,2,1,2,0,5,0,0,0,0,0,0,0
889860000,889780000,4.939978e-05,0.0017401631,0.0048680836,9437847,0,0.38309693,0.42456082,0.010291704,0.006208762,0.0051055797,1.1754944e-38,0.0,0.0,0.0,0.0,1310988,1310988,6620172,197644,0,0,831,2,1,2,0,5,0,0,0,0,0,0,0
890060000,889980000,4.1125728e-05,0.0022625134,0.005527079,9437847,0,0.37825412,0.42134082,0.010300066,0.0075482046,0.00478824,1.1754944e-38,0.0,0.0,0.0,0.0,1310988,1310988,6620172,197644,0,0,831,2,1,2,0,5,0,0,0,0,0,0,0
890260000,890180000,0.000113262766,0.004237538,0.009464068,9437847,0,0.3739112,0.42126495,0.0068821013,0.018990986,0.0046083517,1.1754944e-38,0.0,0.0,0.0,0.0,1310988,1310988,6620172,197644,0,0,831,2,1,2,0,5,0,0,0,0,0,0,0
890460000,890380000,0.00018052077,0.0044602584,0.010216825,9437847,0,0.3699933,0.42123145,0.038539164,0.015811633,0.005160154,1.1754944e-38,0.0,0.0,0.0,0.0,1310988,1310988,6620172,197644,0,0,831,2,1,2,0,5,0,0,0,0,0,0,0
890660000,890580000,0.00012076179,0.0019192469,0.0044745854,9437847,0,0.3872163,0.4242514,0.013650338,0.015811633,0.005160154,1.1754944e-38,0.0,0.0,0.0,0.0,1310988,1310988,6620172,197644,0,0,831,2,1,2,0,5,0,0,0,0,0,0,0
890860000,890780000,7.732655e-05,0.0037858477,0.0080363965,9437847,0,0.38194108,0.42402834,0.010840645,0.016939694,0.0049560387,1.1754944e-38,0.0,0.0,0.0,0.0,1310988,1310988,6620172,197644,0,0,831,2,1,2,0,5,0,0,0,0,0,0,0
891060000,890980000,0.00010540977,0.0018568435,0.0037872295,9437847,0,0.4004731,0.4303928,0.013564686,0.016939694,0.0049560387,1.1754944e-38,0.0,0.0,0.0,0.0,1310988,1310988,6620172,197644,0,0,831,2,1,2,0,5,0,0,0,0,0,0,0
891260000,891180000,0.00013961524,0.0023744595,0.0048704133,9437847,0,0.39334697,0.4266926,0.029650316,0.015175187,0.0051162974,1.1754944e-38,0.0,0.0,0.0,0.0,1310988,1310988,6620172,197644,0,0,831,2,1,2,0,5,0,0,0,0,0,0,0
891460000,891380000,0.00017825881,0.004497318,0.008772869,9437847,0,0.38714024,0.42629433,0.010934842,0.021436648,0.006202214,1.1754944e-38,0.0,0.0,0.0,0.0,1310988,1310988,6620172,197644,0,0,831,2,1,2,0,5,0,0,0,0,0,0,0
891660000,891580000,0.00014428857,0.0041923206,0.008952349,9437847,0,0.38167003,0.42596355,0.023551697,0.014233589,0.0051886714,1.1754944e-38,0.0,0.0,0.0,0.0,1310988,1310988,6620172,197644,0,0,831,2,1,2,0,5,0,0,0,0,0,0,0
891860000,891780000,0.00015038448,0.004139512,0.008463865,9437847,0,0.37686744,0.4225895,0.013543663,0.020025339,0.0048154704,1.1754944e-38,0.0,0.0,0.0,0.0,1310988,1310988,6620172,197644,0,0,831,2,1,2,0,5,0,0,0,0,0,0,0
892060000,891980000,3.6918414e-06,0.0012945934,0.0028482974,9437847,0,0.39469412,0.42876127,0.00084088853,0.020025339,0.0048154704,1.1754944e-38,0.0,0.0,0.0,0.0,1310988,1310988,6620172,197644,0,0,831,2,1,2,0,5,0,0,0,0,0,0,0
892260000,892180000,0.00013674804,0.0025024088,0.005152336,9437847,0,0.38852528,0.428315,0.0014945882,0.017149644,0.0066159363,1.1754944e-38,0.0,0.0,0.0,0.0,1310988,1310988,6620172,197644,0,0,831,2,1,2,0,5,0,0,0,0,0,0,0
892460000,892380000,0.00014504787,0.004551881,0.008899755,9437847,0,0.3830845,0.4248043,0.0074087013,0.029888794,0.0060781557,1.1754944e-38,0.0,0.0,0.0,0.0,1310988,1310988,6620172,197644,0,0,831,2,1,2,0,5,0,0,0,0,0,0,0
892660000,892580000,0.00023445612,0.007088706,0.013875737,9437847,0,0.37824294,0.42455366,0.023048334,0.035435252,0.006434088,1.1754944e-38,0.0,0.0,0.0,0.0,1310988,1310988,6620172,197644,0,0,831,2,1,2,0,5,0,0,0,0,0,0,0
892860000,892780000,0.000116939525,0.006427945,0.0142991785,9437847,0,0.37390095,0.42126465,0.010298205,0.033547018,0.0032609594,1.1754944e-38,0.0,0.0,0.0,0.0,1310988,1310988,6620172,197644,0,0,831,2,1,2,0,5,0,0,0,0,0,0,0
893060000,892980000,0.00015275636,0.004026422,0.0089373,9437847,0,0.3699834,0.4211503,0.02311152,0.017813014,0.004723257,1.1754944e-38,0.0,0.0,0.0,0.0,1310988,1310988,6620172,197644,0,0,831,2,1,2,0,5,0,0,0,0,0,0,0
893260000,893180000,0.00010650715,0.0007278807,0.0016921433,9437847,0,0.38719472,0.42723262,0.020776942,0.017813014,0.004723257,1.1754944e-38,0.0,0.0,0.0,0.0,1310988,1310988,6620172,197644,0,0,831,2,1,2,0,5,0,0,0,0,0,0,0
893460000,893380000,0.00019334242,0.004556901,0.009168982,9437847,0,0.38192207,0.42380717,0.009811028,0.036356505,0.005795775,1.1754944e-38,0.0,0.0,0.0,0.0,1310988,1310988,6620172,197644,0,0,831,2,1,2,0,5,0,0,0,0,0,0,0
893660000,893580000,2.937073e-05,0.00082124694,0.0016991539,9437847,0,0.40044263,0.43009165,0.0056186924,0.036356505,0.005795775,1.1754944e-38,0.0,0.0,0.0,0.0,1310988,1310988,6620172,197644,0,0,831,2,1,2,0,5,0,0,0,0,0,0,0
893860000,893780000,0.00010861531,0.0022224693,0.004931373,9437847,0,0.3933216,0.426398,0.009750261,0.018326802,0.00438646,1.1754944e-38,0.0,0.0,0.0,0.0,1310988,1310988,6620172,197644,0,0,831,2,1,2,0,5,0,0,0,0,0,0,0
894060000,893980000,0.00011833994,0.0013854238,0.0034664539,9437847,0,0.3871899,0.42601836,0.010052439,0.012034197,0.0043104035,1.1754944e-38,0.0,0.0,0.0,0.0,1310988,1310988,6620172,197644,0,0,831,2,1,2,0,5,0,0,0,0,0,0,0
894260000,894180000,0.00018424918,0.004236779,0.0097860405,9437847,0,0.38171405,0.42568633,0.0249702,0.025458273,0.0064719925,0.0032493952,0.0,0.0,0.0,0.0,1310988,1310988,6620172,197644,0,0,831,2,1,2,0,5,0,0,0,0,0,0,0
894460000,894380000,0.00014117744,0.0038078174,0.008302875,9437847,0,0.37684354,0.42230785,0.004243384,0.025589779,0.005569621,1.1754944e-38,0.0,0.0,0.0,0.0,1310988,1310988,6620172,197644,0,0,831,2,1,2,0,5,0,0,0,0,0,0,0
894660000,894580000,0.00011688238,0.0007353067,0.0016789659,9437847,0,0.39465752,0.42845827,0.023775902,0.025589779,0.005569621,1.1754944e-38,0.0,0.0,0.0,0.0,1310988,1310988,6620172,197644,0,0,831,2,1,2,0,5,0,0,0,0,0,0,0
894860000,894780000,0.00014015999,0.0023854172,0.0053133494,9437847,0,0.38849416,0.42801344,0.020216828,0.019093744,0.0047536995,1.1754944e-38,0.0,0.0,0.0,0.0,1310988,1310988,6620172,197644,0,0,831,2,1,2,0,5,0,0,0,0,0,0,0
895060000,894980000,0.00021709349,0.0052883415,0.010585911,9437847,0,0.38305703,0.42448336,0.0022705647,0.030524407,0.0061129536,1.1754944e-38,0.0,0.0,0.0,0.0,1310988,1310988,6620172,197644,0,0,831,2,1,2,0,5,0,0,0,0,0,0,0
895260000,895180000,0.00014596261,0.0051025297,0.0106683355,9437847,0,0.37821737,0.4242001,0.011424503,0.021895714,0.004674944,1.1754944e-38,0.0,0.0,0.0,0.0,1310988,1310988,6620172,197644,0,0,831,2,1,2,0,5,0,0,0,0,0,0,0
895460000,895380000,0.00018006218,0.005992475,0.012134121,9437847,0,0.37387684,0.424001,0.01295014,0.035337206,0.004717332,1.1754944e-38,0.0,0.0,0.0,0.0,1310988,1310988,6620172,197644,0,0,831,2,1,2,0,5,0,0,0,0,0,0,0
895660000,895580000,0.00018228084,0.0077920533,0.01641093,9437847,0,0.36996135,0.42079625,0.0017826946,0.037674733,0.0040992536,1.1754944e-38,0.0,0.0,0.0,0.0,1310988,1310988,6620172,197644,0,0,831,2,1,2,0,5,0,0,0,0,0,0,0
895860000,895780000,0.00018650979,0.001417166,0.0036654735,9437847,0,0.3871684,0.42682105,0.03178623,0.037674733,0.0040992536,1.1754944e-38,0.0,0.0,0.0,0.0,1310988,1310988,6620172,197644,0,0,831,2,1,2,0,5,0,0,0,0,0,0,0
896060000,895980000,0.00024280848,0.0057455595,0.012241304,9437847,0,0.3819002,0.426502,6.0104314e-05,0.05013518,0.004817206,1.1754944e-38,0.0,0.0,0.0,0.0,1310988,1310988,6620172,197644,0,0,831,2,1,2,0,5,0,0,0,0,0,0,0
896260000,896180000,0.000114891205,0.0023612175,0.0054338425,9437847,0,0.40062994,0.42943782,0.021374663,0.05013518,0.004817206,1.1754944e-38,0.0,0.0,0.0,0.0,1310988,1310988,6620172,197644,0,0,831,2,1,2,0,5,0,0,0,0,0,0,0
896460000,896380000,0.00014108545,0.001965855,0.004327125,9437847,0,0.39345947,0.42889056,0.0011723342,0.017903242,0.0048859026,1.1754944e-38,0.0,0.0,0.0,0.0,1310988,1310988,6620172,197644,0,0,831,2,1,2,0,5,0,0,0,0,0,0,0
896660000,896580000,0.0001851468,0.0026818288,0.006525169,9437847,0,0.38730222,0.4283768,0.011566041,0.02997916,0.0044285865,1.1754944e-38,0.0,0.0,0.0,0.0,1310988,1310988,6620172,197644,0,0,831,2,1,2,0,5,0,0,0,0,0,0,0
896860000,896780000,0.00013589098,0.002074793,0.0061653685,9437847,0,0.3818122,0.4247335,0.017865319,0.01705024,0.004055135,0.002447696,0.0,0.0,0.0,0.0,1310988,1310988,6620172,197644,0,0,831,2,1,2,0,5,0,0,0,0,0,0,0
897060000,896980000,0.00013202135,0.0015690627,0.005830723,9437847,0,0.37693542,0.42427891,0.009333621,0.015025168,0.0040563247,1.1754944e-38,0.0,0.0,0.0,0.0,1310988,1310988,6620172,197644,0,0,831,2,1,2,0,5,0,0,0,0,0,0,0
897260000,897180000,0.0001573713,0.0025139104,0.0052900943,535,0,0.3949672,0.42902753,0.025910627,0.015025168,0.0040563247,0.003294873,0.0,0.0,0.0,0.0,1310988,1310988,6620172,197644,0,0,895,2,1,2,0,5,0,0,0,0,0,0,0
897460000,897380000,0.00021912355,0.0011113682,0.003904371,535,0,0.3887474,0.42518437,0.036716864,0.014750439,0.0042347205,0.0072131334,0.0,0.0,0.0,0.0,1310988,1310988,6620172,197644,0,0,895,2,1,2,0,5,0,0,0,0,0,0,0
897660000,897580000,0.00027956805,0.0021955778,0.002633084,535,0,0.38327575,0.42455775,0.024800166,0.0240985,0.0023001994,0.00022850728,0.0,0.0,0.0,0.0,1310988,1310988,6620172,197644,0,0,895,2,1,2,0,5,0,0,0,0,0,0,0
897860000,897780000,0.00018538635,0.0028952016,0.005586524,535,0,0.3784156,0.42088127,0.014745313,0.034874167,0.003127125,0.0055286097,0.0,0.0,0.0,0.0,1310988,1310988,6620172,197644,0,0,895,2,1,2,0,5,0,0,0,0,0,0,0
898060000,897980000,0.00015264221,0.0023184575,0.005687632,535,0,0.37406528,0.42036378,0.025293251,0.028643211,0.0024855179,0.002927682,0.0,0.0,0.0,0.0,1310988,1310988,6620172,197644,0,0,895,2,1,2,0,5,0,0,0,0,0,0,0
898260000,898180000,0.00014159532,0.0025322156,0.0058727264,535,0,0.3701454,0.41986948,0.01872291,0.024613548,0.0023292531,0.0019804852,0.0,0.0,0.0,0.0,1310988,1310988,6620172,197644,0,0,895,2,1,2,0,5,0,0,0,0,0,0,0
898460000,898380000,0.00062432507,0.052674852,0.14000191,67109399,0,0.31302962,0.3209485,0.05165036,0.024613548,0.0023292531,0.006188936,0.0,0.0,0.0,0.0,1310988,1310988,6620172,197644,0,0,895,2,1,2,0,5,0,0,0,0,0,0,0
898660000,898580000,0.00012789955,0.020311618,0.054713167,67109399,0,0.30176917,0.31498873,0.0038026616,0.027177244,0.0014422826,0.0046650036,0.0,0.0,0.0,0.0,1310988,1310988,6620172,197644,0,0,895,2,1,2,0,5,0,0,0,0,0,0,0
898860000,898780000,0.0003033418,0.008667896,0.013234522,67109399,0,0.29902208,0.3097804,0.008097574,0.027177244,0.0014422826,0.011226342,0.0,0.0,0.0,0.0,1310988,1310988,6620172,197644,0,0,895,2,1,2,0,5,0,0,0,0,0,0,0
899060000,898980000,0.0002091226,0.0016993372,0.018693367,67109399,0,0.29069036,0.30401516,0.020050561,0.017771687,0.001868394,0.015991574,0.0,0.0,0.0,0.0,1310988,1310988,6620172,197644,0,0,895,2,1,2,0,5,0,0,0,0,0,0,0
899260000,899180000,0.00020999217,0.0077935993,0.02534274,67109399,0,0.28379366,0.30021602,0.036306348,0.013356838,0.000686802,0.014915876,0.0,0.0,0.0,0.0,1310988,1310988,6620172,197644,0,0,895,2,1,2,0,5,0,0,0,0,0,0,0
899460000,899380000,0.00011306249,0.006707715,0.024518587,67109399,0,0.27822217,0.29687607,0.0071632033,0.018775923,0.00092753966,0.008342071,0.0,0.0,0.0,0.0,1310988,1310988,6620172,197644,0,0,895,2,1,2,0,5,0,0,0,0,0,0,0
899660000,899580000,0.00020680153,0.0063415067,0.0235763,67109399,0,0.27299008,0.29268968,0.028731944,0.01159691,0.0006632491,0.008587108,0.0,0.0,0.0,0.0,1310988,1310988,6620172,197644,0,0,895,2,1,2,0,5,0,0,0,0,0,0,0
899860000,899780000,0.00011051662,0.0059365216,0.021016642,67109399,0,0.27299246,0.28966612,0.001433766,0.01159691,0.0006632491,0.0012382385,0.0,0.0,0.0,0.0,1310988,1310988,6620172,197644,0,0,895,2,1,2,0,5,0,0,0,0,0,0,0
900060000,899980000,0.00012013742,0.0063961428,0.02058225,67109399,0,0.26804668,0.285778,0.011318941,0.007462221,0.00090867066,0.010157099,0.0,0.0,0.0,0.0,1310988,1310988,6620172,197644,0,0,895,2,1,2,0,5,0,0,0,0,0,0,0
